solid OpenSCAD_Model
  facet normal -0 0.0246365 0.999696
    outer loop
      vertex 8 0.523454 10.6551
      vertex 37.6237 0 10.668
      vertex 37.6237 0.523454 10.6551
    endloop
  endfacet
  facet normal 0 0.0246365 0.999696
    outer loop
      vertex 37.6237 0 10.668
      vertex 8 0.523454 10.6551
      vertex 8 0 10.668
    endloop
  endfacet
  facet normal -0 0.0246365 0.999696
    outer loop
      vertex 134.99 0.523454 10.6551
      vertex 164.614 0 10.668
      vertex 164.614 0.523454 10.6551
    endloop
  endfacet
  facet normal 0 0.0246365 0.999696
    outer loop
      vertex 164.614 0 10.668
      vertex 134.99 0.523454 10.6551
      vertex 134.99 0 10.668
    endloop
  endfacet
  facet normal -0 0.0246365 0.999696
    outer loop
      vertex 50.3237 0.523454 10.6551
      vertex 79.957 0 10.668
      vertex 79.957 0.523454 10.6551
    endloop
  endfacet
  facet normal 0 0.0246365 0.999696
    outer loop
      vertex 79.957 0 10.668
      vertex 50.3237 0.523454 10.6551
      vertex 50.3237 0 10.668
    endloop
  endfacet
  facet normal -0 0.0246365 0.999696
    outer loop
      vertex 92.657 0.523454 10.6551
      vertex 122.29 0 10.668
      vertex 122.29 0.523454 10.6551
    endloop
  endfacet
  facet normal 0 0.0246365 0.999696
    outer loop
      vertex 122.29 0 10.668
      vertex 92.657 0.523454 10.6551
      vertex 92.657 0 10.668
    endloop
  endfacet
  facet normal 0 0.999696 0.0246365
    outer loop
      vertex 37.6237 10.668 0
      vertex 8 10.6551 0.523454
      vertex 37.6237 10.6551 0.523454
    endloop
  endfacet
  facet normal 0 0.999696 0.0246365
    outer loop
      vertex 8 10.6551 0.523454
      vertex 37.6237 10.668 0
      vertex 8 10.668 0
    endloop
  endfacet
  facet normal 0 0.999696 0.0246365
    outer loop
      vertex 164.614 10.668 0
      vertex 134.99 10.6551 0.523454
      vertex 164.614 10.6551 0.523454
    endloop
  endfacet
  facet normal 0 0.999696 0.0246365
    outer loop
      vertex 134.99 10.6551 0.523454
      vertex 164.614 10.668 0
      vertex 134.99 10.668 0
    endloop
  endfacet
  facet normal 0 0.999696 0.0246365
    outer loop
      vertex 79.957 10.668 0
      vertex 50.3237 10.6551 0.523454
      vertex 79.957 10.6551 0.523454
    endloop
  endfacet
  facet normal 0 0.999696 0.0246365
    outer loop
      vertex 50.3237 10.6551 0.523454
      vertex 79.957 10.668 0
      vertex 50.3237 10.668 0
    endloop
  endfacet
  facet normal 0 0.999696 0.0246365
    outer loop
      vertex 122.29 10.668 0
      vertex 92.657 10.6551 0.523454
      vertex 122.29 10.6551 0.523454
    endloop
  endfacet
  facet normal 0 0.999696 0.0246365
    outer loop
      vertex 92.657 10.6551 0.523454
      vertex 122.29 10.668 0
      vertex 92.657 10.668 0
    endloop
  endfacet
  facet normal 0 0.724254 0.689534
    outer loop
      vertex 37.6237 7.90447 7.16419
      vertex 8 7.54342 7.54342
      vertex 37.6237 7.54342 7.54342
    endloop
  endfacet
  facet normal 0 0.724254 0.689534
    outer loop
      vertex 8 7.54342 7.54342
      vertex 37.6237 7.90447 7.16419
      vertex 8 7.90447 7.16419
    endloop
  endfacet
  facet normal 0 0.724254 0.689534
    outer loop
      vertex 164.614 7.90447 7.16419
      vertex 134.99 7.54342 7.54342
      vertex 164.614 7.54342 7.54342
    endloop
  endfacet
  facet normal 0 0.724254 0.689534
    outer loop
      vertex 134.99 7.54342 7.54342
      vertex 164.614 7.90447 7.16419
      vertex 134.99 7.90447 7.16419
    endloop
  endfacet
  facet normal 0 0.724254 0.689534
    outer loop
      vertex 79.957 7.90447 7.16419
      vertex 50.3237 7.54342 7.54342
      vertex 79.957 7.54342 7.54342
    endloop
  endfacet
  facet normal 0 0.724254 0.689534
    outer loop
      vertex 50.3237 7.54342 7.54342
      vertex 79.957 7.90447 7.16419
      vertex 50.3237 7.90447 7.16419
    endloop
  endfacet
  facet normal 0 0.724254 0.689534
    outer loop
      vertex 122.29 7.90447 7.16419
      vertex 92.657 7.54342 7.54342
      vertex 122.29 7.54342 7.54342
    endloop
  endfacet
  facet normal 0 0.724254 0.689534
    outer loop
      vertex 92.657 7.54342 7.54342
      vertex 122.29 7.90447 7.16419
      vertex 92.657 7.90447 7.16419
    endloop
  endfacet
  facet normal 0 0.932991 0.3599
    outer loop
      vertex 37.6237 10.0444 3.59394
      vertex 8 9.85595 4.08247
      vertex 37.6237 9.85595 4.08247
    endloop
  endfacet
  facet normal 0 0.932991 0.3599
    outer loop
      vertex 8 9.85595 4.08247
      vertex 37.6237 10.0444 3.59394
      vertex 8 10.0444 3.59394
    endloop
  endfacet
  facet normal 0 0.932991 0.3599
    outer loop
      vertex 164.614 10.0444 3.59394
      vertex 134.99 9.85595 4.08247
      vertex 164.614 9.85595 4.08247
    endloop
  endfacet
  facet normal 0 0.932991 0.3599
    outer loop
      vertex 134.99 9.85595 4.08247
      vertex 164.614 10.0444 3.59394
      vertex 134.99 10.0444 3.59394
    endloop
  endfacet
  facet normal 0 0.932991 0.3599
    outer loop
      vertex 79.957 10.0444 3.59394
      vertex 50.3237 9.85595 4.08247
      vertex 79.957 9.85595 4.08247
    endloop
  endfacet
  facet normal 0 0.932991 0.3599
    outer loop
      vertex 50.3237 9.85595 4.08247
      vertex 79.957 10.0444 3.59394
      vertex 50.3237 10.0444 3.59394
    endloop
  endfacet
  facet normal 0 0.932991 0.3599
    outer loop
      vertex 122.29 10.0444 3.59394
      vertex 92.657 9.85595 4.08247
      vertex 122.29 9.85595 4.08247
    endloop
  endfacet
  facet normal 0 0.932991 0.3599
    outer loop
      vertex 92.657 9.85595 4.08247
      vertex 122.29 10.0444 3.59394
      vertex 92.657 10.0444 3.59394
    endloop
  endfacet
  facet normal -0 0.405243 0.914209
    outer loop
      vertex 8 4.56116 9.64376
      vertex 37.6237 4.08247 9.85595
      vertex 37.6237 4.56116 9.64376
    endloop
  endfacet
  facet normal 0 0.405243 0.914209
    outer loop
      vertex 37.6237 4.08247 9.85595
      vertex 8 4.56116 9.64376
      vertex 8 4.08247 9.85595
    endloop
  endfacet
  facet normal -0 0.405243 0.914209
    outer loop
      vertex 134.99 4.56116 9.64376
      vertex 164.614 4.08247 9.85595
      vertex 164.614 4.56116 9.64376
    endloop
  endfacet
  facet normal 0 0.405243 0.914209
    outer loop
      vertex 164.614 4.08247 9.85595
      vertex 134.99 4.56116 9.64376
      vertex 134.99 4.08247 9.85595
    endloop
  endfacet
  facet normal -0 0.405243 0.914209
    outer loop
      vertex 50.3237 4.56116 9.64376
      vertex 79.957 4.08247 9.85595
      vertex 79.957 4.56116 9.64376
    endloop
  endfacet
  facet normal 0 0.405243 0.914209
    outer loop
      vertex 79.957 4.08247 9.85595
      vertex 50.3237 4.56116 9.64376
      vertex 50.3237 4.08247 9.85595
    endloop
  endfacet
  facet normal -0 0.405243 0.914209
    outer loop
      vertex 92.657 4.56116 9.64376
      vertex 122.29 4.08247 9.85595
      vertex 122.29 4.56116 9.64376
    endloop
  endfacet
  facet normal 0 0.405243 0.914209
    outer loop
      vertex 122.29 4.08247 9.85595
      vertex 92.657 4.56116 9.64376
      vertex 92.657 4.08247 9.85595
    endloop
  endfacet
  facet normal 0 0.975712 0.219057
    outer loop
      vertex 37.6237 10.463 2.08122
      vertex 8 10.3483 2.59211
      vertex 37.6237 10.3483 2.59211
    endloop
  endfacet
  facet normal 0 0.975712 0.219057
    outer loop
      vertex 8 10.3483 2.59211
      vertex 37.6237 10.463 2.08122
      vertex 8 10.463 2.08122
    endloop
  endfacet
  facet normal 0 0.975712 0.219057
    outer loop
      vertex 164.614 10.463 2.08122
      vertex 134.99 10.3483 2.59211
      vertex 164.614 10.3483 2.59211
    endloop
  endfacet
  facet normal 0 0.975712 0.219057
    outer loop
      vertex 134.99 10.3483 2.59211
      vertex 164.614 10.463 2.08122
      vertex 134.99 10.463 2.08122
    endloop
  endfacet
  facet normal 0 0.975712 0.219057
    outer loop
      vertex 79.957 10.463 2.08122
      vertex 50.3237 10.3483 2.59211
      vertex 79.957 10.3483 2.59211
    endloop
  endfacet
  facet normal 0 0.975712 0.219057
    outer loop
      vertex 50.3237 10.3483 2.59211
      vertex 79.957 10.463 2.08122
      vertex 50.3237 10.463 2.08122
    endloop
  endfacet
  facet normal 0 0.975712 0.219057
    outer loop
      vertex 122.29 10.463 2.08122
      vertex 92.657 10.3483 2.59211
      vertex 122.29 10.3483 2.59211
    endloop
  endfacet
  facet normal 0 0.975712 0.219057
    outer loop
      vertex 92.657 10.3483 2.59211
      vertex 122.29 10.463 2.08122
      vertex 92.657 10.463 2.08122
    endloop
  endfacet
  facet normal -0 0.219057 0.975712
    outer loop
      vertex 8 2.59211 10.3483
      vertex 37.6237 2.08122 10.463
      vertex 37.6237 2.59211 10.3483
    endloop
  endfacet
  facet normal 0 0.219057 0.975712
    outer loop
      vertex 37.6237 2.08122 10.463
      vertex 8 2.59211 10.3483
      vertex 8 2.08122 10.463
    endloop
  endfacet
  facet normal -0 0.219057 0.975712
    outer loop
      vertex 134.99 2.59211 10.3483
      vertex 164.614 2.08122 10.463
      vertex 164.614 2.59211 10.3483
    endloop
  endfacet
  facet normal 0 0.219057 0.975712
    outer loop
      vertex 164.614 2.08122 10.463
      vertex 134.99 2.59211 10.3483
      vertex 134.99 2.08122 10.463
    endloop
  endfacet
  facet normal -0 0.219057 0.975712
    outer loop
      vertex 50.3237 2.59211 10.3483
      vertex 79.957 2.08122 10.463
      vertex 79.957 2.59211 10.3483
    endloop
  endfacet
  facet normal 0 0.219057 0.975712
    outer loop
      vertex 79.957 2.08122 10.463
      vertex 50.3237 2.59211 10.3483
      vertex 50.3237 2.08122 10.463
    endloop
  endfacet
  facet normal -0 0.219057 0.975712
    outer loop
      vertex 92.657 2.59211 10.3483
      vertex 122.29 2.08122 10.463
      vertex 122.29 2.59211 10.3483
    endloop
  endfacet
  facet normal 0 0.219057 0.975712
    outer loop
      vertex 122.29 2.08122 10.463
      vertex 92.657 2.59211 10.3483
      vertex 92.657 2.08122 10.463
    endloop
  endfacet
  facet normal -0 0.575806 0.817587
    outer loop
      vertex 8 6.35492 8.56862
      vertex 37.6237 5.92682 8.87012
      vertex 37.6237 6.35492 8.56862
    endloop
  endfacet
  facet normal 0 0.575806 0.817587
    outer loop
      vertex 37.6237 5.92682 8.87012
      vertex 8 6.35492 8.56862
      vertex 8 5.92682 8.87012
    endloop
  endfacet
  facet normal -0 0.575806 0.817587
    outer loop
      vertex 134.99 6.35492 8.56862
      vertex 164.614 5.92682 8.87012
      vertex 164.614 6.35492 8.56862
    endloop
  endfacet
  facet normal 0 0.575806 0.817587
    outer loop
      vertex 164.614 5.92682 8.87012
      vertex 134.99 6.35492 8.56862
      vertex 134.99 5.92682 8.87012
    endloop
  endfacet
  facet normal -0 0.575806 0.817587
    outer loop
      vertex 50.3237 6.35492 8.56862
      vertex 79.957 5.92682 8.87012
      vertex 79.957 6.35492 8.56862
    endloop
  endfacet
  facet normal 0 0.575806 0.817587
    outer loop
      vertex 79.957 5.92682 8.87012
      vertex 50.3237 6.35492 8.56862
      vertex 50.3237 5.92682 8.87012
    endloop
  endfacet
  facet normal -0 0.575806 0.817587
    outer loop
      vertex 92.657 6.35492 8.56862
      vertex 122.29 5.92682 8.87012
      vertex 122.29 6.35492 8.56862
    endloop
  endfacet
  facet normal 0 0.575806 0.817587
    outer loop
      vertex 122.29 5.92682 8.87012
      vertex 92.657 6.35492 8.56862
      vertex 92.657 5.92682 8.87012
    endloop
  endfacet
  facet normal 0 0.844852 0.535001
    outer loop
      vertex 37.6237 9.15025 5.48445
      vertex 8 8.87012 5.92682
      vertex 37.6237 8.87012 5.92682
    endloop
  endfacet
  facet normal 0 0.844852 0.535001
    outer loop
      vertex 8 8.87012 5.92682
      vertex 37.6237 9.15025 5.48445
      vertex 8 9.15025 5.48445
    endloop
  endfacet
  facet normal 0 0.844852 0.535001
    outer loop
      vertex 164.614 9.15025 5.48445
      vertex 134.99 8.87012 5.92682
      vertex 164.614 8.87012 5.92682
    endloop
  endfacet
  facet normal 0 0.844852 0.535001
    outer loop
      vertex 134.99 8.87012 5.92682
      vertex 164.614 9.15025 5.48445
      vertex 134.99 9.15025 5.48445
    endloop
  endfacet
  facet normal 0 0.844852 0.535001
    outer loop
      vertex 79.957 9.15025 5.48445
      vertex 50.3237 8.87012 5.92682
      vertex 79.957 8.87012 5.92682
    endloop
  endfacet
  facet normal 0 0.844852 0.535001
    outer loop
      vertex 50.3237 8.87012 5.92682
      vertex 79.957 9.15025 5.48445
      vertex 50.3237 9.15025 5.48445
    endloop
  endfacet
  facet normal 0 0.844852 0.535001
    outer loop
      vertex 122.29 9.15025 5.48445
      vertex 92.657 8.87012 5.92682
      vertex 122.29 8.87012 5.92682
    endloop
  endfacet
  facet normal 0 0.844852 0.535001
    outer loop
      vertex 92.657 8.87012 5.92682
      vertex 122.29 9.15025 5.48445
      vertex 92.657 9.15025 5.48445
    endloop
  endfacet
  facet normal 0 0.963754 0.266792
    outer loop
      vertex 37.6237 10.3483 2.59211
      vertex 8 10.2086 3.09676
      vertex 37.6237 10.2086 3.09676
    endloop
  endfacet
  facet normal 0 0.963754 0.266792
    outer loop
      vertex 8 10.2086 3.09676
      vertex 37.6237 10.3483 2.59211
      vertex 8 10.3483 2.59211
    endloop
  endfacet
  facet normal 0 0.963754 0.266792
    outer loop
      vertex 164.614 10.3483 2.59211
      vertex 134.99 10.2086 3.09676
      vertex 164.614 10.2086 3.09676
    endloop
  endfacet
  facet normal 0 0.963754 0.266792
    outer loop
      vertex 134.99 10.2086 3.09676
      vertex 164.614 10.3483 2.59211
      vertex 134.99 10.3483 2.59211
    endloop
  endfacet
  facet normal 0 0.963754 0.266792
    outer loop
      vertex 79.957 10.3483 2.59211
      vertex 50.3237 10.2086 3.09676
      vertex 79.957 10.2086 3.09676
    endloop
  endfacet
  facet normal 0 0.963754 0.266792
    outer loop
      vertex 50.3237 10.2086 3.09676
      vertex 79.957 10.3483 2.59211
      vertex 50.3237 10.3483 2.59211
    endloop
  endfacet
  facet normal 0 0.963754 0.266792
    outer loop
      vertex 122.29 10.3483 2.59211
      vertex 92.657 10.2086 3.09676
      vertex 122.29 10.2086 3.09676
    endloop
  endfacet
  facet normal 0 0.963754 0.266792
    outer loop
      vertex 92.657 10.2086 3.09676
      vertex 122.29 10.3483 2.59211
      vertex 92.657 10.3483 2.59211
    endloop
  endfacet
  facet normal 0 0.992478 0.12242
    outer loop
      vertex 37.6237 10.6166 1.04565
      vertex 8 10.5525 1.56532
      vertex 37.6237 10.5525 1.56532
    endloop
  endfacet
  facet normal 0 0.992478 0.12242
    outer loop
      vertex 8 10.5525 1.56532
      vertex 37.6237 10.6166 1.04565
      vertex 8 10.6166 1.04565
    endloop
  endfacet
  facet normal 0 0.992478 0.12242
    outer loop
      vertex 164.614 10.6166 1.04565
      vertex 134.99 10.5525 1.56532
      vertex 164.614 10.5525 1.56532
    endloop
  endfacet
  facet normal 0 0.992478 0.12242
    outer loop
      vertex 134.99 10.5525 1.56532
      vertex 164.614 10.6166 1.04565
      vertex 134.99 10.6166 1.04565
    endloop
  endfacet
  facet normal 0 0.992478 0.12242
    outer loop
      vertex 79.957 10.6166 1.04565
      vertex 50.3237 10.5525 1.56532
      vertex 79.957 10.5525 1.56532
    endloop
  endfacet
  facet normal 0 0.992478 0.12242
    outer loop
      vertex 50.3237 10.5525 1.56532
      vertex 79.957 10.6166 1.04565
      vertex 50.3237 10.6166 1.04565
    endloop
  endfacet
  facet normal 0 0.992478 0.12242
    outer loop
      vertex 122.29 10.6166 1.04565
      vertex 92.657 10.5525 1.56532
      vertex 122.29 10.5525 1.56532
    endloop
  endfacet
  facet normal 0 0.992478 0.12242
    outer loop
      vertex 92.657 10.5525 1.56532
      vertex 122.29 10.6166 1.04565
      vertex 92.657 10.6166 1.04565
    endloop
  endfacet
  facet normal -0 0.12242 0.992478
    outer loop
      vertex 8 1.56532 10.5525
      vertex 37.6237 1.04565 10.6166
      vertex 37.6237 1.56532 10.5525
    endloop
  endfacet
  facet normal 0 0.12242 0.992478
    outer loop
      vertex 37.6237 1.04565 10.6166
      vertex 8 1.56532 10.5525
      vertex 8 1.04565 10.6166
    endloop
  endfacet
  facet normal -0 0.12242 0.992478
    outer loop
      vertex 134.99 1.56532 10.5525
      vertex 164.614 1.04565 10.6166
      vertex 164.614 1.56532 10.5525
    endloop
  endfacet
  facet normal 0 0.12242 0.992478
    outer loop
      vertex 164.614 1.04565 10.6166
      vertex 134.99 1.56532 10.5525
      vertex 134.99 1.04565 10.6166
    endloop
  endfacet
  facet normal -0 0.12242 0.992478
    outer loop
      vertex 50.3237 1.56532 10.5525
      vertex 79.957 1.04565 10.6166
      vertex 79.957 1.56532 10.5525
    endloop
  endfacet
  facet normal 0 0.12242 0.992478
    outer loop
      vertex 79.957 1.04565 10.6166
      vertex 50.3237 1.56532 10.5525
      vertex 50.3237 1.04565 10.6166
    endloop
  endfacet
  facet normal -0 0.12242 0.992478
    outer loop
      vertex 92.657 1.56532 10.5525
      vertex 122.29 1.04565 10.6166
      vertex 122.29 1.56532 10.5525
    endloop
  endfacet
  facet normal 0 0.12242 0.992478
    outer loop
      vertex 122.29 1.04565 10.6166
      vertex 92.657 1.56532 10.5525
      vertex 92.657 1.04565 10.6166
    endloop
  endfacet
  facet normal -0 0.653177 0.757205
    outer loop
      vertex 134.99 7.16419 7.90447
      vertex 164.614 6.76771 8.24648
      vertex 164.614 7.16419 7.90447
    endloop
  endfacet
  facet normal 0 0.653177 0.757205
    outer loop
      vertex 164.614 6.76771 8.24648
      vertex 134.99 7.16419 7.90447
      vertex 134.99 6.76771 8.24648
    endloop
  endfacet
  facet normal -0 0.653177 0.757205
    outer loop
      vertex 8 7.16419 7.90447
      vertex 37.6237 6.76771 8.24648
      vertex 37.6237 7.16419 7.90447
    endloop
  endfacet
  facet normal 0 0.653177 0.757205
    outer loop
      vertex 37.6237 6.76771 8.24648
      vertex 8 7.16419 7.90447
      vertex 8 6.76771 8.24648
    endloop
  endfacet
  facet normal -0 0.653177 0.757205
    outer loop
      vertex 50.3237 7.16419 7.90447
      vertex 79.957 6.76771 8.24648
      vertex 79.957 7.16419 7.90447
    endloop
  endfacet
  facet normal 0 0.653177 0.757205
    outer loop
      vertex 79.957 6.76771 8.24648
      vertex 50.3237 7.16419 7.90447
      vertex 50.3237 6.76771 8.24648
    endloop
  endfacet
  facet normal -0 0.653177 0.757205
    outer loop
      vertex 92.657 7.16419 7.90447
      vertex 122.29 6.76771 8.24648
      vertex 122.29 7.16419 7.90447
    endloop
  endfacet
  facet normal 0 0.653177 0.757205
    outer loop
      vertex 122.29 6.76771 8.24648
      vertex 92.657 7.16419 7.90447
      vertex 92.657 6.76771 8.24648
    endloop
  endfacet
  facet normal -0 0.689534 0.724254
    outer loop
      vertex 8 7.54342 7.54342
      vertex 37.6237 7.16419 7.90447
      vertex 37.6237 7.54342 7.54342
    endloop
  endfacet
  facet normal 0 0.689534 0.724254
    outer loop
      vertex 37.6237 7.16419 7.90447
      vertex 8 7.54342 7.54342
      vertex 8 7.16419 7.90447
    endloop
  endfacet
  facet normal -0 0.689534 0.724254
    outer loop
      vertex 134.99 7.54342 7.54342
      vertex 164.614 7.16419 7.90447
      vertex 164.614 7.54342 7.54342
    endloop
  endfacet
  facet normal 0 0.689534 0.724254
    outer loop
      vertex 164.614 7.16419 7.90447
      vertex 134.99 7.54342 7.54342
      vertex 134.99 7.16419 7.90447
    endloop
  endfacet
  facet normal -0 0.689534 0.724254
    outer loop
      vertex 50.3237 7.54342 7.54342
      vertex 79.957 7.16419 7.90447
      vertex 79.957 7.54342 7.54342
    endloop
  endfacet
  facet normal 0 0.689534 0.724254
    outer loop
      vertex 79.957 7.16419 7.90447
      vertex 50.3237 7.54342 7.54342
      vertex 50.3237 7.16419 7.90447
    endloop
  endfacet
  facet normal -0 0.689534 0.724254
    outer loop
      vertex 92.657 7.54342 7.54342
      vertex 122.29 7.16419 7.90447
      vertex 122.29 7.54342 7.54342
    endloop
  endfacet
  facet normal 0 0.689534 0.724254
    outer loop
      vertex 122.29 7.16419 7.90447
      vertex 92.657 7.54342 7.54342
      vertex 92.657 7.16419 7.90447
    endloop
  endfacet
  facet normal -0 0.615226 0.788351
    outer loop
      vertex 8 6.76771 8.24648
      vertex 37.6237 6.35492 8.56862
      vertex 37.6237 6.76771 8.24648
    endloop
  endfacet
  facet normal 0 0.615226 0.788351
    outer loop
      vertex 37.6237 6.35492 8.56862
      vertex 8 6.76771 8.24648
      vertex 8 6.35492 8.56862
    endloop
  endfacet
  facet normal -0 0.615226 0.788351
    outer loop
      vertex 134.99 6.76771 8.24648
      vertex 164.614 6.35492 8.56862
      vertex 164.614 6.76771 8.24648
    endloop
  endfacet
  facet normal 0 0.615226 0.788351
    outer loop
      vertex 164.614 6.35492 8.56862
      vertex 134.99 6.76771 8.24648
      vertex 134.99 6.35492 8.56862
    endloop
  endfacet
  facet normal -0 0.615226 0.788351
    outer loop
      vertex 50.3237 6.76771 8.24648
      vertex 79.957 6.35492 8.56862
      vertex 79.957 6.76771 8.24648
    endloop
  endfacet
  facet normal 0 0.615226 0.788351
    outer loop
      vertex 79.957 6.35492 8.56862
      vertex 50.3237 6.76771 8.24648
      vertex 50.3237 6.35492 8.56862
    endloop
  endfacet
  facet normal -0 0.615226 0.788351
    outer loop
      vertex 92.657 6.76771 8.24648
      vertex 122.29 6.35492 8.56862
      vertex 122.29 6.76771 8.24648
    endloop
  endfacet
  facet normal 0 0.615226 0.788351
    outer loop
      vertex 122.29 6.35492 8.56862
      vertex 92.657 6.76771 8.24648
      vertex 92.657 6.35492 8.56862
    endloop
  endfacet
  facet normal -0 0.4929 0.870086
    outer loop
      vertex 8 5.48445 9.15025
      vertex 37.6237 5.02886 9.40834
      vertex 37.6237 5.48445 9.15025
    endloop
  endfacet
  facet normal 0 0.4929 0.870086
    outer loop
      vertex 37.6237 5.02886 9.40834
      vertex 8 5.48445 9.15025
      vertex 8 5.02886 9.40834
    endloop
  endfacet
  facet normal -0 0.4929 0.870086
    outer loop
      vertex 134.99 5.48445 9.15025
      vertex 164.614 5.02886 9.40834
      vertex 164.614 5.48445 9.15025
    endloop
  endfacet
  facet normal 0 0.4929 0.870086
    outer loop
      vertex 164.614 5.02886 9.40834
      vertex 134.99 5.48445 9.15025
      vertex 134.99 5.02886 9.40834
    endloop
  endfacet
  facet normal -0 0.4929 0.870086
    outer loop
      vertex 50.3237 5.48445 9.15025
      vertex 79.957 5.02886 9.40834
      vertex 79.957 5.48445 9.15025
    endloop
  endfacet
  facet normal 0 0.4929 0.870086
    outer loop
      vertex 79.957 5.02886 9.40834
      vertex 50.3237 5.48445 9.15025
      vertex 50.3237 5.02886 9.40834
    endloop
  endfacet
  facet normal -0 0.4929 0.870086
    outer loop
      vertex 92.657 5.48445 9.15025
      vertex 122.29 5.02886 9.40834
      vertex 122.29 5.48445 9.15025
    endloop
  endfacet
  facet normal 0 0.4929 0.870086
    outer loop
      vertex 122.29 5.02886 9.40834
      vertex 92.657 5.48445 9.15025
      vertex 92.657 5.02886 9.40834
    endloop
  endfacet
  facet normal -0 0.449611 0.893225
    outer loop
      vertex 8 5.02886 9.40834
      vertex 37.6237 4.56116 9.64376
      vertex 37.6237 5.02886 9.40834
    endloop
  endfacet
  facet normal 0 0.449611 0.893225
    outer loop
      vertex 37.6237 4.56116 9.64376
      vertex 8 5.02886 9.40834
      vertex 8 4.56116 9.64376
    endloop
  endfacet
  facet normal -0 0.449611 0.893225
    outer loop
      vertex 134.99 5.02886 9.40834
      vertex 164.614 4.56116 9.64376
      vertex 164.614 5.02886 9.40834
    endloop
  endfacet
  facet normal 0 0.449611 0.893225
    outer loop
      vertex 164.614 4.56116 9.64376
      vertex 134.99 5.02886 9.40834
      vertex 134.99 4.56116 9.64376
    endloop
  endfacet
  facet normal -0 0.449611 0.893225
    outer loop
      vertex 50.3237 5.02886 9.40834
      vertex 79.957 4.56116 9.64376
      vertex 79.957 5.02886 9.40834
    endloop
  endfacet
  facet normal 0 0.449611 0.893225
    outer loop
      vertex 79.957 4.56116 9.64376
      vertex 50.3237 5.02886 9.40834
      vertex 50.3237 4.56116 9.64376
    endloop
  endfacet
  facet normal -0 0.449611 0.893225
    outer loop
      vertex 92.657 5.02886 9.40834
      vertex 122.29 4.56116 9.64376
      vertex 122.29 5.02886 9.40834
    endloop
  endfacet
  facet normal 0 0.449611 0.893225
    outer loop
      vertex 122.29 4.56116 9.64376
      vertex 92.657 5.02886 9.40834
      vertex 92.657 4.56116 9.64376
    endloop
  endfacet
  facet normal -0 0.535001 0.844852
    outer loop
      vertex 8 5.92682 8.87012
      vertex 37.6237 5.48445 9.15025
      vertex 37.6237 5.92682 8.87012
    endloop
  endfacet
  facet normal 0 0.535001 0.844852
    outer loop
      vertex 37.6237 5.48445 9.15025
      vertex 8 5.92682 8.87012
      vertex 8 5.48445 9.15025
    endloop
  endfacet
  facet normal -0 0.535001 0.844852
    outer loop
      vertex 134.99 5.92682 8.87012
      vertex 164.614 5.48445 9.15025
      vertex 164.614 5.92682 8.87012
    endloop
  endfacet
  facet normal 0 0.535001 0.844852
    outer loop
      vertex 164.614 5.48445 9.15025
      vertex 134.99 5.92682 8.87012
      vertex 134.99 5.48445 9.15025
    endloop
  endfacet
  facet normal -0 0.535001 0.844852
    outer loop
      vertex 50.3237 5.92682 8.87012
      vertex 79.957 5.48445 9.15025
      vertex 79.957 5.92682 8.87012
    endloop
  endfacet
  facet normal 0 0.535001 0.844852
    outer loop
      vertex 79.957 5.48445 9.15025
      vertex 50.3237 5.92682 8.87012
      vertex 50.3237 5.48445 9.15025
    endloop
  endfacet
  facet normal -0 0.535001 0.844852
    outer loop
      vertex 92.657 5.92682 8.87012
      vertex 122.29 5.48445 9.15025
      vertex 122.29 5.92682 8.87012
    endloop
  endfacet
  facet normal 0 0.535001 0.844852
    outer loop
      vertex 122.29 5.48445 9.15025
      vertex 92.657 5.92682 8.87012
      vertex 92.657 5.48445 9.15025
    endloop
  endfacet
  facet normal -0 0.313602 0.949554
    outer loop
      vertex 8 3.59394 10.0444
      vertex 37.6237 3.09676 10.2086
      vertex 37.6237 3.59394 10.0444
    endloop
  endfacet
  facet normal 0 0.313602 0.949554
    outer loop
      vertex 37.6237 3.09676 10.2086
      vertex 8 3.59394 10.0444
      vertex 8 3.09676 10.2086
    endloop
  endfacet
  facet normal -0 0.313602 0.949554
    outer loop
      vertex 134.99 3.59394 10.0444
      vertex 164.614 3.09676 10.2086
      vertex 164.614 3.59394 10.0444
    endloop
  endfacet
  facet normal 0 0.313602 0.949554
    outer loop
      vertex 164.614 3.09676 10.2086
      vertex 134.99 3.59394 10.0444
      vertex 134.99 3.09676 10.2086
    endloop
  endfacet
  facet normal -0 0.313602 0.949554
    outer loop
      vertex 50.3237 3.59394 10.0444
      vertex 79.957 3.09676 10.2086
      vertex 79.957 3.59394 10.0444
    endloop
  endfacet
  facet normal 0 0.313602 0.949554
    outer loop
      vertex 79.957 3.09676 10.2086
      vertex 50.3237 3.59394 10.0444
      vertex 50.3237 3.09676 10.2086
    endloop
  endfacet
  facet normal -0 0.313602 0.949554
    outer loop
      vertex 92.657 3.59394 10.0444
      vertex 122.29 3.09676 10.2086
      vertex 122.29 3.59394 10.0444
    endloop
  endfacet
  facet normal 0 0.313602 0.949554
    outer loop
      vertex 122.29 3.09676 10.2086
      vertex 92.657 3.59394 10.0444
      vertex 92.657 3.09676 10.2086
    endloop
  endfacet
  facet normal -0 0.3599 0.932991
    outer loop
      vertex 8 4.08247 9.85595
      vertex 37.6237 3.59394 10.0444
      vertex 37.6237 4.08247 9.85595
    endloop
  endfacet
  facet normal 0 0.3599 0.932991
    outer loop
      vertex 37.6237 3.59394 10.0444
      vertex 8 4.08247 9.85595
      vertex 8 3.59394 10.0444
    endloop
  endfacet
  facet normal -0 0.3599 0.932991
    outer loop
      vertex 134.99 4.08247 9.85595
      vertex 164.614 3.59394 10.0444
      vertex 164.614 4.08247 9.85595
    endloop
  endfacet
  facet normal 0 0.3599 0.932991
    outer loop
      vertex 164.614 3.59394 10.0444
      vertex 134.99 4.08247 9.85595
      vertex 134.99 3.59394 10.0444
    endloop
  endfacet
  facet normal -0 0.3599 0.932991
    outer loop
      vertex 50.3237 4.08247 9.85595
      vertex 79.957 3.59394 10.0444
      vertex 79.957 4.08247 9.85595
    endloop
  endfacet
  facet normal 0 0.3599 0.932991
    outer loop
      vertex 79.957 3.59394 10.0444
      vertex 50.3237 4.08247 9.85595
      vertex 50.3237 3.59394 10.0444
    endloop
  endfacet
  facet normal -0 0.3599 0.932991
    outer loop
      vertex 92.657 4.08247 9.85595
      vertex 122.29 3.59394 10.0444
      vertex 122.29 4.08247 9.85595
    endloop
  endfacet
  facet normal 0 0.3599 0.932991
    outer loop
      vertex 122.29 3.59394 10.0444
      vertex 92.657 4.08247 9.85595
      vertex 92.657 3.59394 10.0444
    endloop
  endfacet
  facet normal -0 0.266792 0.963754
    outer loop
      vertex 8 3.09676 10.2086
      vertex 37.6237 2.59211 10.3483
      vertex 37.6237 3.09676 10.2086
    endloop
  endfacet
  facet normal 0 0.266792 0.963754
    outer loop
      vertex 37.6237 2.59211 10.3483
      vertex 8 3.09676 10.2086
      vertex 8 2.59211 10.3483
    endloop
  endfacet
  facet normal -0 0.266792 0.963754
    outer loop
      vertex 134.99 3.09676 10.2086
      vertex 164.614 2.59211 10.3483
      vertex 164.614 3.09676 10.2086
    endloop
  endfacet
  facet normal 0 0.266792 0.963754
    outer loop
      vertex 164.614 2.59211 10.3483
      vertex 134.99 3.09676 10.2086
      vertex 134.99 2.59211 10.3483
    endloop
  endfacet
  facet normal -0 0.266792 0.963754
    outer loop
      vertex 50.3237 3.09676 10.2086
      vertex 79.957 2.59211 10.3483
      vertex 79.957 3.09676 10.2086
    endloop
  endfacet
  facet normal 0 0.266792 0.963754
    outer loop
      vertex 79.957 2.59211 10.3483
      vertex 50.3237 3.09676 10.2086
      vertex 50.3237 2.59211 10.3483
    endloop
  endfacet
  facet normal -0 0.266792 0.963754
    outer loop
      vertex 92.657 3.09676 10.2086
      vertex 122.29 2.59211 10.3483
      vertex 122.29 3.09676 10.2086
    endloop
  endfacet
  facet normal 0 0.266792 0.963754
    outer loop
      vertex 122.29 2.59211 10.3483
      vertex 92.657 3.09676 10.2086
      vertex 92.657 2.59211 10.3483
    endloop
  endfacet
  facet normal -0 0.0735275 0.997293
    outer loop
      vertex 8 1.04565 10.6166
      vertex 37.6237 0.523454 10.6551
      vertex 37.6237 1.04565 10.6166
    endloop
  endfacet
  facet normal 0 0.0735275 0.997293
    outer loop
      vertex 37.6237 0.523454 10.6551
      vertex 8 1.04565 10.6166
      vertex 8 0.523454 10.6551
    endloop
  endfacet
  facet normal -0 0.0735275 0.997293
    outer loop
      vertex 134.99 1.04565 10.6166
      vertex 164.614 0.523454 10.6551
      vertex 164.614 1.04565 10.6166
    endloop
  endfacet
  facet normal 0 0.0735275 0.997293
    outer loop
      vertex 164.614 0.523454 10.6551
      vertex 134.99 1.04565 10.6166
      vertex 134.99 0.523454 10.6551
    endloop
  endfacet
  facet normal -0 0.0735275 0.997293
    outer loop
      vertex 50.3237 1.04565 10.6166
      vertex 79.957 0.523454 10.6551
      vertex 79.957 1.04565 10.6166
    endloop
  endfacet
  facet normal 0 0.0735275 0.997293
    outer loop
      vertex 79.957 0.523454 10.6551
      vertex 50.3237 1.04565 10.6166
      vertex 50.3237 0.523454 10.6551
    endloop
  endfacet
  facet normal -0 0.0735275 0.997293
    outer loop
      vertex 92.657 1.04565 10.6166
      vertex 122.29 0.523454 10.6551
      vertex 122.29 1.04565 10.6166
    endloop
  endfacet
  facet normal 0 0.0735275 0.997293
    outer loop
      vertex 122.29 0.523454 10.6551
      vertex 92.657 1.04565 10.6166
      vertex 92.657 0.523454 10.6551
    endloop
  endfacet
  facet normal 0 0.788351 0.615226
    outer loop
      vertex 37.6237 8.56862 6.35492
      vertex 8 8.24648 6.76771
      vertex 37.6237 8.24648 6.76771
    endloop
  endfacet
  facet normal 0 0.788351 0.615226
    outer loop
      vertex 8 8.24648 6.76771
      vertex 37.6237 8.56862 6.35492
      vertex 8 8.56862 6.35492
    endloop
  endfacet
  facet normal 0 0.788351 0.615226
    outer loop
      vertex 164.614 8.56862 6.35492
      vertex 134.99 8.24648 6.76771
      vertex 164.614 8.24648 6.76771
    endloop
  endfacet
  facet normal 0 0.788351 0.615226
    outer loop
      vertex 134.99 8.24648 6.76771
      vertex 164.614 8.56862 6.35492
      vertex 134.99 8.56862 6.35492
    endloop
  endfacet
  facet normal 0 0.788351 0.615226
    outer loop
      vertex 79.957 8.56862 6.35492
      vertex 50.3237 8.24648 6.76771
      vertex 79.957 8.24648 6.76771
    endloop
  endfacet
  facet normal 0 0.788351 0.615226
    outer loop
      vertex 50.3237 8.24648 6.76771
      vertex 79.957 8.56862 6.35492
      vertex 50.3237 8.56862 6.35492
    endloop
  endfacet
  facet normal 0 0.788351 0.615226
    outer loop
      vertex 122.29 8.56862 6.35492
      vertex 92.657 8.24648 6.76771
      vertex 122.29 8.24648 6.76771
    endloop
  endfacet
  facet normal 0 0.788351 0.615226
    outer loop
      vertex 92.657 8.24648 6.76771
      vertex 122.29 8.56862 6.35492
      vertex 92.657 8.56862 6.35492
    endloop
  endfacet
  facet normal 0 0.893225 0.449611
    outer loop
      vertex 37.6237 9.64376 4.56116
      vertex 8 9.40834 5.02886
      vertex 37.6237 9.40834 5.02886
    endloop
  endfacet
  facet normal 0 0.893225 0.449611
    outer loop
      vertex 8 9.40834 5.02886
      vertex 37.6237 9.64376 4.56116
      vertex 8 9.64376 4.56116
    endloop
  endfacet
  facet normal 0 0.893225 0.449611
    outer loop
      vertex 164.614 9.64376 4.56116
      vertex 134.99 9.40834 5.02886
      vertex 164.614 9.40834 5.02886
    endloop
  endfacet
  facet normal 0 0.893225 0.449611
    outer loop
      vertex 134.99 9.40834 5.02886
      vertex 164.614 9.64376 4.56116
      vertex 134.99 9.64376 4.56116
    endloop
  endfacet
  facet normal 0 0.893225 0.449611
    outer loop
      vertex 79.957 9.64376 4.56116
      vertex 50.3237 9.40834 5.02886
      vertex 79.957 9.40834 5.02886
    endloop
  endfacet
  facet normal 0 0.893225 0.449611
    outer loop
      vertex 50.3237 9.40834 5.02886
      vertex 79.957 9.64376 4.56116
      vertex 50.3237 9.64376 4.56116
    endloop
  endfacet
  facet normal 0 0.893225 0.449611
    outer loop
      vertex 122.29 9.64376 4.56116
      vertex 92.657 9.40834 5.02886
      vertex 122.29 9.40834 5.02886
    endloop
  endfacet
  facet normal 0 0.893225 0.449611
    outer loop
      vertex 92.657 9.40834 5.02886
      vertex 122.29 9.64376 4.56116
      vertex 92.657 9.64376 4.56116
    endloop
  endfacet
  facet normal 0 0.914209 0.405243
    outer loop
      vertex 37.6237 9.85595 4.08247
      vertex 8 9.64376 4.56116
      vertex 37.6237 9.64376 4.56116
    endloop
  endfacet
  facet normal 0 0.914209 0.405243
    outer loop
      vertex 8 9.64376 4.56116
      vertex 37.6237 9.85595 4.08247
      vertex 8 9.85595 4.08247
    endloop
  endfacet
  facet normal 0 0.914209 0.405243
    outer loop
      vertex 164.614 9.85595 4.08247
      vertex 134.99 9.64376 4.56116
      vertex 164.614 9.64376 4.56116
    endloop
  endfacet
  facet normal 0 0.914209 0.405243
    outer loop
      vertex 134.99 9.64376 4.56116
      vertex 164.614 9.85595 4.08247
      vertex 134.99 9.85595 4.08247
    endloop
  endfacet
  facet normal 0 0.914209 0.405243
    outer loop
      vertex 79.957 9.85595 4.08247
      vertex 50.3237 9.64376 4.56116
      vertex 79.957 9.64376 4.56116
    endloop
  endfacet
  facet normal 0 0.914209 0.405243
    outer loop
      vertex 50.3237 9.64376 4.56116
      vertex 79.957 9.85595 4.08247
      vertex 50.3237 9.85595 4.08247
    endloop
  endfacet
  facet normal 0 0.914209 0.405243
    outer loop
      vertex 122.29 9.85595 4.08247
      vertex 92.657 9.64376 4.56116
      vertex 122.29 9.64376 4.56116
    endloop
  endfacet
  facet normal 0 0.914209 0.405243
    outer loop
      vertex 92.657 9.64376 4.56116
      vertex 122.29 9.85595 4.08247
      vertex 92.657 9.85595 4.08247
    endloop
  endfacet
  facet normal 0 0.870086 0.4929
    outer loop
      vertex 37.6237 9.40834 5.02886
      vertex 8 9.15025 5.48445
      vertex 37.6237 9.15025 5.48445
    endloop
  endfacet
  facet normal 0 0.870086 0.4929
    outer loop
      vertex 8 9.15025 5.48445
      vertex 37.6237 9.40834 5.02886
      vertex 8 9.40834 5.02886
    endloop
  endfacet
  facet normal 0 0.870086 0.4929
    outer loop
      vertex 164.614 9.40834 5.02886
      vertex 134.99 9.15025 5.48445
      vertex 164.614 9.15025 5.48445
    endloop
  endfacet
  facet normal 0 0.870086 0.4929
    outer loop
      vertex 134.99 9.15025 5.48445
      vertex 164.614 9.40834 5.02886
      vertex 134.99 9.40834 5.02886
    endloop
  endfacet
  facet normal 0 0.870086 0.4929
    outer loop
      vertex 79.957 9.40834 5.02886
      vertex 50.3237 9.15025 5.48445
      vertex 79.957 9.15025 5.48445
    endloop
  endfacet
  facet normal 0 0.870086 0.4929
    outer loop
      vertex 50.3237 9.15025 5.48445
      vertex 79.957 9.40834 5.02886
      vertex 50.3237 9.40834 5.02886
    endloop
  endfacet
  facet normal 0 0.870086 0.4929
    outer loop
      vertex 122.29 9.40834 5.02886
      vertex 92.657 9.15025 5.48445
      vertex 122.29 9.15025 5.48445
    endloop
  endfacet
  facet normal 0 0.870086 0.4929
    outer loop
      vertex 92.657 9.15025 5.48445
      vertex 122.29 9.40834 5.02886
      vertex 92.657 9.40834 5.02886
    endloop
  endfacet
  facet normal 0 0.757205 0.653177
    outer loop
      vertex 37.6237 8.24648 6.76771
      vertex 8 7.90447 7.16419
      vertex 37.6237 7.90447 7.16419
    endloop
  endfacet
  facet normal 0 0.757205 0.653177
    outer loop
      vertex 8 7.90447 7.16419
      vertex 37.6237 8.24648 6.76771
      vertex 8 8.24648 6.76771
    endloop
  endfacet
  facet normal 0 0.757205 0.653177
    outer loop
      vertex 164.614 8.24648 6.76771
      vertex 134.99 7.90447 7.16419
      vertex 164.614 7.90447 7.16419
    endloop
  endfacet
  facet normal 0 0.757205 0.653177
    outer loop
      vertex 134.99 7.90447 7.16419
      vertex 164.614 8.24648 6.76771
      vertex 134.99 8.24648 6.76771
    endloop
  endfacet
  facet normal 0 0.757205 0.653177
    outer loop
      vertex 79.957 8.24648 6.76771
      vertex 50.3237 7.90447 7.16419
      vertex 79.957 7.90447 7.16419
    endloop
  endfacet
  facet normal 0 0.757205 0.653177
    outer loop
      vertex 50.3237 7.90447 7.16419
      vertex 79.957 8.24648 6.76771
      vertex 50.3237 8.24648 6.76771
    endloop
  endfacet
  facet normal 0 0.757205 0.653177
    outer loop
      vertex 122.29 8.24648 6.76771
      vertex 92.657 7.90447 7.16419
      vertex 122.29 7.90447 7.16419
    endloop
  endfacet
  facet normal 0 0.757205 0.653177
    outer loop
      vertex 92.657 7.90447 7.16419
      vertex 122.29 8.24648 6.76771
      vertex 92.657 8.24648 6.76771
    endloop
  endfacet
  facet normal 0 0.949554 0.313602
    outer loop
      vertex 37.6237 10.2086 3.09676
      vertex 8 10.0444 3.59394
      vertex 37.6237 10.0444 3.59394
    endloop
  endfacet
  facet normal 0 0.949554 0.313602
    outer loop
      vertex 8 10.0444 3.59394
      vertex 37.6237 10.2086 3.09676
      vertex 8 10.2086 3.09676
    endloop
  endfacet
  facet normal 0 0.949554 0.313602
    outer loop
      vertex 164.614 10.2086 3.09676
      vertex 134.99 10.0444 3.59394
      vertex 164.614 10.0444 3.59394
    endloop
  endfacet
  facet normal 0 0.949554 0.313602
    outer loop
      vertex 134.99 10.0444 3.59394
      vertex 164.614 10.2086 3.09676
      vertex 134.99 10.2086 3.09676
    endloop
  endfacet
  facet normal 0 0.949554 0.313602
    outer loop
      vertex 79.957 10.2086 3.09676
      vertex 50.3237 10.0444 3.59394
      vertex 79.957 10.0444 3.59394
    endloop
  endfacet
  facet normal 0 0.949554 0.313602
    outer loop
      vertex 50.3237 10.0444 3.59394
      vertex 79.957 10.2086 3.09676
      vertex 50.3237 10.2086 3.09676
    endloop
  endfacet
  facet normal 0 0.949554 0.313602
    outer loop
      vertex 122.29 10.2086 3.09676
      vertex 92.657 10.0444 3.59394
      vertex 122.29 10.0444 3.59394
    endloop
  endfacet
  facet normal 0 0.949554 0.313602
    outer loop
      vertex 92.657 10.0444 3.59394
      vertex 122.29 10.2086 3.09676
      vertex 92.657 10.2086 3.09676
    endloop
  endfacet
  facet normal 0 0.997293 0.0735275
    outer loop
      vertex 37.6237 10.6551 0.523454
      vertex 8 10.6166 1.04565
      vertex 37.6237 10.6166 1.04565
    endloop
  endfacet
  facet normal 0 0.997293 0.0735275
    outer loop
      vertex 8 10.6166 1.04565
      vertex 37.6237 10.6551 0.523454
      vertex 8 10.6551 0.523454
    endloop
  endfacet
  facet normal 0 0.997293 0.0735275
    outer loop
      vertex 164.614 10.6551 0.523454
      vertex 134.99 10.6166 1.04565
      vertex 164.614 10.6166 1.04565
    endloop
  endfacet
  facet normal 0 0.997293 0.0735275
    outer loop
      vertex 134.99 10.6166 1.04565
      vertex 164.614 10.6551 0.523454
      vertex 134.99 10.6551 0.523454
    endloop
  endfacet
  facet normal 0 0.997293 0.0735275
    outer loop
      vertex 79.957 10.6551 0.523454
      vertex 50.3237 10.6166 1.04565
      vertex 79.957 10.6166 1.04565
    endloop
  endfacet
  facet normal 0 0.997293 0.0735275
    outer loop
      vertex 50.3237 10.6166 1.04565
      vertex 79.957 10.6551 0.523454
      vertex 50.3237 10.6551 0.523454
    endloop
  endfacet
  facet normal 0 0.997293 0.0735275
    outer loop
      vertex 122.29 10.6551 0.523454
      vertex 92.657 10.6166 1.04565
      vertex 122.29 10.6166 1.04565
    endloop
  endfacet
  facet normal 0 0.997293 0.0735275
    outer loop
      vertex 92.657 10.6166 1.04565
      vertex 122.29 10.6551 0.523454
      vertex 92.657 10.6551 0.523454
    endloop
  endfacet
  facet normal 0 -0.405243 0.914209
    outer loop
      vertex 8 -4.08247 9.85595
      vertex 37.6237 -4.56116 9.64376
      vertex 37.6237 -4.08247 9.85595
    endloop
  endfacet
  facet normal 0 -0.405243 0.914209
    outer loop
      vertex 37.6237 -4.56116 9.64376
      vertex 8 -4.08247 9.85595
      vertex 8 -4.56116 9.64376
    endloop
  endfacet
  facet normal 0 -0.405243 0.914209
    outer loop
      vertex 134.99 -4.08247 9.85595
      vertex 164.614 -4.56116 9.64376
      vertex 164.614 -4.08247 9.85595
    endloop
  endfacet
  facet normal 0 -0.405243 0.914209
    outer loop
      vertex 164.614 -4.56116 9.64376
      vertex 134.99 -4.08247 9.85595
      vertex 134.99 -4.56116 9.64376
    endloop
  endfacet
  facet normal 0 -0.405243 0.914209
    outer loop
      vertex 50.3237 -4.08247 9.85595
      vertex 79.957 -4.56116 9.64376
      vertex 79.957 -4.08247 9.85595
    endloop
  endfacet
  facet normal 0 -0.405243 0.914209
    outer loop
      vertex 79.957 -4.56116 9.64376
      vertex 50.3237 -4.08247 9.85595
      vertex 50.3237 -4.56116 9.64376
    endloop
  endfacet
  facet normal 0 -0.405243 0.914209
    outer loop
      vertex 92.657 -4.08247 9.85595
      vertex 122.29 -4.56116 9.64376
      vertex 122.29 -4.08247 9.85595
    endloop
  endfacet
  facet normal 0 -0.405243 0.914209
    outer loop
      vertex 122.29 -4.56116 9.64376
      vertex 92.657 -4.08247 9.85595
      vertex 92.657 -4.56116 9.64376
    endloop
  endfacet
  facet normal 0 -0.449611 0.893225
    outer loop
      vertex 8 -4.56116 9.64376
      vertex 37.6237 -5.02886 9.40834
      vertex 37.6237 -4.56116 9.64376
    endloop
  endfacet
  facet normal 0 -0.449611 0.893225
    outer loop
      vertex 37.6237 -5.02886 9.40834
      vertex 8 -4.56116 9.64376
      vertex 8 -5.02886 9.40834
    endloop
  endfacet
  facet normal 0 -0.449611 0.893225
    outer loop
      vertex 134.99 -4.56116 9.64376
      vertex 164.614 -5.02886 9.40834
      vertex 164.614 -4.56116 9.64376
    endloop
  endfacet
  facet normal 0 -0.449611 0.893225
    outer loop
      vertex 164.614 -5.02886 9.40834
      vertex 134.99 -4.56116 9.64376
      vertex 134.99 -5.02886 9.40834
    endloop
  endfacet
  facet normal 0 -0.449611 0.893225
    outer loop
      vertex 50.3237 -4.56116 9.64376
      vertex 79.957 -5.02886 9.40834
      vertex 79.957 -4.56116 9.64376
    endloop
  endfacet
  facet normal 0 -0.449611 0.893225
    outer loop
      vertex 79.957 -5.02886 9.40834
      vertex 50.3237 -4.56116 9.64376
      vertex 50.3237 -5.02886 9.40834
    endloop
  endfacet
  facet normal 0 -0.449611 0.893225
    outer loop
      vertex 92.657 -4.56116 9.64376
      vertex 122.29 -5.02886 9.40834
      vertex 122.29 -4.56116 9.64376
    endloop
  endfacet
  facet normal 0 -0.449611 0.893225
    outer loop
      vertex 122.29 -5.02886 9.40834
      vertex 92.657 -4.56116 9.64376
      vertex 92.657 -5.02886 9.40834
    endloop
  endfacet
  facet normal -0 0.17093 0.985283
    outer loop
      vertex 8 2.08122 10.463
      vertex 37.6237 1.56532 10.5525
      vertex 37.6237 2.08122 10.463
    endloop
  endfacet
  facet normal 0 0.17093 0.985283
    outer loop
      vertex 37.6237 1.56532 10.5525
      vertex 8 2.08122 10.463
      vertex 8 1.56532 10.5525
    endloop
  endfacet
  facet normal -0 0.17093 0.985283
    outer loop
      vertex 134.99 2.08122 10.463
      vertex 164.614 1.56532 10.5525
      vertex 164.614 2.08122 10.463
    endloop
  endfacet
  facet normal 0 0.17093 0.985283
    outer loop
      vertex 164.614 1.56532 10.5525
      vertex 134.99 2.08122 10.463
      vertex 134.99 1.56532 10.5525
    endloop
  endfacet
  facet normal -0 0.17093 0.985283
    outer loop
      vertex 50.3237 2.08122 10.463
      vertex 79.957 1.56532 10.5525
      vertex 79.957 2.08122 10.463
    endloop
  endfacet
  facet normal 0 0.17093 0.985283
    outer loop
      vertex 79.957 1.56532 10.5525
      vertex 50.3237 2.08122 10.463
      vertex 50.3237 1.56532 10.5525
    endloop
  endfacet
  facet normal -0 0.17093 0.985283
    outer loop
      vertex 92.657 2.08122 10.463
      vertex 122.29 1.56532 10.5525
      vertex 122.29 2.08122 10.463
    endloop
  endfacet
  facet normal 0 0.17093 0.985283
    outer loop
      vertex 122.29 1.56532 10.5525
      vertex 92.657 2.08122 10.463
      vertex 92.657 1.56532 10.5525
    endloop
  endfacet
  facet normal 0 0.817587 0.575806
    outer loop
      vertex 37.6237 8.87012 5.92682
      vertex 8 8.56862 6.35492
      vertex 37.6237 8.56862 6.35492
    endloop
  endfacet
  facet normal 0 0.817587 0.575806
    outer loop
      vertex 8 8.56862 6.35492
      vertex 37.6237 8.87012 5.92682
      vertex 8 8.87012 5.92682
    endloop
  endfacet
  facet normal 0 0.817587 0.575806
    outer loop
      vertex 164.614 8.87012 5.92682
      vertex 134.99 8.56862 6.35492
      vertex 164.614 8.56862 6.35492
    endloop
  endfacet
  facet normal 0 0.817587 0.575806
    outer loop
      vertex 134.99 8.56862 6.35492
      vertex 164.614 8.87012 5.92682
      vertex 134.99 8.87012 5.92682
    endloop
  endfacet
  facet normal 0 0.817587 0.575806
    outer loop
      vertex 79.957 8.87012 5.92682
      vertex 50.3237 8.56862 6.35492
      vertex 79.957 8.56862 6.35492
    endloop
  endfacet
  facet normal 0 0.817587 0.575806
    outer loop
      vertex 50.3237 8.56862 6.35492
      vertex 79.957 8.87012 5.92682
      vertex 50.3237 8.87012 5.92682
    endloop
  endfacet
  facet normal 0 0.817587 0.575806
    outer loop
      vertex 122.29 8.87012 5.92682
      vertex 92.657 8.56862 6.35492
      vertex 122.29 8.56862 6.35492
    endloop
  endfacet
  facet normal 0 0.817587 0.575806
    outer loop
      vertex 92.657 8.56862 6.35492
      vertex 122.29 8.87012 5.92682
      vertex 92.657 8.87012 5.92682
    endloop
  endfacet
  facet normal 0 0.985283 0.17093
    outer loop
      vertex 37.6237 10.5525 1.56532
      vertex 8 10.463 2.08122
      vertex 37.6237 10.463 2.08122
    endloop
  endfacet
  facet normal 0 0.985283 0.17093
    outer loop
      vertex 8 10.463 2.08122
      vertex 37.6237 10.5525 1.56532
      vertex 8 10.5525 1.56532
    endloop
  endfacet
  facet normal 0 0.985283 0.17093
    outer loop
      vertex 164.614 10.5525 1.56532
      vertex 134.99 10.463 2.08122
      vertex 164.614 10.463 2.08122
    endloop
  endfacet
  facet normal 0 0.985283 0.17093
    outer loop
      vertex 134.99 10.463 2.08122
      vertex 164.614 10.5525 1.56532
      vertex 134.99 10.5525 1.56532
    endloop
  endfacet
  facet normal 0 0.985283 0.17093
    outer loop
      vertex 79.957 10.5525 1.56532
      vertex 50.3237 10.463 2.08122
      vertex 79.957 10.463 2.08122
    endloop
  endfacet
  facet normal 0 0.985283 0.17093
    outer loop
      vertex 50.3237 10.463 2.08122
      vertex 79.957 10.5525 1.56532
      vertex 50.3237 10.5525 1.56532
    endloop
  endfacet
  facet normal 0 0.985283 0.17093
    outer loop
      vertex 122.29 10.5525 1.56532
      vertex 92.657 10.463 2.08122
      vertex 122.29 10.463 2.08122
    endloop
  endfacet
  facet normal 0 0.985283 0.17093
    outer loop
      vertex 92.657 10.463 2.08122
      vertex 122.29 10.5525 1.56532
      vertex 92.657 10.5525 1.56532
    endloop
  endfacet
  facet normal 0 -0.535001 0.844852
    outer loop
      vertex 134.99 -5.48445 9.15025
      vertex 164.614 -5.92682 8.87012
      vertex 164.614 -5.48445 9.15025
    endloop
  endfacet
  facet normal 0 -0.535001 0.844852
    outer loop
      vertex 164.614 -5.92682 8.87012
      vertex 134.99 -5.48445 9.15025
      vertex 134.99 -5.92682 8.87012
    endloop
  endfacet
  facet normal 0 -0.535001 0.844852
    outer loop
      vertex 8 -5.48445 9.15025
      vertex 37.6237 -5.92682 8.87012
      vertex 37.6237 -5.48445 9.15025
    endloop
  endfacet
  facet normal 0 -0.535001 0.844852
    outer loop
      vertex 37.6237 -5.92682 8.87012
      vertex 8 -5.48445 9.15025
      vertex 8 -5.92682 8.87012
    endloop
  endfacet
  facet normal 0 -0.535001 0.844852
    outer loop
      vertex 50.3237 -5.48445 9.15025
      vertex 79.957 -5.92682 8.87012
      vertex 79.957 -5.48445 9.15025
    endloop
  endfacet
  facet normal 0 -0.535001 0.844852
    outer loop
      vertex 79.957 -5.92682 8.87012
      vertex 50.3237 -5.48445 9.15025
      vertex 50.3237 -5.92682 8.87012
    endloop
  endfacet
  facet normal 0 -0.535001 0.844852
    outer loop
      vertex 92.657 -5.48445 9.15025
      vertex 122.29 -5.92682 8.87012
      vertex 122.29 -5.48445 9.15025
    endloop
  endfacet
  facet normal 0 -0.535001 0.844852
    outer loop
      vertex 122.29 -5.92682 8.87012
      vertex 92.657 -5.48445 9.15025
      vertex 92.657 -5.92682 8.87012
    endloop
  endfacet
  facet normal 0 -0.689534 0.724254
    outer loop
      vertex 134.99 -7.16419 7.90447
      vertex 164.614 -7.54342 7.54342
      vertex 164.614 -7.16419 7.90447
    endloop
  endfacet
  facet normal 0 -0.689534 0.724254
    outer loop
      vertex 164.614 -7.54342 7.54342
      vertex 134.99 -7.16419 7.90447
      vertex 134.99 -7.54342 7.54342
    endloop
  endfacet
  facet normal 0 -0.689534 0.724254
    outer loop
      vertex 8 -7.16419 7.90447
      vertex 37.6237 -7.54342 7.54342
      vertex 37.6237 -7.16419 7.90447
    endloop
  endfacet
  facet normal 0 -0.689534 0.724254
    outer loop
      vertex 37.6237 -7.54342 7.54342
      vertex 8 -7.16419 7.90447
      vertex 8 -7.54342 7.54342
    endloop
  endfacet
  facet normal 0 -0.689534 0.724254
    outer loop
      vertex 50.3237 -7.16419 7.90447
      vertex 79.957 -7.54342 7.54342
      vertex 79.957 -7.16419 7.90447
    endloop
  endfacet
  facet normal 0 -0.689534 0.724254
    outer loop
      vertex 79.957 -7.54342 7.54342
      vertex 50.3237 -7.16419 7.90447
      vertex 50.3237 -7.54342 7.54342
    endloop
  endfacet
  facet normal 0 -0.689534 0.724254
    outer loop
      vertex 92.657 -7.16419 7.90447
      vertex 122.29 -7.54342 7.54342
      vertex 122.29 -7.16419 7.90447
    endloop
  endfacet
  facet normal 0 -0.689534 0.724254
    outer loop
      vertex 122.29 -7.54342 7.54342
      vertex 92.657 -7.16419 7.90447
      vertex 92.657 -7.54342 7.54342
    endloop
  endfacet
  facet normal 0 -0.17093 0.985283
    outer loop
      vertex 8 -1.56532 10.5525
      vertex 37.6237 -2.08122 10.463
      vertex 37.6237 -1.56532 10.5525
    endloop
  endfacet
  facet normal 0 -0.17093 0.985283
    outer loop
      vertex 37.6237 -2.08122 10.463
      vertex 8 -1.56532 10.5525
      vertex 8 -2.08122 10.463
    endloop
  endfacet
  facet normal 0 -0.17093 0.985283
    outer loop
      vertex 134.99 -1.56532 10.5525
      vertex 164.614 -2.08122 10.463
      vertex 164.614 -1.56532 10.5525
    endloop
  endfacet
  facet normal 0 -0.17093 0.985283
    outer loop
      vertex 164.614 -2.08122 10.463
      vertex 134.99 -1.56532 10.5525
      vertex 134.99 -2.08122 10.463
    endloop
  endfacet
  facet normal 0 -0.17093 0.985283
    outer loop
      vertex 50.3237 -1.56532 10.5525
      vertex 79.957 -2.08122 10.463
      vertex 79.957 -1.56532 10.5525
    endloop
  endfacet
  facet normal 0 -0.17093 0.985283
    outer loop
      vertex 79.957 -2.08122 10.463
      vertex 50.3237 -1.56532 10.5525
      vertex 50.3237 -2.08122 10.463
    endloop
  endfacet
  facet normal 0 -0.17093 0.985283
    outer loop
      vertex 92.657 -1.56532 10.5525
      vertex 122.29 -2.08122 10.463
      vertex 122.29 -1.56532 10.5525
    endloop
  endfacet
  facet normal 0 -0.17093 0.985283
    outer loop
      vertex 122.29 -2.08122 10.463
      vertex 92.657 -1.56532 10.5525
      vertex 92.657 -2.08122 10.463
    endloop
  endfacet
  facet normal 0 -0.999696 0.0246365
    outer loop
      vertex 8 -10.668 0
      vertex 37.6237 -10.6551 0.523454
      vertex 8 -10.6551 0.523454
    endloop
  endfacet
  facet normal 0 -0.999696 0.0246365
    outer loop
      vertex 37.6237 -10.6551 0.523454
      vertex 8 -10.668 0
      vertex 37.6237 -10.668 0
    endloop
  endfacet
  facet normal 0 -0.999696 0.0246365
    outer loop
      vertex 134.99 -10.668 0
      vertex 164.614 -10.6551 0.523454
      vertex 134.99 -10.6551 0.523454
    endloop
  endfacet
  facet normal 0 -0.999696 0.0246365
    outer loop
      vertex 164.614 -10.6551 0.523454
      vertex 134.99 -10.668 0
      vertex 164.614 -10.668 0
    endloop
  endfacet
  facet normal 0 -0.999696 0.0246365
    outer loop
      vertex 50.3237 -10.668 0
      vertex 79.957 -10.6551 0.523454
      vertex 50.3237 -10.6551 0.523454
    endloop
  endfacet
  facet normal 0 -0.999696 0.0246365
    outer loop
      vertex 79.957 -10.6551 0.523454
      vertex 50.3237 -10.668 0
      vertex 79.957 -10.668 0
    endloop
  endfacet
  facet normal 0 -0.999696 0.0246365
    outer loop
      vertex 92.657 -10.668 0
      vertex 122.29 -10.6551 0.523454
      vertex 92.657 -10.6551 0.523454
    endloop
  endfacet
  facet normal 0 -0.999696 0.0246365
    outer loop
      vertex 122.29 -10.6551 0.523454
      vertex 92.657 -10.668 0
      vertex 122.29 -10.668 0
    endloop
  endfacet
  facet normal -1 0 0
    outer loop
      vertex 8 -10.6551 0.523454
      vertex 8 -9.12104 1
      vertex 8 -9.12104 0
    endloop
  endfacet
  facet normal -1 0 0
    outer loop
      vertex 8 -9.12104 1
      vertex 8 -9.40834 5.02886
      vertex 8 -9.15025 5.48445
    endloop
  endfacet
  facet normal -1 0 0
    outer loop
      vertex 8 -9.12104 1
      vertex 8 -9.64376 4.56116
      vertex 8 -9.40834 5.02886
    endloop
  endfacet
  facet normal -1 0 0
    outer loop
      vertex 8 -9.12104 1
      vertex 8 -9.85595 4.08247
      vertex 8 -9.64376 4.56116
    endloop
  endfacet
  facet normal -1 0 0
    outer loop
      vertex 8 -9.12104 1
      vertex 8 -10.0444 3.59394
      vertex 8 -9.85595 4.08247
    endloop
  endfacet
  facet normal -1 0 0
    outer loop
      vertex 8 -9.12104 1
      vertex 8 -10.2086 3.09676
      vertex 8 -10.0444 3.59394
    endloop
  endfacet
  facet normal -1 0 0
    outer loop
      vertex 8 -9.12104 1
      vertex 8 -10.3483 2.59211
      vertex 8 -10.2086 3.09676
    endloop
  endfacet
  facet normal -1 0 0
    outer loop
      vertex 8 -9.12104 1
      vertex 8 -10.463 2.08122
      vertex 8 -10.3483 2.59211
    endloop
  endfacet
  facet normal -1 0 0
    outer loop
      vertex 8 -9.12104 1
      vertex 8 -10.5525 1.56532
      vertex 8 -10.463 2.08122
    endloop
  endfacet
  facet normal -1 0 0
    outer loop
      vertex 8 -9.12104 1
      vertex 8 -10.6166 1.04565
      vertex 8 -10.5525 1.56532
    endloop
  endfacet
  facet normal -1 -0 0
    outer loop
      vertex 8 -9.12104 1
      vertex 8 -10.6551 0.523454
      vertex 8 -10.6166 1.04565
    endloop
  endfacet
  facet normal -1 0 -0
    outer loop
      vertex 8 -10.6551 0.523454
      vertex 8 -9.12104 0
      vertex 8 -10.668 0
    endloop
  endfacet
  facet normal -1 0 0
    outer loop
      vertex 8 -9.12104 1
      vertex 8 -8.32104 1.2
      vertex 8 -8.32104 1
    endloop
  endfacet
  facet normal -1 0 0
    outer loop
      vertex 8 -8.32104 1.2
      vertex 8 -8.87012 5.92682
      vertex 8 -8.56862 6.35492
    endloop
  endfacet
  facet normal -1 -0 0
    outer loop
      vertex 8 -8.32104 1.2
      vertex 8 -9.12104 1
      vertex 8 -9.15025 5.48445
    endloop
  endfacet
  facet normal -1 0 0
    outer loop
      vertex 8 -8.32104 1.2
      vertex 8 -9.15025 5.48445
      vertex 8 -8.87012 5.92682
    endloop
  endfacet
  facet normal -1 0 0
    outer loop
      vertex 8 9.12104 0
      vertex 8 10.6551 0.523454
      vertex 8 10.668 0
    endloop
  endfacet
  facet normal -1 0 0
    outer loop
      vertex 8 9.12104 1
      vertex 8 10.6551 0.523454
      vertex 8 9.12104 0
    endloop
  endfacet
  facet normal -1 -0 0
    outer loop
      vertex 8 10.6166 1.04565
      vertex 8 9.12104 1
      vertex 8 10.5525 1.56532
    endloop
  endfacet
  facet normal -1 -0 0
    outer loop
      vertex 8 10.5525 1.56532
      vertex 8 9.12104 1
      vertex 8 10.463 2.08122
    endloop
  endfacet
  facet normal -1 -0 0
    outer loop
      vertex 8 10.463 2.08122
      vertex 8 9.12104 1
      vertex 8 10.3483 2.59211
    endloop
  endfacet
  facet normal -1 -0 0
    outer loop
      vertex 8 10.3483 2.59211
      vertex 8 9.12104 1
      vertex 8 10.2086 3.09676
    endloop
  endfacet
  facet normal -1 0 0
    outer loop
      vertex 8 8.32104 1
      vertex 8 10.2086 3.09676
      vertex 8 9.12104 1
    endloop
  endfacet
  facet normal -1 -0 0
    outer loop
      vertex 8 10.2086 3.09676
      vertex 8 8.32104 1
      vertex 8 10.0444 3.59394
    endloop
  endfacet
  facet normal -1 0 0
    outer loop
      vertex 8 8.32104 5
      vertex 8 10.0444 3.59394
      vertex 8 8.32104 1
    endloop
  endfacet
  facet normal -1 0 0
    outer loop
      vertex 8 10.0444 3.59394
      vertex 8 8.32104 5
      vertex 8 9.85595 4.08247
    endloop
  endfacet
  facet normal -1 0 0
    outer loop
      vertex 8 10.6551 0.523454
      vertex 8 9.12104 1
      vertex 8 10.6166 1.04565
    endloop
  endfacet
  facet normal -1 0 0
    outer loop
      vertex 8 9.64376 4.56116
      vertex 8 8.32104 5
      vertex 8 9.40834 5.02886
    endloop
  endfacet
  facet normal -1 -0 0
    outer loop
      vertex 8 9.40834 5.02886
      vertex 8 8.32104 5
      vertex 8 9.15025 5.48445
    endloop
  endfacet
  facet normal -1 -0 0
    outer loop
      vertex 8 9.15025 5.48445
      vertex 8 8.32104 5
      vertex 8 8.87012 5.92682
    endloop
  endfacet
  facet normal -1 0 0
    outer loop
      vertex 8 9.85595 4.08247
      vertex 8 8.32104 5
      vertex 8 9.64376 4.56116
    endloop
  endfacet
  facet normal -1 -0 0
    outer loop
      vertex 8 8.87012 5.92682
      vertex 8 8.32104 5
      vertex 8 8.56862 6.35492
    endloop
  endfacet
  facet normal -1 0 0
    outer loop
      vertex 8 8.32104 5
      vertex 8 8.24648 6.76771
      vertex 8 8.56862 6.35492
    endloop
  endfacet
  facet normal -1 0 0
    outer loop
      vertex 8 8.32104 5
      vertex 8 7.90447 7.16419
      vertex 8 8.24648 6.76771
    endloop
  endfacet
  facet normal -1 0 0
    outer loop
      vertex 8 8.32104 5
      vertex 8 7.54342 7.54342
      vertex 8 7.90447 7.16419
    endloop
  endfacet
  facet normal -1 0 0
    outer loop
      vertex 8 8.32104 5
      vertex 8 7.16419 7.90447
      vertex 8 7.54342 7.54342
    endloop
  endfacet
  facet normal -1 0 0
    outer loop
      vertex 8 8.32104 5
      vertex 8 6.76771 8.24648
      vertex 8 7.16419 7.90447
    endloop
  endfacet
  facet normal -1 0 0
    outer loop
      vertex 8 8.32104 5
      vertex 8 6.35492 8.56862
      vertex 8 6.76771 8.24648
    endloop
  endfacet
  facet normal -1 0 0
    outer loop
      vertex 8 8.32104 5
      vertex 8 5.92682 8.87012
      vertex 8 6.35492 8.56862
    endloop
  endfacet
  facet normal -1 0 0
    outer loop
      vertex 8 8.32104 5
      vertex 8 5.48445 9.15025
      vertex 8 5.92682 8.87012
    endloop
  endfacet
  facet normal -1 0 0
    outer loop
      vertex 8 8.32104 5
      vertex 8 5.02886 9.40834
      vertex 8 5.48445 9.15025
    endloop
  endfacet
  facet normal -1 0 0
    outer loop
      vertex 8 -3.82104 5
      vertex 8 5.02886 9.40834
      vertex 8 8.32104 5
    endloop
  endfacet
  facet normal -1 -0 0
    outer loop
      vertex 8 5.02886 9.40834
      vertex 8 -3.82104 5
      vertex 8 4.56116 9.64376
    endloop
  endfacet
  facet normal -1 -0 0
    outer loop
      vertex 8 4.56116 9.64376
      vertex 8 -3.82104 5
      vertex 8 4.08247 9.85595
    endloop
  endfacet
  facet normal -1 -0 0
    outer loop
      vertex 8 4.08247 9.85595
      vertex 8 -3.82104 5
      vertex 8 3.59394 10.0444
    endloop
  endfacet
  facet normal -1 -0 0
    outer loop
      vertex 8 3.59394 10.0444
      vertex 8 -3.82104 5
      vertex 8 3.09676 10.2086
    endloop
  endfacet
  facet normal -1 -0 0
    outer loop
      vertex 8 3.09676 10.2086
      vertex 8 -3.82104 5
      vertex 8 2.59211 10.3483
    endloop
  endfacet
  facet normal -1 -0 0
    outer loop
      vertex 8 2.59211 10.3483
      vertex 8 -3.82104 5
      vertex 8 2.08122 10.463
    endloop
  endfacet
  facet normal -1 -0 0
    outer loop
      vertex 8 2.08122 10.463
      vertex 8 -3.82104 5
      vertex 8 1.56532 10.5525
    endloop
  endfacet
  facet normal -1 -0 0
    outer loop
      vertex 8 1.56532 10.5525
      vertex 8 -3.82104 5
      vertex 8 1.04565 10.6166
    endloop
  endfacet
  facet normal -1 -0 0
    outer loop
      vertex 8 1.04565 10.6166
      vertex 8 -3.82104 5
      vertex 8 0.523454 10.6551
    endloop
  endfacet
  facet normal -1 -0 0
    outer loop
      vertex 8 0.523454 10.6551
      vertex 8 -3.82104 5
      vertex 8 0 10.668
    endloop
  endfacet
  facet normal -1 0 0
    outer loop
      vertex 8 0 10.668
      vertex 8 -3.82104 5
      vertex 8 -0.523454 10.6551
    endloop
  endfacet
  facet normal -1 0 0
    outer loop
      vertex 8 -0.523454 10.6551
      vertex 8 -3.82104 5
      vertex 8 -1.04565 10.6166
    endloop
  endfacet
  facet normal -1 0 0
    outer loop
      vertex 8 -1.04565 10.6166
      vertex 8 -3.82104 5
      vertex 8 -1.56532 10.5525
    endloop
  endfacet
  facet normal -1 0 0
    outer loop
      vertex 8 -1.56532 10.5525
      vertex 8 -3.82104 5
      vertex 8 -2.08122 10.463
    endloop
  endfacet
  facet normal -1 0 0
    outer loop
      vertex 8 -2.08122 10.463
      vertex 8 -3.82104 5
      vertex 8 -2.59211 10.3483
    endloop
  endfacet
  facet normal -1 0 0
    outer loop
      vertex 8 -2.59211 10.3483
      vertex 8 -3.82104 5
      vertex 8 -3.09676 10.2086
    endloop
  endfacet
  facet normal -1 0 0
    outer loop
      vertex 8 -3.09676 10.2086
      vertex 8 -3.82104 5
      vertex 8 -3.59394 10.0444
    endloop
  endfacet
  facet normal -1 0 0
    outer loop
      vertex 8 -3.82104 5
      vertex 8 -4.08247 9.85595
      vertex 8 -3.59394 10.0444
    endloop
  endfacet
  facet normal -1 0 0
    outer loop
      vertex 8 -3.82104 5
      vertex 8 -4.56116 9.64376
      vertex 8 -4.08247 9.85595
    endloop
  endfacet
  facet normal -1 0 0
    outer loop
      vertex 8 -3.82104 5
      vertex 8 -5.02886 9.40834
      vertex 8 -4.56116 9.64376
    endloop
  endfacet
  facet normal -1 0 0
    outer loop
      vertex 8 -3.82104 5
      vertex 8 -5.48445 9.15025
      vertex 8 -5.02886 9.40834
    endloop
  endfacet
  facet normal -1 0 0
    outer loop
      vertex 8 -3.82104 5
      vertex 8 -5.92682 8.87012
      vertex 8 -5.48445 9.15025
    endloop
  endfacet
  facet normal -1 0 0
    outer loop
      vertex 8 -3.82104 5
      vertex 8 -6.35492 8.56862
      vertex 8 -5.92682 8.87012
    endloop
  endfacet
  facet normal -1 0 0
    outer loop
      vertex 8 -3.82104 5
      vertex 8 -6.76771 8.24648
      vertex 8 -6.35492 8.56862
    endloop
  endfacet
  facet normal -1 0 0
    outer loop
      vertex 8 -3.82104 5
      vertex 8 -7.16419 7.90447
      vertex 8 -6.76771 8.24648
    endloop
  endfacet
  facet normal -1 0 0
    outer loop
      vertex 8 -3.82104 5
      vertex 8 -7.54342 7.54342
      vertex 8 -7.16419 7.90447
    endloop
  endfacet
  facet normal -1 0 0
    outer loop
      vertex 8 -3.82104 5
      vertex 8 -7.90447 7.16419
      vertex 8 -7.54342 7.54342
    endloop
  endfacet
  facet normal -1 0 0
    outer loop
      vertex 8 -3.82104 5
      vertex 8 -8.24648 6.76771
      vertex 8 -7.90447 7.16419
    endloop
  endfacet
  facet normal -1 0 0
    outer loop
      vertex 8 -8.56862 6.35492
      vertex 8 -3.82104 5
      vertex 8 -8.32104 1.2
    endloop
  endfacet
  facet normal -1 0 0
    outer loop
      vertex 8 -3.82104 5
      vertex 8 -8.56862 6.35492
      vertex 8 -8.24648 6.76771
    endloop
  endfacet
  facet normal 1 0 0
    outer loop
      vertex 164.614 8.24648 6.76771
      vertex 164.614 8.32104 5
      vertex 164.614 8.56862 6.35492
    endloop
  endfacet
  facet normal 1 0 0
    outer loop
      vertex 164.614 7.90447 7.16419
      vertex 164.614 8.32104 5
      vertex 164.614 8.24648 6.76771
    endloop
  endfacet
  facet normal 1 0 0
    outer loop
      vertex 164.614 7.54342 7.54342
      vertex 164.614 8.32104 5
      vertex 164.614 7.90447 7.16419
    endloop
  endfacet
  facet normal 1 0 0
    outer loop
      vertex 164.614 7.16419 7.90447
      vertex 164.614 8.32104 5
      vertex 164.614 7.54342 7.54342
    endloop
  endfacet
  facet normal 1 0 0
    outer loop
      vertex 164.614 6.76771 8.24648
      vertex 164.614 8.32104 5
      vertex 164.614 7.16419 7.90447
    endloop
  endfacet
  facet normal 1 0 0
    outer loop
      vertex 164.614 6.35492 8.56862
      vertex 164.614 8.32104 5
      vertex 164.614 6.76771 8.24648
    endloop
  endfacet
  facet normal 1 0 0
    outer loop
      vertex 164.614 5.92682 8.87012
      vertex 164.614 8.32104 5
      vertex 164.614 6.35492 8.56862
    endloop
  endfacet
  facet normal 1 0 0
    outer loop
      vertex 164.614 5.48445 9.15025
      vertex 164.614 8.32104 5
      vertex 164.614 5.92682 8.87012
    endloop
  endfacet
  facet normal 1 0 0
    outer loop
      vertex 164.614 5.02886 9.40834
      vertex 164.614 8.32104 5
      vertex 164.614 5.48445 9.15025
    endloop
  endfacet
  facet normal 1 0 0
    outer loop
      vertex 164.614 -3.82104 5
      vertex 164.614 5.02886 9.40834
      vertex 164.614 4.56116 9.64376
    endloop
  endfacet
  facet normal 1 0 0
    outer loop
      vertex 164.614 -3.82104 5
      vertex 164.614 4.56116 9.64376
      vertex 164.614 4.08247 9.85595
    endloop
  endfacet
  facet normal 1 0 0
    outer loop
      vertex 164.614 -3.82104 5
      vertex 164.614 4.08247 9.85595
      vertex 164.614 3.59394 10.0444
    endloop
  endfacet
  facet normal 1 0 0
    outer loop
      vertex 164.614 -3.82104 5
      vertex 164.614 3.59394 10.0444
      vertex 164.614 3.09676 10.2086
    endloop
  endfacet
  facet normal 1 0 0
    outer loop
      vertex 164.614 -3.82104 5
      vertex 164.614 3.09676 10.2086
      vertex 164.614 2.59211 10.3483
    endloop
  endfacet
  facet normal 1 0 0
    outer loop
      vertex 164.614 -3.82104 5
      vertex 164.614 2.59211 10.3483
      vertex 164.614 2.08122 10.463
    endloop
  endfacet
  facet normal 1 0 0
    outer loop
      vertex 164.614 -3.82104 5
      vertex 164.614 2.08122 10.463
      vertex 164.614 1.56532 10.5525
    endloop
  endfacet
  facet normal 1 0 0
    outer loop
      vertex 164.614 -3.82104 5
      vertex 164.614 1.56532 10.5525
      vertex 164.614 1.04565 10.6166
    endloop
  endfacet
  facet normal 1 0 0
    outer loop
      vertex 164.614 -3.82104 5
      vertex 164.614 1.04565 10.6166
      vertex 164.614 0.523454 10.6551
    endloop
  endfacet
  facet normal 1 0 0
    outer loop
      vertex 164.614 -3.82104 5
      vertex 164.614 0.523454 10.6551
      vertex 164.614 0 10.668
    endloop
  endfacet
  facet normal 1 0 0
    outer loop
      vertex 164.614 -3.82104 5
      vertex 164.614 0 10.668
      vertex 164.614 -0.523454 10.6551
    endloop
  endfacet
  facet normal 1 0 0
    outer loop
      vertex 164.614 -3.82104 5
      vertex 164.614 -0.523454 10.6551
      vertex 164.614 -1.04565 10.6166
    endloop
  endfacet
  facet normal 1 0 0
    outer loop
      vertex 164.614 -3.82104 5
      vertex 164.614 -1.04565 10.6166
      vertex 164.614 -1.56532 10.5525
    endloop
  endfacet
  facet normal 1 0 0
    outer loop
      vertex 164.614 -3.82104 5
      vertex 164.614 -1.56532 10.5525
      vertex 164.614 -2.08122 10.463
    endloop
  endfacet
  facet normal 1 0 0
    outer loop
      vertex 164.614 -3.82104 5
      vertex 164.614 -2.08122 10.463
      vertex 164.614 -2.59211 10.3483
    endloop
  endfacet
  facet normal 1 0 0
    outer loop
      vertex 164.614 -3.82104 5
      vertex 164.614 -2.59211 10.3483
      vertex 164.614 -3.09676 10.2086
    endloop
  endfacet
  facet normal 1 0 0
    outer loop
      vertex 164.614 -3.82104 5
      vertex 164.614 -3.09676 10.2086
      vertex 164.614 -3.59394 10.0444
    endloop
  endfacet
  facet normal 1 0 0
    outer loop
      vertex 164.614 5.02886 9.40834
      vertex 164.614 -3.82104 5
      vertex 164.614 8.32104 5
    endloop
  endfacet
  facet normal 1 -0 0
    outer loop
      vertex 164.614 -4.08247 9.85595
      vertex 164.614 -3.82104 5
      vertex 164.614 -3.59394 10.0444
    endloop
  endfacet
  facet normal 1 -0 0
    outer loop
      vertex 164.614 -4.56116 9.64376
      vertex 164.614 -3.82104 5
      vertex 164.614 -4.08247 9.85595
    endloop
  endfacet
  facet normal 1 -0 0
    outer loop
      vertex 164.614 -5.02886 9.40834
      vertex 164.614 -3.82104 5
      vertex 164.614 -4.56116 9.64376
    endloop
  endfacet
  facet normal 1 -0 0
    outer loop
      vertex 164.614 -5.48445 9.15025
      vertex 164.614 -3.82104 5
      vertex 164.614 -5.02886 9.40834
    endloop
  endfacet
  facet normal 1 -0 0
    outer loop
      vertex 164.614 -5.92682 8.87012
      vertex 164.614 -3.82104 5
      vertex 164.614 -5.48445 9.15025
    endloop
  endfacet
  facet normal 1 -0 0
    outer loop
      vertex 164.614 -6.35492 8.56862
      vertex 164.614 -3.82104 5
      vertex 164.614 -5.92682 8.87012
    endloop
  endfacet
  facet normal 1 -0 0
    outer loop
      vertex 164.614 -6.76771 8.24648
      vertex 164.614 -3.82104 5
      vertex 164.614 -6.35492 8.56862
    endloop
  endfacet
  facet normal 1 -0 0
    outer loop
      vertex 164.614 -7.16419 7.90447
      vertex 164.614 -3.82104 5
      vertex 164.614 -6.76771 8.24648
    endloop
  endfacet
  facet normal 1 -0 0
    outer loop
      vertex 164.614 -7.54342 7.54342
      vertex 164.614 -3.82104 5
      vertex 164.614 -7.16419 7.90447
    endloop
  endfacet
  facet normal 1 -0 0
    outer loop
      vertex 164.614 -7.90447 7.16419
      vertex 164.614 -3.82104 5
      vertex 164.614 -7.54342 7.54342
    endloop
  endfacet
  facet normal 1 -0 0
    outer loop
      vertex 164.614 -8.24648 6.76771
      vertex 164.614 -3.82104 5
      vertex 164.614 -7.90447 7.16419
    endloop
  endfacet
  facet normal 1 -0 0
    outer loop
      vertex 164.614 -8.56862 6.35492
      vertex 164.614 -3.82104 5
      vertex 164.614 -8.24648 6.76771
    endloop
  endfacet
  facet normal 1 -0 0
    outer loop
      vertex 164.614 -8.87012 5.92682
      vertex 164.614 -3.82104 5
      vertex 164.614 -8.56862 6.35492
    endloop
  endfacet
  facet normal 1 -0 0
    outer loop
      vertex 164.614 -9.15025 5.48445
      vertex 164.614 -3.82104 5
      vertex 164.614 -8.87012 5.92682
    endloop
  endfacet
  facet normal 1 0 0
    outer loop
      vertex 164.614 -3.82104 5
      vertex 164.614 -9.15025 5.48445
      vertex 164.614 -8.32104 1.2
    endloop
  endfacet
  facet normal 1 -0 0
    outer loop
      vertex 164.614 -9.40834 5.02886
      vertex 164.614 -8.32104 1.2
      vertex 164.614 -9.15025 5.48445
    endloop
  endfacet
  facet normal 1 -0 0
    outer loop
      vertex 164.614 -9.64376 4.56116
      vertex 164.614 -8.32104 1.2
      vertex 164.614 -9.40834 5.02886
    endloop
  endfacet
  facet normal 1 -0 0
    outer loop
      vertex 164.614 -9.85595 4.08247
      vertex 164.614 -8.32104 1.2
      vertex 164.614 -9.64376 4.56116
    endloop
  endfacet
  facet normal 1 -0 0
    outer loop
      vertex 164.614 -10.0444 3.59394
      vertex 164.614 -8.32104 1.2
      vertex 164.614 -9.85595 4.08247
    endloop
  endfacet
  facet normal 1 -0 0
    outer loop
      vertex 164.614 -10.2086 3.09676
      vertex 164.614 -8.32104 1.2
      vertex 164.614 -10.0444 3.59394
    endloop
  endfacet
  facet normal 1 -0 0
    outer loop
      vertex 164.614 -10.3483 2.59211
      vertex 164.614 -8.32104 1.2
      vertex 164.614 -10.2086 3.09676
    endloop
  endfacet
  facet normal 1 0 0
    outer loop
      vertex 164.614 -8.32104 1.2
      vertex 164.614 -9.12104 1
      vertex 164.614 -8.32104 1
    endloop
  endfacet
  facet normal 1 0 0
    outer loop
      vertex 164.614 -8.32104 1.2
      vertex 164.614 -10.3483 2.59211
      vertex 164.614 -9.12104 1
    endloop
  endfacet
  facet normal 1 -0 0
    outer loop
      vertex 164.614 -10.463 2.08122
      vertex 164.614 -9.12104 1
      vertex 164.614 -10.3483 2.59211
    endloop
  endfacet
  facet normal 1 -0 0
    outer loop
      vertex 164.614 -10.5525 1.56532
      vertex 164.614 -9.12104 1
      vertex 164.614 -10.463 2.08122
    endloop
  endfacet
  facet normal 1 -0 0
    outer loop
      vertex 164.614 -10.6166 1.04565
      vertex 164.614 -9.12104 1
      vertex 164.614 -10.5525 1.56532
    endloop
  endfacet
  facet normal 1 0 0
    outer loop
      vertex 164.614 -10.6551 0.523454
      vertex 164.614 -9.12104 1
      vertex 164.614 -10.6166 1.04565
    endloop
  endfacet
  facet normal 1 0 0
    outer loop
      vertex 164.614 -9.12104 1
      vertex 164.614 -10.6551 0.523454
      vertex 164.614 -9.12104 0
    endloop
  endfacet
  facet normal 1 0 0
    outer loop
      vertex 164.614 -9.12104 0
      vertex 164.614 -10.6551 0.523454
      vertex 164.614 -10.668 0
    endloop
  endfacet
  facet normal 1 0 0
    outer loop
      vertex 164.614 8.32104 5
      vertex 164.614 9.15025 5.48445
      vertex 164.614 8.87012 5.92682
    endloop
  endfacet
  facet normal 1 0 0
    outer loop
      vertex 164.614 8.32104 5
      vertex 164.614 8.87012 5.92682
      vertex 164.614 8.56862 6.35492
    endloop
  endfacet
  facet normal 1 0 0
    outer loop
      vertex 164.614 9.15025 5.48445
      vertex 164.614 8.32104 5
      vertex 164.614 9.12104 1
    endloop
  endfacet
  facet normal 1 0 0
    outer loop
      vertex 164.614 9.12104 1
      vertex 164.614 8.32104 5
      vertex 164.614 8.32104 1
    endloop
  endfacet
  facet normal 1 -0 0
    outer loop
      vertex 164.614 9.12104 1
      vertex 164.614 10.6551 0.523454
      vertex 164.614 10.6166 1.04565
    endloop
  endfacet
  facet normal 1 0 0
    outer loop
      vertex 164.614 9.12104 1
      vertex 164.614 10.6166 1.04565
      vertex 164.614 10.5525 1.56532
    endloop
  endfacet
  facet normal 1 0 0
    outer loop
      vertex 164.614 9.12104 1
      vertex 164.614 10.5525 1.56532
      vertex 164.614 10.463 2.08122
    endloop
  endfacet
  facet normal 1 0 0
    outer loop
      vertex 164.614 9.12104 1
      vertex 164.614 10.463 2.08122
      vertex 164.614 10.3483 2.59211
    endloop
  endfacet
  facet normal 1 0 0
    outer loop
      vertex 164.614 9.12104 1
      vertex 164.614 10.3483 2.59211
      vertex 164.614 10.2086 3.09676
    endloop
  endfacet
  facet normal 1 0 0
    outer loop
      vertex 164.614 9.12104 1
      vertex 164.614 10.2086 3.09676
      vertex 164.614 10.0444 3.59394
    endloop
  endfacet
  facet normal 1 0 0
    outer loop
      vertex 164.614 9.12104 1
      vertex 164.614 10.0444 3.59394
      vertex 164.614 9.85595 4.08247
    endloop
  endfacet
  facet normal 1 0 0
    outer loop
      vertex 164.614 9.12104 1
      vertex 164.614 9.85595 4.08247
      vertex 164.614 9.64376 4.56116
    endloop
  endfacet
  facet normal 1 0 0
    outer loop
      vertex 164.614 9.12104 1
      vertex 164.614 9.64376 4.56116
      vertex 164.614 9.40834 5.02886
    endloop
  endfacet
  facet normal 1 0 0
    outer loop
      vertex 164.614 9.12104 1
      vertex 164.614 9.40834 5.02886
      vertex 164.614 9.15025 5.48445
    endloop
  endfacet
  facet normal 1 0 0
    outer loop
      vertex 164.614 10.6551 0.523454
      vertex 164.614 9.12104 1
      vertex 164.614 9.12104 0
    endloop
  endfacet
  facet normal 1 0 0
    outer loop
      vertex 164.614 10.6551 0.523454
      vertex 164.614 9.12104 0
      vertex 164.614 10.668 0
    endloop
  endfacet
  facet normal 0 -0.817587 0.575806
    outer loop
      vertex 134.99 -8.87012 5.92682
      vertex 164.614 -8.56862 6.35492
      vertex 134.99 -8.56862 6.35492
    endloop
  endfacet
  facet normal 0 -0.817587 0.575806
    outer loop
      vertex 164.614 -8.56862 6.35492
      vertex 134.99 -8.87012 5.92682
      vertex 164.614 -8.87012 5.92682
    endloop
  endfacet
  facet normal 0 -0.817587 0.575806
    outer loop
      vertex 8 -8.87012 5.92682
      vertex 37.6237 -8.56862 6.35492
      vertex 8 -8.56862 6.35492
    endloop
  endfacet
  facet normal 0 -0.817587 0.575806
    outer loop
      vertex 37.6237 -8.56862 6.35492
      vertex 8 -8.87012 5.92682
      vertex 37.6237 -8.87012 5.92682
    endloop
  endfacet
  facet normal 0 -0.817587 0.575806
    outer loop
      vertex 50.3237 -8.87012 5.92682
      vertex 79.957 -8.56862 6.35492
      vertex 50.3237 -8.56862 6.35492
    endloop
  endfacet
  facet normal 0 -0.817587 0.575806
    outer loop
      vertex 79.957 -8.56862 6.35492
      vertex 50.3237 -8.87012 5.92682
      vertex 79.957 -8.87012 5.92682
    endloop
  endfacet
  facet normal 0 -0.817587 0.575806
    outer loop
      vertex 92.657 -8.87012 5.92682
      vertex 122.29 -8.56862 6.35492
      vertex 92.657 -8.56862 6.35492
    endloop
  endfacet
  facet normal 0 -0.817587 0.575806
    outer loop
      vertex 122.29 -8.56862 6.35492
      vertex 92.657 -8.87012 5.92682
      vertex 122.29 -8.87012 5.92682
    endloop
  endfacet
  facet normal 0 -0.963754 0.266792
    outer loop
      vertex 134.99 -10.3483 2.59211
      vertex 164.614 -10.2086 3.09676
      vertex 134.99 -10.2086 3.09676
    endloop
  endfacet
  facet normal 0 -0.963754 0.266792
    outer loop
      vertex 164.614 -10.2086 3.09676
      vertex 134.99 -10.3483 2.59211
      vertex 164.614 -10.3483 2.59211
    endloop
  endfacet
  facet normal 0 -0.963754 0.266792
    outer loop
      vertex 8 -10.3483 2.59211
      vertex 37.6237 -10.2086 3.09676
      vertex 8 -10.2086 3.09676
    endloop
  endfacet
  facet normal 0 -0.963754 0.266792
    outer loop
      vertex 37.6237 -10.2086 3.09676
      vertex 8 -10.3483 2.59211
      vertex 37.6237 -10.3483 2.59211
    endloop
  endfacet
  facet normal 0 -0.963754 0.266792
    outer loop
      vertex 50.3237 -10.3483 2.59211
      vertex 79.957 -10.2086 3.09676
      vertex 50.3237 -10.2086 3.09676
    endloop
  endfacet
  facet normal 0 -0.963754 0.266792
    outer loop
      vertex 79.957 -10.2086 3.09676
      vertex 50.3237 -10.3483 2.59211
      vertex 79.957 -10.3483 2.59211
    endloop
  endfacet
  facet normal 0 -0.963754 0.266792
    outer loop
      vertex 92.657 -10.3483 2.59211
      vertex 122.29 -10.2086 3.09676
      vertex 92.657 -10.2086 3.09676
    endloop
  endfacet
  facet normal 0 -0.963754 0.266792
    outer loop
      vertex 122.29 -10.2086 3.09676
      vertex 92.657 -10.3483 2.59211
      vertex 122.29 -10.3483 2.59211
    endloop
  endfacet
  facet normal 0 -0.949554 0.313602
    outer loop
      vertex 134.99 -10.2086 3.09676
      vertex 164.614 -10.0444 3.59394
      vertex 134.99 -10.0444 3.59394
    endloop
  endfacet
  facet normal 0 -0.949554 0.313602
    outer loop
      vertex 164.614 -10.0444 3.59394
      vertex 134.99 -10.2086 3.09676
      vertex 164.614 -10.2086 3.09676
    endloop
  endfacet
  facet normal 0 -0.949554 0.313602
    outer loop
      vertex 8 -10.2086 3.09676
      vertex 37.6237 -10.0444 3.59394
      vertex 8 -10.0444 3.59394
    endloop
  endfacet
  facet normal 0 -0.949554 0.313602
    outer loop
      vertex 37.6237 -10.0444 3.59394
      vertex 8 -10.2086 3.09676
      vertex 37.6237 -10.2086 3.09676
    endloop
  endfacet
  facet normal 0 -0.949554 0.313602
    outer loop
      vertex 50.3237 -10.2086 3.09676
      vertex 79.957 -10.0444 3.59394
      vertex 50.3237 -10.0444 3.59394
    endloop
  endfacet
  facet normal 0 -0.949554 0.313602
    outer loop
      vertex 79.957 -10.0444 3.59394
      vertex 50.3237 -10.2086 3.09676
      vertex 79.957 -10.2086 3.09676
    endloop
  endfacet
  facet normal 0 -0.949554 0.313602
    outer loop
      vertex 92.657 -10.2086 3.09676
      vertex 122.29 -10.0444 3.59394
      vertex 92.657 -10.0444 3.59394
    endloop
  endfacet
  facet normal 0 -0.949554 0.313602
    outer loop
      vertex 122.29 -10.0444 3.59394
      vertex 92.657 -10.2086 3.09676
      vertex 122.29 -10.2086 3.09676
    endloop
  endfacet
  facet normal 0 -0.4929 0.870086
    outer loop
      vertex 134.99 -5.02886 9.40834
      vertex 164.614 -5.48445 9.15025
      vertex 164.614 -5.02886 9.40834
    endloop
  endfacet
  facet normal 0 -0.4929 0.870086
    outer loop
      vertex 164.614 -5.48445 9.15025
      vertex 134.99 -5.02886 9.40834
      vertex 134.99 -5.48445 9.15025
    endloop
  endfacet
  facet normal 0 -0.4929 0.870086
    outer loop
      vertex 8 -5.02886 9.40834
      vertex 37.6237 -5.48445 9.15025
      vertex 37.6237 -5.02886 9.40834
    endloop
  endfacet
  facet normal 0 -0.4929 0.870086
    outer loop
      vertex 37.6237 -5.48445 9.15025
      vertex 8 -5.02886 9.40834
      vertex 8 -5.48445 9.15025
    endloop
  endfacet
  facet normal 0 -0.4929 0.870086
    outer loop
      vertex 50.3237 -5.02886 9.40834
      vertex 79.957 -5.48445 9.15025
      vertex 79.957 -5.02886 9.40834
    endloop
  endfacet
  facet normal 0 -0.4929 0.870086
    outer loop
      vertex 79.957 -5.48445 9.15025
      vertex 50.3237 -5.02886 9.40834
      vertex 50.3237 -5.48445 9.15025
    endloop
  endfacet
  facet normal 0 -0.4929 0.870086
    outer loop
      vertex 92.657 -5.02886 9.40834
      vertex 122.29 -5.48445 9.15025
      vertex 122.29 -5.02886 9.40834
    endloop
  endfacet
  facet normal 0 -0.4929 0.870086
    outer loop
      vertex 122.29 -5.48445 9.15025
      vertex 92.657 -5.02886 9.40834
      vertex 92.657 -5.48445 9.15025
    endloop
  endfacet
  facet normal 0 -0.615226 0.788351
    outer loop
      vertex 134.99 -6.35492 8.56862
      vertex 164.614 -6.76771 8.24648
      vertex 164.614 -6.35492 8.56862
    endloop
  endfacet
  facet normal 0 -0.615226 0.788351
    outer loop
      vertex 164.614 -6.76771 8.24648
      vertex 134.99 -6.35492 8.56862
      vertex 134.99 -6.76771 8.24648
    endloop
  endfacet
  facet normal 0 -0.615226 0.788351
    outer loop
      vertex 8 -6.35492 8.56862
      vertex 37.6237 -6.76771 8.24648
      vertex 37.6237 -6.35492 8.56862
    endloop
  endfacet
  facet normal 0 -0.615226 0.788351
    outer loop
      vertex 37.6237 -6.76771 8.24648
      vertex 8 -6.35492 8.56862
      vertex 8 -6.76771 8.24648
    endloop
  endfacet
  facet normal 0 -0.615226 0.788351
    outer loop
      vertex 50.3237 -6.35492 8.56862
      vertex 79.957 -6.76771 8.24648
      vertex 79.957 -6.35492 8.56862
    endloop
  endfacet
  facet normal 0 -0.615226 0.788351
    outer loop
      vertex 79.957 -6.76771 8.24648
      vertex 50.3237 -6.35492 8.56862
      vertex 50.3237 -6.76771 8.24648
    endloop
  endfacet
  facet normal 0 -0.615226 0.788351
    outer loop
      vertex 92.657 -6.35492 8.56862
      vertex 122.29 -6.76771 8.24648
      vertex 122.29 -6.35492 8.56862
    endloop
  endfacet
  facet normal 0 -0.615226 0.788351
    outer loop
      vertex 122.29 -6.76771 8.24648
      vertex 92.657 -6.35492 8.56862
      vertex 92.657 -6.76771 8.24648
    endloop
  endfacet
  facet normal 0 -0.575806 0.817587
    outer loop
      vertex 134.99 -5.92682 8.87012
      vertex 164.614 -6.35492 8.56862
      vertex 164.614 -5.92682 8.87012
    endloop
  endfacet
  facet normal 0 -0.575806 0.817587
    outer loop
      vertex 164.614 -6.35492 8.56862
      vertex 134.99 -5.92682 8.87012
      vertex 134.99 -6.35492 8.56862
    endloop
  endfacet
  facet normal 0 -0.575806 0.817587
    outer loop
      vertex 8 -5.92682 8.87012
      vertex 37.6237 -6.35492 8.56862
      vertex 37.6237 -5.92682 8.87012
    endloop
  endfacet
  facet normal 0 -0.575806 0.817587
    outer loop
      vertex 37.6237 -6.35492 8.56862
      vertex 8 -5.92682 8.87012
      vertex 8 -6.35492 8.56862
    endloop
  endfacet
  facet normal 0 -0.575806 0.817587
    outer loop
      vertex 50.3237 -5.92682 8.87012
      vertex 79.957 -6.35492 8.56862
      vertex 79.957 -5.92682 8.87012
    endloop
  endfacet
  facet normal 0 -0.575806 0.817587
    outer loop
      vertex 79.957 -6.35492 8.56862
      vertex 50.3237 -5.92682 8.87012
      vertex 50.3237 -6.35492 8.56862
    endloop
  endfacet
  facet normal 0 -0.575806 0.817587
    outer loop
      vertex 92.657 -5.92682 8.87012
      vertex 122.29 -6.35492 8.56862
      vertex 122.29 -5.92682 8.87012
    endloop
  endfacet
  facet normal 0 -0.575806 0.817587
    outer loop
      vertex 122.29 -6.35492 8.56862
      vertex 92.657 -5.92682 8.87012
      vertex 92.657 -6.35492 8.56862
    endloop
  endfacet
  facet normal 0 -0.653177 0.757205
    outer loop
      vertex 134.99 -6.76771 8.24648
      vertex 164.614 -7.16419 7.90447
      vertex 164.614 -6.76771 8.24648
    endloop
  endfacet
  facet normal 0 -0.653177 0.757205
    outer loop
      vertex 164.614 -7.16419 7.90447
      vertex 134.99 -6.76771 8.24648
      vertex 134.99 -7.16419 7.90447
    endloop
  endfacet
  facet normal 0 -0.653177 0.757205
    outer loop
      vertex 8 -6.76771 8.24648
      vertex 37.6237 -7.16419 7.90447
      vertex 37.6237 -6.76771 8.24648
    endloop
  endfacet
  facet normal 0 -0.653177 0.757205
    outer loop
      vertex 37.6237 -7.16419 7.90447
      vertex 8 -6.76771 8.24648
      vertex 8 -7.16419 7.90447
    endloop
  endfacet
  facet normal 0 -0.653177 0.757205
    outer loop
      vertex 50.3237 -6.76771 8.24648
      vertex 79.957 -7.16419 7.90447
      vertex 79.957 -6.76771 8.24648
    endloop
  endfacet
  facet normal 0 -0.653177 0.757205
    outer loop
      vertex 79.957 -7.16419 7.90447
      vertex 50.3237 -6.76771 8.24648
      vertex 50.3237 -7.16419 7.90447
    endloop
  endfacet
  facet normal 0 -0.653177 0.757205
    outer loop
      vertex 92.657 -6.76771 8.24648
      vertex 122.29 -7.16419 7.90447
      vertex 122.29 -6.76771 8.24648
    endloop
  endfacet
  facet normal 0 -0.653177 0.757205
    outer loop
      vertex 122.29 -7.16419 7.90447
      vertex 92.657 -6.76771 8.24648
      vertex 92.657 -7.16419 7.90447
    endloop
  endfacet
  facet normal 0 -0.266792 0.963754
    outer loop
      vertex 134.99 -2.59211 10.3483
      vertex 164.614 -3.09676 10.2086
      vertex 164.614 -2.59211 10.3483
    endloop
  endfacet
  facet normal 0 -0.266792 0.963754
    outer loop
      vertex 164.614 -3.09676 10.2086
      vertex 134.99 -2.59211 10.3483
      vertex 134.99 -3.09676 10.2086
    endloop
  endfacet
  facet normal 0 -0.266792 0.963754
    outer loop
      vertex 8 -2.59211 10.3483
      vertex 37.6237 -3.09676 10.2086
      vertex 37.6237 -2.59211 10.3483
    endloop
  endfacet
  facet normal 0 -0.266792 0.963754
    outer loop
      vertex 37.6237 -3.09676 10.2086
      vertex 8 -2.59211 10.3483
      vertex 8 -3.09676 10.2086
    endloop
  endfacet
  facet normal 0 -0.266792 0.963754
    outer loop
      vertex 50.3237 -2.59211 10.3483
      vertex 79.957 -3.09676 10.2086
      vertex 79.957 -2.59211 10.3483
    endloop
  endfacet
  facet normal 0 -0.266792 0.963754
    outer loop
      vertex 79.957 -3.09676 10.2086
      vertex 50.3237 -2.59211 10.3483
      vertex 50.3237 -3.09676 10.2086
    endloop
  endfacet
  facet normal 0 -0.266792 0.963754
    outer loop
      vertex 92.657 -2.59211 10.3483
      vertex 122.29 -3.09676 10.2086
      vertex 122.29 -2.59211 10.3483
    endloop
  endfacet
  facet normal 0 -0.266792 0.963754
    outer loop
      vertex 122.29 -3.09676 10.2086
      vertex 92.657 -2.59211 10.3483
      vertex 92.657 -3.09676 10.2086
    endloop
  endfacet
  facet normal 0 -0.219057 0.975712
    outer loop
      vertex 8 -2.08122 10.463
      vertex 37.6237 -2.59211 10.3483
      vertex 37.6237 -2.08122 10.463
    endloop
  endfacet
  facet normal 0 -0.219057 0.975712
    outer loop
      vertex 37.6237 -2.59211 10.3483
      vertex 8 -2.08122 10.463
      vertex 8 -2.59211 10.3483
    endloop
  endfacet
  facet normal 0 -0.219057 0.975712
    outer loop
      vertex 134.99 -2.08122 10.463
      vertex 164.614 -2.59211 10.3483
      vertex 164.614 -2.08122 10.463
    endloop
  endfacet
  facet normal 0 -0.219057 0.975712
    outer loop
      vertex 164.614 -2.59211 10.3483
      vertex 134.99 -2.08122 10.463
      vertex 134.99 -2.59211 10.3483
    endloop
  endfacet
  facet normal 0 -0.219057 0.975712
    outer loop
      vertex 50.3237 -2.08122 10.463
      vertex 79.957 -2.59211 10.3483
      vertex 79.957 -2.08122 10.463
    endloop
  endfacet
  facet normal 0 -0.219057 0.975712
    outer loop
      vertex 79.957 -2.59211 10.3483
      vertex 50.3237 -2.08122 10.463
      vertex 50.3237 -2.59211 10.3483
    endloop
  endfacet
  facet normal 0 -0.219057 0.975712
    outer loop
      vertex 92.657 -2.08122 10.463
      vertex 122.29 -2.59211 10.3483
      vertex 122.29 -2.08122 10.463
    endloop
  endfacet
  facet normal 0 -0.219057 0.975712
    outer loop
      vertex 122.29 -2.59211 10.3483
      vertex 92.657 -2.08122 10.463
      vertex 92.657 -2.59211 10.3483
    endloop
  endfacet
  facet normal 0 -0.3599 0.932991
    outer loop
      vertex 134.99 -3.59394 10.0444
      vertex 164.614 -4.08247 9.85595
      vertex 164.614 -3.59394 10.0444
    endloop
  endfacet
  facet normal 0 -0.3599 0.932991
    outer loop
      vertex 164.614 -4.08247 9.85595
      vertex 134.99 -3.59394 10.0444
      vertex 134.99 -4.08247 9.85595
    endloop
  endfacet
  facet normal 0 -0.3599 0.932991
    outer loop
      vertex 8 -3.59394 10.0444
      vertex 37.6237 -4.08247 9.85595
      vertex 37.6237 -3.59394 10.0444
    endloop
  endfacet
  facet normal 0 -0.3599 0.932991
    outer loop
      vertex 37.6237 -4.08247 9.85595
      vertex 8 -3.59394 10.0444
      vertex 8 -4.08247 9.85595
    endloop
  endfacet
  facet normal 0 -0.3599 0.932991
    outer loop
      vertex 50.3237 -3.59394 10.0444
      vertex 79.957 -4.08247 9.85595
      vertex 79.957 -3.59394 10.0444
    endloop
  endfacet
  facet normal 0 -0.3599 0.932991
    outer loop
      vertex 79.957 -4.08247 9.85595
      vertex 50.3237 -3.59394 10.0444
      vertex 50.3237 -4.08247 9.85595
    endloop
  endfacet
  facet normal 0 -0.3599 0.932991
    outer loop
      vertex 92.657 -3.59394 10.0444
      vertex 122.29 -4.08247 9.85595
      vertex 122.29 -3.59394 10.0444
    endloop
  endfacet
  facet normal 0 -0.3599 0.932991
    outer loop
      vertex 122.29 -4.08247 9.85595
      vertex 92.657 -3.59394 10.0444
      vertex 92.657 -4.08247 9.85595
    endloop
  endfacet
  facet normal 0 -0.313602 0.949554
    outer loop
      vertex 134.99 -3.09676 10.2086
      vertex 164.614 -3.59394 10.0444
      vertex 164.614 -3.09676 10.2086
    endloop
  endfacet
  facet normal 0 -0.313602 0.949554
    outer loop
      vertex 164.614 -3.59394 10.0444
      vertex 134.99 -3.09676 10.2086
      vertex 134.99 -3.59394 10.0444
    endloop
  endfacet
  facet normal 0 -0.313602 0.949554
    outer loop
      vertex 8 -3.09676 10.2086
      vertex 37.6237 -3.59394 10.0444
      vertex 37.6237 -3.09676 10.2086
    endloop
  endfacet
  facet normal 0 -0.313602 0.949554
    outer loop
      vertex 37.6237 -3.59394 10.0444
      vertex 8 -3.09676 10.2086
      vertex 8 -3.59394 10.0444
    endloop
  endfacet
  facet normal 0 -0.313602 0.949554
    outer loop
      vertex 50.3237 -3.09676 10.2086
      vertex 79.957 -3.59394 10.0444
      vertex 79.957 -3.09676 10.2086
    endloop
  endfacet
  facet normal 0 -0.313602 0.949554
    outer loop
      vertex 79.957 -3.59394 10.0444
      vertex 50.3237 -3.09676 10.2086
      vertex 50.3237 -3.59394 10.0444
    endloop
  endfacet
  facet normal 0 -0.313602 0.949554
    outer loop
      vertex 92.657 -3.09676 10.2086
      vertex 122.29 -3.59394 10.0444
      vertex 122.29 -3.09676 10.2086
    endloop
  endfacet
  facet normal 0 -0.313602 0.949554
    outer loop
      vertex 122.29 -3.59394 10.0444
      vertex 92.657 -3.09676 10.2086
      vertex 92.657 -3.59394 10.0444
    endloop
  endfacet
  facet normal 0 -0.12242 0.992478
    outer loop
      vertex 134.99 -1.04565 10.6166
      vertex 164.614 -1.56532 10.5525
      vertex 164.614 -1.04565 10.6166
    endloop
  endfacet
  facet normal 0 -0.12242 0.992478
    outer loop
      vertex 164.614 -1.56532 10.5525
      vertex 134.99 -1.04565 10.6166
      vertex 134.99 -1.56532 10.5525
    endloop
  endfacet
  facet normal 0 -0.12242 0.992478
    outer loop
      vertex 8 -1.04565 10.6166
      vertex 37.6237 -1.56532 10.5525
      vertex 37.6237 -1.04565 10.6166
    endloop
  endfacet
  facet normal 0 -0.12242 0.992478
    outer loop
      vertex 37.6237 -1.56532 10.5525
      vertex 8 -1.04565 10.6166
      vertex 8 -1.56532 10.5525
    endloop
  endfacet
  facet normal 0 -0.12242 0.992478
    outer loop
      vertex 50.3237 -1.04565 10.6166
      vertex 79.957 -1.56532 10.5525
      vertex 79.957 -1.04565 10.6166
    endloop
  endfacet
  facet normal 0 -0.12242 0.992478
    outer loop
      vertex 79.957 -1.56532 10.5525
      vertex 50.3237 -1.04565 10.6166
      vertex 50.3237 -1.56532 10.5525
    endloop
  endfacet
  facet normal 0 -0.12242 0.992478
    outer loop
      vertex 92.657 -1.04565 10.6166
      vertex 122.29 -1.56532 10.5525
      vertex 122.29 -1.04565 10.6166
    endloop
  endfacet
  facet normal 0 -0.12242 0.992478
    outer loop
      vertex 122.29 -1.56532 10.5525
      vertex 92.657 -1.04565 10.6166
      vertex 92.657 -1.56532 10.5525
    endloop
  endfacet
  facet normal 0 -0.0735275 0.997293
    outer loop
      vertex 134.99 -0.523454 10.6551
      vertex 164.614 -1.04565 10.6166
      vertex 164.614 -0.523454 10.6551
    endloop
  endfacet
  facet normal 0 -0.0735275 0.997293
    outer loop
      vertex 164.614 -1.04565 10.6166
      vertex 134.99 -0.523454 10.6551
      vertex 134.99 -1.04565 10.6166
    endloop
  endfacet
  facet normal 0 -0.0735275 0.997293
    outer loop
      vertex 8 -0.523454 10.6551
      vertex 37.6237 -1.04565 10.6166
      vertex 37.6237 -0.523454 10.6551
    endloop
  endfacet
  facet normal 0 -0.0735275 0.997293
    outer loop
      vertex 37.6237 -1.04565 10.6166
      vertex 8 -0.523454 10.6551
      vertex 8 -1.04565 10.6166
    endloop
  endfacet
  facet normal 0 -0.0735275 0.997293
    outer loop
      vertex 50.3237 -0.523454 10.6551
      vertex 79.957 -1.04565 10.6166
      vertex 79.957 -0.523454 10.6551
    endloop
  endfacet
  facet normal 0 -0.0735275 0.997293
    outer loop
      vertex 79.957 -1.04565 10.6166
      vertex 50.3237 -0.523454 10.6551
      vertex 50.3237 -1.04565 10.6166
    endloop
  endfacet
  facet normal 0 -0.0735275 0.997293
    outer loop
      vertex 92.657 -0.523454 10.6551
      vertex 122.29 -1.04565 10.6166
      vertex 122.29 -0.523454 10.6551
    endloop
  endfacet
  facet normal 0 -0.0735275 0.997293
    outer loop
      vertex 122.29 -1.04565 10.6166
      vertex 92.657 -0.523454 10.6551
      vertex 92.657 -1.04565 10.6166
    endloop
  endfacet
  facet normal 0 -0.0246365 0.999696
    outer loop
      vertex 134.99 0 10.668
      vertex 164.614 -0.523454 10.6551
      vertex 164.614 0 10.668
    endloop
  endfacet
  facet normal 0 -0.0246365 0.999696
    outer loop
      vertex 164.614 -0.523454 10.6551
      vertex 134.99 0 10.668
      vertex 134.99 -0.523454 10.6551
    endloop
  endfacet
  facet normal 0 -0.0246365 0.999696
    outer loop
      vertex 8 0 10.668
      vertex 37.6237 -0.523454 10.6551
      vertex 37.6237 0 10.668
    endloop
  endfacet
  facet normal 0 -0.0246365 0.999696
    outer loop
      vertex 37.6237 -0.523454 10.6551
      vertex 8 0 10.668
      vertex 8 -0.523454 10.6551
    endloop
  endfacet
  facet normal 0 -0.0246365 0.999696
    outer loop
      vertex 50.3237 0 10.668
      vertex 79.957 -0.523454 10.6551
      vertex 79.957 0 10.668
    endloop
  endfacet
  facet normal 0 -0.0246365 0.999696
    outer loop
      vertex 79.957 -0.523454 10.6551
      vertex 50.3237 0 10.668
      vertex 50.3237 -0.523454 10.6551
    endloop
  endfacet
  facet normal 0 -0.0246365 0.999696
    outer loop
      vertex 92.657 0 10.668
      vertex 122.29 -0.523454 10.6551
      vertex 122.29 0 10.668
    endloop
  endfacet
  facet normal 0 -0.0246365 0.999696
    outer loop
      vertex 122.29 -0.523454 10.6551
      vertex 92.657 0 10.668
      vertex 92.657 -0.523454 10.6551
    endloop
  endfacet
  facet normal 0 -0.985283 0.17093
    outer loop
      vertex 134.99 -10.5525 1.56532
      vertex 164.614 -10.463 2.08122
      vertex 134.99 -10.463 2.08122
    endloop
  endfacet
  facet normal 0 -0.985283 0.17093
    outer loop
      vertex 164.614 -10.463 2.08122
      vertex 134.99 -10.5525 1.56532
      vertex 164.614 -10.5525 1.56532
    endloop
  endfacet
  facet normal 0 -0.985283 0.17093
    outer loop
      vertex 8 -10.5525 1.56532
      vertex 37.6237 -10.463 2.08122
      vertex 8 -10.463 2.08122
    endloop
  endfacet
  facet normal 0 -0.985283 0.17093
    outer loop
      vertex 37.6237 -10.463 2.08122
      vertex 8 -10.5525 1.56532
      vertex 37.6237 -10.5525 1.56532
    endloop
  endfacet
  facet normal 0 -0.985283 0.17093
    outer loop
      vertex 50.3237 -10.5525 1.56532
      vertex 79.957 -10.463 2.08122
      vertex 50.3237 -10.463 2.08122
    endloop
  endfacet
  facet normal 0 -0.985283 0.17093
    outer loop
      vertex 79.957 -10.463 2.08122
      vertex 50.3237 -10.5525 1.56532
      vertex 79.957 -10.5525 1.56532
    endloop
  endfacet
  facet normal 0 -0.985283 0.17093
    outer loop
      vertex 92.657 -10.5525 1.56532
      vertex 122.29 -10.463 2.08122
      vertex 92.657 -10.463 2.08122
    endloop
  endfacet
  facet normal 0 -0.985283 0.17093
    outer loop
      vertex 122.29 -10.463 2.08122
      vertex 92.657 -10.5525 1.56532
      vertex 122.29 -10.5525 1.56532
    endloop
  endfacet
  facet normal 0 -0.997293 0.0735275
    outer loop
      vertex 134.99 -10.6551 0.523454
      vertex 164.614 -10.6166 1.04565
      vertex 134.99 -10.6166 1.04565
    endloop
  endfacet
  facet normal 0 -0.997293 0.0735275
    outer loop
      vertex 164.614 -10.6166 1.04565
      vertex 134.99 -10.6551 0.523454
      vertex 164.614 -10.6551 0.523454
    endloop
  endfacet
  facet normal 0 -0.997293 0.0735275
    outer loop
      vertex 8 -10.6551 0.523454
      vertex 37.6237 -10.6166 1.04565
      vertex 8 -10.6166 1.04565
    endloop
  endfacet
  facet normal 0 -0.997293 0.0735275
    outer loop
      vertex 37.6237 -10.6166 1.04565
      vertex 8 -10.6551 0.523454
      vertex 37.6237 -10.6551 0.523454
    endloop
  endfacet
  facet normal 0 -0.997293 0.0735275
    outer loop
      vertex 50.3237 -10.6551 0.523454
      vertex 79.957 -10.6166 1.04565
      vertex 50.3237 -10.6166 1.04565
    endloop
  endfacet
  facet normal 0 -0.997293 0.0735275
    outer loop
      vertex 79.957 -10.6166 1.04565
      vertex 50.3237 -10.6551 0.523454
      vertex 79.957 -10.6551 0.523454
    endloop
  endfacet
  facet normal 0 -0.997293 0.0735275
    outer loop
      vertex 92.657 -10.6551 0.523454
      vertex 122.29 -10.6166 1.04565
      vertex 92.657 -10.6166 1.04565
    endloop
  endfacet
  facet normal 0 -0.997293 0.0735275
    outer loop
      vertex 122.29 -10.6166 1.04565
      vertex 92.657 -10.6551 0.523454
      vertex 122.29 -10.6551 0.523454
    endloop
  endfacet
  facet normal 0 -0.992478 0.12242
    outer loop
      vertex 134.99 -10.6166 1.04565
      vertex 164.614 -10.5525 1.56532
      vertex 134.99 -10.5525 1.56532
    endloop
  endfacet
  facet normal 0 -0.992478 0.12242
    outer loop
      vertex 164.614 -10.5525 1.56532
      vertex 134.99 -10.6166 1.04565
      vertex 164.614 -10.6166 1.04565
    endloop
  endfacet
  facet normal 0 -0.992478 0.12242
    outer loop
      vertex 8 -10.6166 1.04565
      vertex 37.6237 -10.5525 1.56532
      vertex 8 -10.5525 1.56532
    endloop
  endfacet
  facet normal 0 -0.992478 0.12242
    outer loop
      vertex 37.6237 -10.5525 1.56532
      vertex 8 -10.6166 1.04565
      vertex 37.6237 -10.6166 1.04565
    endloop
  endfacet
  facet normal 0 -0.992478 0.12242
    outer loop
      vertex 50.3237 -10.6166 1.04565
      vertex 79.957 -10.5525 1.56532
      vertex 50.3237 -10.5525 1.56532
    endloop
  endfacet
  facet normal 0 -0.992478 0.12242
    outer loop
      vertex 79.957 -10.5525 1.56532
      vertex 50.3237 -10.6166 1.04565
      vertex 79.957 -10.6166 1.04565
    endloop
  endfacet
  facet normal 0 -0.992478 0.12242
    outer loop
      vertex 92.657 -10.6166 1.04565
      vertex 122.29 -10.5525 1.56532
      vertex 92.657 -10.5525 1.56532
    endloop
  endfacet
  facet normal 0 -0.992478 0.12242
    outer loop
      vertex 122.29 -10.5525 1.56532
      vertex 92.657 -10.6166 1.04565
      vertex 122.29 -10.6166 1.04565
    endloop
  endfacet
  facet normal 0 -0.914209 0.405243
    outer loop
      vertex 8 -9.85595 4.08247
      vertex 37.6237 -9.64376 4.56116
      vertex 8 -9.64376 4.56116
    endloop
  endfacet
  facet normal 0 -0.914209 0.405243
    outer loop
      vertex 37.6237 -9.64376 4.56116
      vertex 8 -9.85595 4.08247
      vertex 37.6237 -9.85595 4.08247
    endloop
  endfacet
  facet normal 0 -0.914209 0.405243
    outer loop
      vertex 134.99 -9.85595 4.08247
      vertex 164.614 -9.64376 4.56116
      vertex 134.99 -9.64376 4.56116
    endloop
  endfacet
  facet normal 0 -0.914209 0.405243
    outer loop
      vertex 164.614 -9.64376 4.56116
      vertex 134.99 -9.85595 4.08247
      vertex 164.614 -9.85595 4.08247
    endloop
  endfacet
  facet normal 0 -0.914209 0.405243
    outer loop
      vertex 50.3237 -9.85595 4.08247
      vertex 79.957 -9.64376 4.56116
      vertex 50.3237 -9.64376 4.56116
    endloop
  endfacet
  facet normal 0 -0.914209 0.405243
    outer loop
      vertex 79.957 -9.64376 4.56116
      vertex 50.3237 -9.85595 4.08247
      vertex 79.957 -9.85595 4.08247
    endloop
  endfacet
  facet normal 0 -0.914209 0.405243
    outer loop
      vertex 92.657 -9.85595 4.08247
      vertex 122.29 -9.64376 4.56116
      vertex 92.657 -9.64376 4.56116
    endloop
  endfacet
  facet normal 0 -0.914209 0.405243
    outer loop
      vertex 122.29 -9.64376 4.56116
      vertex 92.657 -9.85595 4.08247
      vertex 122.29 -9.85595 4.08247
    endloop
  endfacet
  facet normal 0 -0.870086 0.4929
    outer loop
      vertex 8 -9.40834 5.02886
      vertex 37.6237 -9.15025 5.48445
      vertex 8 -9.15025 5.48445
    endloop
  endfacet
  facet normal 0 -0.870086 0.4929
    outer loop
      vertex 37.6237 -9.15025 5.48445
      vertex 8 -9.40834 5.02886
      vertex 37.6237 -9.40834 5.02886
    endloop
  endfacet
  facet normal 0 -0.870086 0.4929
    outer loop
      vertex 134.99 -9.40834 5.02886
      vertex 164.614 -9.15025 5.48445
      vertex 134.99 -9.15025 5.48445
    endloop
  endfacet
  facet normal 0 -0.870086 0.4929
    outer loop
      vertex 164.614 -9.15025 5.48445
      vertex 134.99 -9.40834 5.02886
      vertex 164.614 -9.40834 5.02886
    endloop
  endfacet
  facet normal 0 -0.870086 0.4929
    outer loop
      vertex 50.3237 -9.40834 5.02886
      vertex 79.957 -9.15025 5.48445
      vertex 50.3237 -9.15025 5.48445
    endloop
  endfacet
  facet normal 0 -0.870086 0.4929
    outer loop
      vertex 79.957 -9.15025 5.48445
      vertex 50.3237 -9.40834 5.02886
      vertex 79.957 -9.40834 5.02886
    endloop
  endfacet
  facet normal 0 -0.870086 0.4929
    outer loop
      vertex 92.657 -9.40834 5.02886
      vertex 122.29 -9.15025 5.48445
      vertex 92.657 -9.15025 5.48445
    endloop
  endfacet
  facet normal 0 -0.870086 0.4929
    outer loop
      vertex 122.29 -9.15025 5.48445
      vertex 92.657 -9.40834 5.02886
      vertex 122.29 -9.40834 5.02886
    endloop
  endfacet
  facet normal 0 -0.757205 0.653177
    outer loop
      vertex 8 -8.24648 6.76771
      vertex 37.6237 -7.90447 7.16419
      vertex 8 -7.90447 7.16419
    endloop
  endfacet
  facet normal 0 -0.757205 0.653177
    outer loop
      vertex 37.6237 -7.90447 7.16419
      vertex 8 -8.24648 6.76771
      vertex 37.6237 -8.24648 6.76771
    endloop
  endfacet
  facet normal 0 -0.757205 0.653177
    outer loop
      vertex 134.99 -8.24648 6.76771
      vertex 164.614 -7.90447 7.16419
      vertex 134.99 -7.90447 7.16419
    endloop
  endfacet
  facet normal 0 -0.757205 0.653177
    outer loop
      vertex 164.614 -7.90447 7.16419
      vertex 134.99 -8.24648 6.76771
      vertex 164.614 -8.24648 6.76771
    endloop
  endfacet
  facet normal 0 -0.757205 0.653177
    outer loop
      vertex 50.3237 -8.24648 6.76771
      vertex 79.957 -7.90447 7.16419
      vertex 50.3237 -7.90447 7.16419
    endloop
  endfacet
  facet normal 0 -0.757205 0.653177
    outer loop
      vertex 79.957 -7.90447 7.16419
      vertex 50.3237 -8.24648 6.76771
      vertex 79.957 -8.24648 6.76771
    endloop
  endfacet
  facet normal 0 -0.757205 0.653177
    outer loop
      vertex 92.657 -8.24648 6.76771
      vertex 122.29 -7.90447 7.16419
      vertex 92.657 -7.90447 7.16419
    endloop
  endfacet
  facet normal 0 -0.757205 0.653177
    outer loop
      vertex 122.29 -7.90447 7.16419
      vertex 92.657 -8.24648 6.76771
      vertex 122.29 -8.24648 6.76771
    endloop
  endfacet
  facet normal 0 -0.975712 0.219057
    outer loop
      vertex 134.99 -10.463 2.08122
      vertex 164.614 -10.3483 2.59211
      vertex 134.99 -10.3483 2.59211
    endloop
  endfacet
  facet normal 0 -0.975712 0.219057
    outer loop
      vertex 164.614 -10.3483 2.59211
      vertex 134.99 -10.463 2.08122
      vertex 164.614 -10.463 2.08122
    endloop
  endfacet
  facet normal 0 -0.975712 0.219057
    outer loop
      vertex 8 -10.463 2.08122
      vertex 37.6237 -10.3483 2.59211
      vertex 8 -10.3483 2.59211
    endloop
  endfacet
  facet normal 0 -0.975712 0.219057
    outer loop
      vertex 37.6237 -10.3483 2.59211
      vertex 8 -10.463 2.08122
      vertex 37.6237 -10.463 2.08122
    endloop
  endfacet
  facet normal 0 -0.975712 0.219057
    outer loop
      vertex 50.3237 -10.463 2.08122
      vertex 79.957 -10.3483 2.59211
      vertex 50.3237 -10.3483 2.59211
    endloop
  endfacet
  facet normal 0 -0.975712 0.219057
    outer loop
      vertex 79.957 -10.3483 2.59211
      vertex 50.3237 -10.463 2.08122
      vertex 79.957 -10.463 2.08122
    endloop
  endfacet
  facet normal 0 -0.975712 0.219057
    outer loop
      vertex 92.657 -10.463 2.08122
      vertex 122.29 -10.3483 2.59211
      vertex 92.657 -10.3483 2.59211
    endloop
  endfacet
  facet normal 0 -0.975712 0.219057
    outer loop
      vertex 122.29 -10.3483 2.59211
      vertex 92.657 -10.463 2.08122
      vertex 122.29 -10.463 2.08122
    endloop
  endfacet
  facet normal 0 -0.724254 0.689534
    outer loop
      vertex 134.99 -7.90447 7.16419
      vertex 164.614 -7.54342 7.54342
      vertex 134.99 -7.54342 7.54342
    endloop
  endfacet
  facet normal 0 -0.724254 0.689534
    outer loop
      vertex 164.614 -7.54342 7.54342
      vertex 134.99 -7.90447 7.16419
      vertex 164.614 -7.90447 7.16419
    endloop
  endfacet
  facet normal 0 -0.724254 0.689534
    outer loop
      vertex 8 -7.90447 7.16419
      vertex 37.6237 -7.54342 7.54342
      vertex 8 -7.54342 7.54342
    endloop
  endfacet
  facet normal 0 -0.724254 0.689534
    outer loop
      vertex 37.6237 -7.54342 7.54342
      vertex 8 -7.90447 7.16419
      vertex 37.6237 -7.90447 7.16419
    endloop
  endfacet
  facet normal 0 -0.724254 0.689534
    outer loop
      vertex 50.3237 -7.90447 7.16419
      vertex 79.957 -7.54342 7.54342
      vertex 50.3237 -7.54342 7.54342
    endloop
  endfacet
  facet normal 0 -0.724254 0.689534
    outer loop
      vertex 79.957 -7.54342 7.54342
      vertex 50.3237 -7.90447 7.16419
      vertex 79.957 -7.90447 7.16419
    endloop
  endfacet
  facet normal 0 -0.724254 0.689534
    outer loop
      vertex 92.657 -7.90447 7.16419
      vertex 122.29 -7.54342 7.54342
      vertex 92.657 -7.54342 7.54342
    endloop
  endfacet
  facet normal 0 -0.724254 0.689534
    outer loop
      vertex 122.29 -7.54342 7.54342
      vertex 92.657 -7.90447 7.16419
      vertex 122.29 -7.90447 7.16419
    endloop
  endfacet
  facet normal 0 -0.932991 0.3599
    outer loop
      vertex 134.99 -10.0444 3.59394
      vertex 164.614 -9.85595 4.08247
      vertex 134.99 -9.85595 4.08247
    endloop
  endfacet
  facet normal 0 -0.932991 0.3599
    outer loop
      vertex 164.614 -9.85595 4.08247
      vertex 134.99 -10.0444 3.59394
      vertex 164.614 -10.0444 3.59394
    endloop
  endfacet
  facet normal 0 -0.932991 0.3599
    outer loop
      vertex 8 -10.0444 3.59394
      vertex 37.6237 -9.85595 4.08247
      vertex 8 -9.85595 4.08247
    endloop
  endfacet
  facet normal 0 -0.932991 0.3599
    outer loop
      vertex 37.6237 -9.85595 4.08247
      vertex 8 -10.0444 3.59394
      vertex 37.6237 -10.0444 3.59394
    endloop
  endfacet
  facet normal 0 -0.932991 0.3599
    outer loop
      vertex 50.3237 -10.0444 3.59394
      vertex 79.957 -9.85595 4.08247
      vertex 50.3237 -9.85595 4.08247
    endloop
  endfacet
  facet normal 0 -0.932991 0.3599
    outer loop
      vertex 79.957 -9.85595 4.08247
      vertex 50.3237 -10.0444 3.59394
      vertex 79.957 -10.0444 3.59394
    endloop
  endfacet
  facet normal 0 -0.932991 0.3599
    outer loop
      vertex 92.657 -10.0444 3.59394
      vertex 122.29 -9.85595 4.08247
      vertex 92.657 -9.85595 4.08247
    endloop
  endfacet
  facet normal 0 -0.932991 0.3599
    outer loop
      vertex 122.29 -9.85595 4.08247
      vertex 92.657 -10.0444 3.59394
      vertex 122.29 -10.0444 3.59394
    endloop
  endfacet
  facet normal 0 -0.844852 0.535001
    outer loop
      vertex 8 -9.15025 5.48445
      vertex 37.6237 -8.87012 5.92682
      vertex 8 -8.87012 5.92682
    endloop
  endfacet
  facet normal 0 -0.844852 0.535001
    outer loop
      vertex 37.6237 -8.87012 5.92682
      vertex 8 -9.15025 5.48445
      vertex 37.6237 -9.15025 5.48445
    endloop
  endfacet
  facet normal 0 -0.844852 0.535001
    outer loop
      vertex 134.99 -9.15025 5.48445
      vertex 164.614 -8.87012 5.92682
      vertex 134.99 -8.87012 5.92682
    endloop
  endfacet
  facet normal 0 -0.844852 0.535001
    outer loop
      vertex 164.614 -8.87012 5.92682
      vertex 134.99 -9.15025 5.48445
      vertex 164.614 -9.15025 5.48445
    endloop
  endfacet
  facet normal 0 -0.844852 0.535001
    outer loop
      vertex 50.3237 -9.15025 5.48445
      vertex 79.957 -8.87012 5.92682
      vertex 50.3237 -8.87012 5.92682
    endloop
  endfacet
  facet normal 0 -0.844852 0.535001
    outer loop
      vertex 79.957 -8.87012 5.92682
      vertex 50.3237 -9.15025 5.48445
      vertex 79.957 -9.15025 5.48445
    endloop
  endfacet
  facet normal 0 -0.844852 0.535001
    outer loop
      vertex 92.657 -9.15025 5.48445
      vertex 122.29 -8.87012 5.92682
      vertex 92.657 -8.87012 5.92682
    endloop
  endfacet
  facet normal 0 -0.844852 0.535001
    outer loop
      vertex 122.29 -8.87012 5.92682
      vertex 92.657 -9.15025 5.48445
      vertex 122.29 -9.15025 5.48445
    endloop
  endfacet
  facet normal 0 -0.788351 0.615226
    outer loop
      vertex 134.99 -8.56862 6.35492
      vertex 164.614 -8.24648 6.76771
      vertex 134.99 -8.24648 6.76771
    endloop
  endfacet
  facet normal 0 -0.788351 0.615226
    outer loop
      vertex 164.614 -8.24648 6.76771
      vertex 134.99 -8.56862 6.35492
      vertex 164.614 -8.56862 6.35492
    endloop
  endfacet
  facet normal 0 -0.788351 0.615226
    outer loop
      vertex 8 -8.56862 6.35492
      vertex 37.6237 -8.24648 6.76771
      vertex 8 -8.24648 6.76771
    endloop
  endfacet
  facet normal 0 -0.788351 0.615226
    outer loop
      vertex 37.6237 -8.24648 6.76771
      vertex 8 -8.56862 6.35492
      vertex 37.6237 -8.56862 6.35492
    endloop
  endfacet
  facet normal 0 -0.788351 0.615226
    outer loop
      vertex 50.3237 -8.56862 6.35492
      vertex 79.957 -8.24648 6.76771
      vertex 50.3237 -8.24648 6.76771
    endloop
  endfacet
  facet normal 0 -0.788351 0.615226
    outer loop
      vertex 79.957 -8.24648 6.76771
      vertex 50.3237 -8.56862 6.35492
      vertex 79.957 -8.56862 6.35492
    endloop
  endfacet
  facet normal 0 -0.788351 0.615226
    outer loop
      vertex 92.657 -8.56862 6.35492
      vertex 122.29 -8.24648 6.76771
      vertex 92.657 -8.24648 6.76771
    endloop
  endfacet
  facet normal 0 -0.788351 0.615226
    outer loop
      vertex 122.29 -8.24648 6.76771
      vertex 92.657 -8.56862 6.35492
      vertex 122.29 -8.56862 6.35492
    endloop
  endfacet
  facet normal 0 -0.893225 0.449611
    outer loop
      vertex 8 -9.64376 4.56116
      vertex 37.6237 -9.40834 5.02886
      vertex 8 -9.40834 5.02886
    endloop
  endfacet
  facet normal 0 -0.893225 0.449611
    outer loop
      vertex 37.6237 -9.40834 5.02886
      vertex 8 -9.64376 4.56116
      vertex 37.6237 -9.64376 4.56116
    endloop
  endfacet
  facet normal 0 -0.893225 0.449611
    outer loop
      vertex 134.99 -9.64376 4.56116
      vertex 164.614 -9.40834 5.02886
      vertex 134.99 -9.40834 5.02886
    endloop
  endfacet
  facet normal 0 -0.893225 0.449611
    outer loop
      vertex 164.614 -9.40834 5.02886
      vertex 134.99 -9.64376 4.56116
      vertex 164.614 -9.64376 4.56116
    endloop
  endfacet
  facet normal 0 -0.893225 0.449611
    outer loop
      vertex 50.3237 -9.64376 4.56116
      vertex 79.957 -9.40834 5.02886
      vertex 50.3237 -9.40834 5.02886
    endloop
  endfacet
  facet normal 0 -0.893225 0.449611
    outer loop
      vertex 79.957 -9.40834 5.02886
      vertex 50.3237 -9.64376 4.56116
      vertex 79.957 -9.64376 4.56116
    endloop
  endfacet
  facet normal 0 -0.893225 0.449611
    outer loop
      vertex 92.657 -9.64376 4.56116
      vertex 122.29 -9.40834 5.02886
      vertex 92.657 -9.40834 5.02886
    endloop
  endfacet
  facet normal 0 -0.893225 0.449611
    outer loop
      vertex 122.29 -9.40834 5.02886
      vertex 92.657 -9.64376 4.56116
      vertex 122.29 -9.64376 4.56116
    endloop
  endfacet
  facet normal 0 0 -1
    outer loop
      vertex 50.3237 -11.068 0
      vertex 37.6237 -11.068 0
      vertex 50.3237 -10.668 0
    endloop
  endfacet
  facet normal 0 0 -1
    outer loop
      vertex 92.657 -11.068 0
      vertex 79.957 -11.068 0
      vertex 92.657 -10.668 0
    endloop
  endfacet
  facet normal 0 0 -1
    outer loop
      vertex 134.99 -11.068 0
      vertex 122.29 -11.068 0
      vertex 134.99 -10.668 0
    endloop
  endfacet
  facet normal 0 0 -1
    outer loop
      vertex 163.414 -9.468 0
      vertex 164.614 -9.12104 0
      vertex 164.614 -10.668 0
    endloop
  endfacet
  facet normal -0 0 -1
    outer loop
      vertex 164.614 -9.12104 0
      vertex 163.414 -9.468 0
      vertex 164.614 9.12104 0
    endloop
  endfacet
  facet normal 0 0 -1
    outer loop
      vertex 163.414 9.468 0
      vertex 164.614 9.12104 0
      vertex 163.414 -9.468 0
    endloop
  endfacet
  facet normal 0 0 -1
    outer loop
      vertex 134.99 -10.668 0
      vertex 163.414 -9.468 0
      vertex 164.614 -10.668 0
    endloop
  endfacet
  facet normal 0 0 -1
    outer loop
      vertex 122.29 -10.668 0
      vertex 134.99 -10.668 0
      vertex 122.29 -11.068 0
    endloop
  endfacet
  facet normal 0 0 -1
    outer loop
      vertex 134.99 -10.668 0
      vertex 122.29 -10.668 0
      vertex 163.414 -9.468 0
    endloop
  endfacet
  facet normal 0 0 -1
    outer loop
      vertex 92.657 -10.668 0
      vertex 163.414 -9.468 0
      vertex 122.29 -10.668 0
    endloop
  endfacet
  facet normal 0 0 -1
    outer loop
      vertex 79.957 -10.668 0
      vertex 92.657 -10.668 0
      vertex 79.957 -11.068 0
    endloop
  endfacet
  facet normal 0 0 -1
    outer loop
      vertex 79.957 -10.668 0
      vertex 163.414 -9.468 0
      vertex 92.657 -10.668 0
    endloop
  endfacet
  facet normal 0 0 -1
    outer loop
      vertex 9.2 -9.468 0
      vertex 79.957 -10.668 0
      vertex 50.3237 -10.668 0
    endloop
  endfacet
  facet normal 0 0 -1
    outer loop
      vertex 37.6237 -10.668 0
      vertex 50.3237 -10.668 0
      vertex 37.6237 -11.068 0
    endloop
  endfacet
  facet normal 0 0 -1
    outer loop
      vertex 9.2 -9.468 0
      vertex 50.3237 -10.668 0
      vertex 37.6237 -10.668 0
    endloop
  endfacet
  facet normal 0 0 -1
    outer loop
      vertex 79.957 -10.668 0
      vertex 9.2 -9.468 0
      vertex 163.414 -9.468 0
    endloop
  endfacet
  facet normal 0 0 -1
    outer loop
      vertex 8 -9.12104 0
      vertex 9.2 -9.468 0
      vertex 8 -10.668 0
    endloop
  endfacet
  facet normal 0 0 -1
    outer loop
      vertex 8 -10.668 0
      vertex 9.2 -9.468 0
      vertex 37.6237 -10.668 0
    endloop
  endfacet
  facet normal 0 0 -1
    outer loop
      vertex 164.614 -9.12104 0
      vertex 172.014 9.12104 0
      vertex 172.014 -9.12104 0
    endloop
  endfacet
  facet normal -0 0 -1
    outer loop
      vertex 172.014 9.12104 0
      vertex 164.614 -9.12104 0
      vertex 164.614 9.12104 0
    endloop
  endfacet
  facet normal 0 0 -1
    outer loop
      vertex 164.614 9.12104 0
      vertex 163.414 9.468 0
      vertex 164.614 10.668 0
    endloop
  endfacet
  facet normal 0 0 -1
    outer loop
      vertex 163.414 9.468 0
      vertex 134.99 10.668 0
      vertex 164.614 10.668 0
    endloop
  endfacet
  facet normal 0 0 -1
    outer loop
      vertex 134.99 10.668 0
      vertex 122.29 10.668 0
      vertex 134.99 11.068 0
    endloop
  endfacet
  facet normal 0 0 -1
    outer loop
      vertex 163.414 9.468 0
      vertex 122.29 10.668 0
      vertex 134.99 10.668 0
    endloop
  endfacet
  facet normal 0 0 -1
    outer loop
      vertex 163.414 9.468 0
      vertex 92.657 10.668 0
      vertex 122.29 10.668 0
    endloop
  endfacet
  facet normal 0 0 -1
    outer loop
      vertex 92.657 10.668 0
      vertex 79.957 10.668 0
      vertex 92.657 11.068 0
    endloop
  endfacet
  facet normal 0 0 -1
    outer loop
      vertex 163.414 9.468 0
      vertex 79.957 10.668 0
      vertex 92.657 10.668 0
    endloop
  endfacet
  facet normal 0 0 -1
    outer loop
      vertex 9.2 9.468 0
      vertex 79.957 10.668 0
      vertex 163.414 9.468 0
    endloop
  endfacet
  facet normal 0 0 -1
    outer loop
      vertex 50.3237 10.668 0
      vertex 37.6237 10.668 0
      vertex 50.3237 11.068 0
    endloop
  endfacet
  facet normal -0 0 -1
    outer loop
      vertex 79.957 10.668 0
      vertex 9.2 9.468 0
      vertex 50.3237 10.668 0
    endloop
  endfacet
  facet normal -0 0 -1
    outer loop
      vertex 50.3237 10.668 0
      vertex 9.2 9.468 0
      vertex 37.6237 10.668 0
    endloop
  endfacet
  facet normal 0 0 -1
    outer loop
      vertex 9.2 -9.468 0
      vertex 8 -9.12104 0
      vertex 9.2 9.468 0
    endloop
  endfacet
  facet normal 0 0 -1
    outer loop
      vertex 8 9.12104 0
      vertex 9.2 9.468 0
      vertex 8 -9.12104 0
    endloop
  endfacet
  facet normal 0 0 -1
    outer loop
      vertex 9.2 9.468 0
      vertex 8 10.668 0
      vertex 37.6237 10.668 0
    endloop
  endfacet
  facet normal 0 0 -1
    outer loop
      vertex 8 10.668 0
      vertex 9.2 9.468 0
      vertex 8 9.12104 0
    endloop
  endfacet
  facet normal -0 0 -1
    outer loop
      vertex 134.99 11.068 0
      vertex 122.29 10.668 0
      vertex 122.29 11.068 0
    endloop
  endfacet
  facet normal -0 0 -1
    outer loop
      vertex 92.657 11.068 0
      vertex 79.957 10.668 0
      vertex 79.957 11.068 0
    endloop
  endfacet
  facet normal 0 0 -1
    outer loop
      vertex 0.599999 -9.12104 0
      vertex 8 9.12104 0
      vertex 8 -9.12104 0
    endloop
  endfacet
  facet normal -0 0 -1
    outer loop
      vertex 8 9.12104 0
      vertex 0.599999 -9.12104 0
      vertex 0.599999 9.12104 0
    endloop
  endfacet
  facet normal -0 0 -1
    outer loop
      vertex 50.3237 11.068 0
      vertex 37.6237 10.668 0
      vertex 37.6237 11.068 0
    endloop
  endfacet
  facet normal 0 -0.0245528 -0.999699
    outer loop
      vertex 9.2 0 9.468
      vertex 163.414 0.464572 9.45659
      vertex 163.414 0 9.468
    endloop
  endfacet
  facet normal -0 -0.0245528 -0.999699
    outer loop
      vertex 163.414 0.464572 9.45659
      vertex 9.2 0 9.468
      vertex 9.2 0.464572 9.45659
    endloop
  endfacet
  facet normal 0 0.999699 -0.0245528
    outer loop
      vertex 163.414 -9.468 0
      vertex 9.2 -9.45659 0.464572
      vertex 163.414 -9.45659 0.464572
    endloop
  endfacet
  facet normal 0 0.999699 -0.0245528
    outer loop
      vertex 9.2 -9.45659 0.464572
      vertex 163.414 -9.468 0
      vertex 9.2 -9.468 0
    endloop
  endfacet
  facet normal 0 0.689528 -0.724259
    outer loop
      vertex 9.2 -6.69489 6.69489
      vertex 163.414 -6.35832 7.01532
      vertex 163.414 -6.69489 6.69489
    endloop
  endfacet
  facet normal 0 0.689528 -0.724259
    outer loop
      vertex 163.414 -6.35832 7.01532
      vertex 9.2 -6.69489 6.69489
      vertex 9.2 -6.35832 7.01532
    endloop
  endfacet
  facet normal 0 -0.724259 -0.689528
    outer loop
      vertex 9.2 7.01532 6.35832
      vertex 163.414 6.69489 6.69489
      vertex 9.2 6.69489 6.69489
    endloop
  endfacet
  facet normal 0 -0.724259 -0.689528
    outer loop
      vertex 163.414 6.69489 6.69489
      vertex 9.2 7.01532 6.35832
      vertex 163.414 7.01532 6.35832
    endloop
  endfacet
  facet normal 0 -0.615231 -0.788347
    outer loop
      vertex 9.2 5.64008 7.60477
      vertex 163.414 6.00644 7.31886
      vertex 163.414 5.64008 7.60477
    endloop
  endfacet
  facet normal -0 -0.615231 -0.788347
    outer loop
      vertex 163.414 6.00644 7.31886
      vertex 9.2 5.64008 7.60477
      vertex 9.2 6.00644 7.31886
    endloop
  endfacet
  facet normal 0 -0.992478 -0.122421
    outer loop
      vertex 9.2 9.42241 0.928026
      vertex 163.414 9.36552 1.38924
      vertex 9.2 9.36552 1.38924
    endloop
  endfacet
  facet normal 0 -0.992478 -0.122421
    outer loop
      vertex 163.414 9.36552 1.38924
      vertex 9.2 9.42241 0.928026
      vertex 163.414 9.42241 0.928026
    endloop
  endfacet
  facet normal 0 0.122421 -0.992478
    outer loop
      vertex 9.2 -1.38924 9.36552
      vertex 163.414 -0.928026 9.42241
      vertex 163.414 -1.38924 9.36552
    endloop
  endfacet
  facet normal 0 0.122421 -0.992478
    outer loop
      vertex 163.414 -0.928026 9.42241
      vertex 9.2 -1.38924 9.36552
      vertex 9.2 -0.928026 9.42241
    endloop
  endfacet
  facet normal 0 -0.266728 -0.963772
    outer loop
      vertex 9.2 2.30054 9.18426
      vertex 163.414 2.74841 9.06031
      vertex 163.414 2.30054 9.18426
    endloop
  endfacet
  facet normal -0 -0.266728 -0.963772
    outer loop
      vertex 163.414 2.74841 9.06031
      vertex 9.2 2.30054 9.18426
      vertex 9.2 2.74841 9.06031
    endloop
  endfacet
  facet normal 0 -0.492905 -0.870083
    outer loop
      vertex 9.2 4.46318 8.35003
      vertex 163.414 4.86752 8.12097
      vertex 163.414 4.46318 8.35003
    endloop
  endfacet
  facet normal -0 -0.492905 -0.870083
    outer loop
      vertex 163.414 4.86752 8.12097
      vertex 9.2 4.46318 8.35003
      vertex 9.2 4.86752 8.12097
    endloop
  endfacet
  facet normal 0 -0.313677 -0.94953
    outer loop
      vertex 9.2 2.74841 9.06031
      vertex 163.414 3.18967 8.91454
      vertex 163.414 2.74841 9.06031
    endloop
  endfacet
  facet normal -0 -0.313677 -0.94953
    outer loop
      vertex 163.414 3.18967 8.91454
      vertex 9.2 2.74841 9.06031
      vertex 9.2 3.18967 8.91454
    endloop
  endfacet
  facet normal 0 -0.893223 -0.449613
    outer loop
      vertex 9.2 8.55897 4.04809
      vertex 163.414 8.35003 4.46318
      vertex 9.2 8.35003 4.46318
    endloop
  endfacet
  facet normal 0 -0.893223 -0.449613
    outer loop
      vertex 163.414 8.35003 4.46318
      vertex 9.2 8.55897 4.04809
      vertex 163.414 8.55897 4.04809
    endloop
  endfacet
  facet normal 0 -0.870083 -0.492905
    outer loop
      vertex 9.2 8.35003 4.46318
      vertex 163.414 8.12097 4.86752
      vertex 9.2 8.12097 4.86752
    endloop
  endfacet
  facet normal 0 -0.870083 -0.492905
    outer loop
      vertex 163.414 8.12097 4.86752
      vertex 9.2 8.35003 4.46318
      vertex 163.414 8.35003 4.46318
    endloop
  endfacet
  facet normal 0 -0.997291 -0.0735508
    outer loop
      vertex 9.2 9.45659 0.464572
      vertex 163.414 9.42241 0.928026
      vertex 9.2 9.42241 0.928026
    endloop
  endfacet
  facet normal 0 -0.997291 -0.0735508
    outer loop
      vertex 163.414 9.42241 0.928026
      vertex 9.2 9.45659 0.464572
      vertex 163.414 9.45659 0.464572
    endloop
  endfacet
  facet normal 0 0.963772 -0.266728
    outer loop
      vertex 163.414 -9.18426 2.30054
      vertex 9.2 -9.06031 2.74841
      vertex 163.414 -9.06031 2.74841
    endloop
  endfacet
  facet normal 0 0.963772 -0.266728
    outer loop
      vertex 9.2 -9.06031 2.74841
      vertex 163.414 -9.18426 2.30054
      vertex 9.2 -9.18426 2.30054
    endloop
  endfacet
  facet normal 0 0.757202 -0.653181
    outer loop
      vertex 163.414 -7.31886 6.00644
      vertex 9.2 -7.01532 6.35832
      vertex 163.414 -7.01532 6.35832
    endloop
  endfacet
  facet normal 0 0.757202 -0.653181
    outer loop
      vertex 9.2 -7.01532 6.35832
      vertex 163.414 -7.31886 6.00644
      vertex 9.2 -7.31886 6.00644
    endloop
  endfacet
  facet normal 0 0.788347 -0.615231
    outer loop
      vertex 163.414 -7.60477 5.64008
      vertex 9.2 -7.31886 6.00644
      vertex 163.414 -7.31886 6.00644
    endloop
  endfacet
  facet normal 0 0.788347 -0.615231
    outer loop
      vertex 9.2 -7.31886 6.00644
      vertex 163.414 -7.60477 5.64008
      vertex 9.2 -7.60477 5.64008
    endloop
  endfacet
  facet normal 0 0.94953 -0.313677
    outer loop
      vertex 163.414 -9.06031 2.74841
      vertex 9.2 -8.91454 3.18967
      vertex 163.414 -8.91454 3.18967
    endloop
  endfacet
  facet normal 0 0.94953 -0.313677
    outer loop
      vertex 9.2 -8.91454 3.18967
      vertex 163.414 -9.06031 2.74841
      vertex 9.2 -9.06031 2.74841
    endloop
  endfacet
  facet normal 0 0.985277 -0.170966
    outer loop
      vertex 163.414 -9.36552 1.38924
      vertex 9.2 -9.28607 1.84711
      vertex 163.414 -9.28607 1.84711
    endloop
  endfacet
  facet normal 0 0.985277 -0.170966
    outer loop
      vertex 9.2 -9.28607 1.84711
      vertex 163.414 -9.36552 1.38924
      vertex 9.2 -9.36552 1.38924
    endloop
  endfacet
  facet normal 0 0.449613 -0.893223
    outer loop
      vertex 9.2 -4.46318 8.35003
      vertex 163.414 -4.04809 8.55897
      vertex 163.414 -4.46318 8.35003
    endloop
  endfacet
  facet normal 0 0.449613 -0.893223
    outer loop
      vertex 163.414 -4.04809 8.55897
      vertex 9.2 -4.46318 8.35003
      vertex 9.2 -4.04809 8.55897
    endloop
  endfacet
  facet normal 0 0.492905 -0.870083
    outer loop
      vertex 9.2 -4.86752 8.12097
      vertex 163.414 -4.46318 8.35003
      vertex 163.414 -4.86752 8.12097
    endloop
  endfacet
  facet normal 0 0.492905 -0.870083
    outer loop
      vertex 163.414 -4.46318 8.35003
      vertex 9.2 -4.86752 8.12097
      vertex 9.2 -4.46318 8.35003
    endloop
  endfacet
  facet normal 0 0.0735508 -0.997291
    outer loop
      vertex 9.2 -0.928026 9.42241
      vertex 163.414 -0.464572 9.45659
      vertex 163.414 -0.928026 9.42241
    endloop
  endfacet
  facet normal 0 0.0735508 -0.997291
    outer loop
      vertex 163.414 -0.464572 9.45659
      vertex 9.2 -0.928026 9.42241
      vertex 9.2 -0.464572 9.45659
    endloop
  endfacet
  facet normal 0 -0.122421 -0.992478
    outer loop
      vertex 9.2 0.928026 9.42241
      vertex 163.414 1.38924 9.36552
      vertex 163.414 0.928026 9.42241
    endloop
  endfacet
  facet normal -0 -0.122421 -0.992478
    outer loop
      vertex 163.414 1.38924 9.36552
      vertex 9.2 0.928026 9.42241
      vertex 9.2 1.38924 9.36552
    endloop
  endfacet
  facet normal 0 -0.689528 -0.724259
    outer loop
      vertex 9.2 6.35832 7.01532
      vertex 163.414 6.69489 6.69489
      vertex 163.414 6.35832 7.01532
    endloop
  endfacet
  facet normal -0 -0.689528 -0.724259
    outer loop
      vertex 163.414 6.69489 6.69489
      vertex 9.2 6.35832 7.01532
      vertex 9.2 6.69489 6.69489
    endloop
  endfacet
  facet normal 0 -0.653181 -0.757202
    outer loop
      vertex 9.2 6.00644 7.31886
      vertex 163.414 6.35832 7.01532
      vertex 163.414 6.00644 7.31886
    endloop
  endfacet
  facet normal -0 -0.653181 -0.757202
    outer loop
      vertex 163.414 6.35832 7.01532
      vertex 9.2 6.00644 7.31886
      vertex 9.2 6.35832 7.01532
    endloop
  endfacet
  facet normal 0 -0.405244 -0.914209
    outer loop
      vertex 9.2 3.62325 8.74729
      vertex 163.414 4.04809 8.55897
      vertex 163.414 3.62325 8.74729
    endloop
  endfacet
  facet normal -0 -0.405244 -0.914209
    outer loop
      vertex 163.414 4.04809 8.55897
      vertex 9.2 3.62325 8.74729
      vertex 9.2 4.04809 8.55897
    endloop
  endfacet
  facet normal 0 -0.219078 -0.975707
    outer loop
      vertex 9.2 1.84711 9.28607
      vertex 163.414 2.30054 9.18426
      vertex 163.414 1.84711 9.28607
    endloop
  endfacet
  facet normal -0 -0.219078 -0.975707
    outer loop
      vertex 163.414 2.30054 9.18426
      vertex 9.2 1.84711 9.28607
      vertex 9.2 2.30054 9.18426
    endloop
  endfacet
  facet normal 0 -0.0735508 -0.997291
    outer loop
      vertex 9.2 0.464572 9.45659
      vertex 163.414 0.928026 9.42241
      vertex 163.414 0.464572 9.45659
    endloop
  endfacet
  facet normal -0 -0.0735508 -0.997291
    outer loop
      vertex 163.414 0.928026 9.42241
      vertex 9.2 0.464572 9.45659
      vertex 9.2 0.928026 9.42241
    endloop
  endfacet
  facet normal 0 -0.914209 -0.405244
    outer loop
      vertex 9.2 8.74729 3.62325
      vertex 163.414 8.55897 4.04809
      vertex 9.2 8.55897 4.04809
    endloop
  endfacet
  facet normal 0 -0.914209 -0.405244
    outer loop
      vertex 163.414 8.55897 4.04809
      vertex 9.2 8.74729 3.62325
      vertex 163.414 8.74729 3.62325
    endloop
  endfacet
  facet normal 0 -0.817589 -0.575803
    outer loop
      vertex 9.2 7.87235 5.26014
      vertex 163.414 7.60477 5.64008
      vertex 9.2 7.60477 5.64008
    endloop
  endfacet
  facet normal 0 -0.817589 -0.575803
    outer loop
      vertex 163.414 7.60477 5.64008
      vertex 9.2 7.87235 5.26014
      vertex 163.414 7.87235 5.26014
    endloop
  endfacet
  facet normal 0 -0.757202 -0.653181
    outer loop
      vertex 9.2 7.31886 6.00644
      vertex 163.414 7.01532 6.35832
      vertex 9.2 7.01532 6.35832
    endloop
  endfacet
  facet normal 0 -0.757202 -0.653181
    outer loop
      vertex 163.414 7.01532 6.35832
      vertex 9.2 7.31886 6.00644
      vertex 163.414 7.31886 6.00644
    endloop
  endfacet
  facet normal 0 -0.844857 -0.534992
    outer loop
      vertex 9.2 8.12097 4.86752
      vertex 163.414 7.87235 5.26014
      vertex 9.2 7.87235 5.26014
    endloop
  endfacet
  facet normal 0 -0.844857 -0.534992
    outer loop
      vertex 163.414 7.87235 5.26014
      vertex 9.2 8.12097 4.86752
      vertex 163.414 8.12097 4.86752
    endloop
  endfacet
  facet normal 0 -0.788347 -0.615231
    outer loop
      vertex 9.2 7.60477 5.64008
      vertex 163.414 7.31886 6.00644
      vertex 9.2 7.31886 6.00644
    endloop
  endfacet
  facet normal 0 -0.788347 -0.615231
    outer loop
      vertex 163.414 7.31886 6.00644
      vertex 9.2 7.60477 5.64008
      vertex 163.414 7.60477 5.64008
    endloop
  endfacet
  facet normal 0 -0.932993 -0.359895
    outer loop
      vertex 9.2 8.91454 3.18967
      vertex 163.414 8.74729 3.62325
      vertex 9.2 8.74729 3.62325
    endloop
  endfacet
  facet normal 0 -0.932993 -0.359895
    outer loop
      vertex 163.414 8.74729 3.62325
      vertex 9.2 8.91454 3.18967
      vertex 163.414 8.91454 3.18967
    endloop
  endfacet
  facet normal 0 -0.975707 -0.219078
    outer loop
      vertex 9.2 9.28607 1.84711
      vertex 163.414 9.18426 2.30054
      vertex 9.2 9.18426 2.30054
    endloop
  endfacet
  facet normal 0 -0.975707 -0.219078
    outer loop
      vertex 163.414 9.18426 2.30054
      vertex 9.2 9.28607 1.84711
      vertex 163.414 9.28607 1.84711
    endloop
  endfacet
  facet normal 0 -0.963772 -0.266728
    outer loop
      vertex 9.2 9.18426 2.30054
      vertex 163.414 9.06031 2.74841
      vertex 9.2 9.06031 2.74841
    endloop
  endfacet
  facet normal 0 -0.963772 -0.266728
    outer loop
      vertex 163.414 9.06031 2.74841
      vertex 9.2 9.18426 2.30054
      vertex 163.414 9.18426 2.30054
    endloop
  endfacet
  facet normal 0 -0.94953 -0.313677
    outer loop
      vertex 9.2 9.06031 2.74841
      vertex 163.414 8.91454 3.18967
      vertex 9.2 8.91454 3.18967
    endloop
  endfacet
  facet normal 0 -0.94953 -0.313677
    outer loop
      vertex 163.414 8.91454 3.18967
      vertex 9.2 9.06031 2.74841
      vertex 163.414 9.06031 2.74841
    endloop
  endfacet
  facet normal 0 -0.985277 -0.170966
    outer loop
      vertex 9.2 9.36552 1.38924
      vertex 163.414 9.28607 1.84711
      vertex 9.2 9.28607 1.84711
    endloop
  endfacet
  facet normal 0 -0.985277 -0.170966
    outer loop
      vertex 163.414 9.28607 1.84711
      vertex 9.2 9.36552 1.38924
      vertex 163.414 9.36552 1.38924
    endloop
  endfacet
  facet normal 0 -0.999699 -0.0245528
    outer loop
      vertex 9.2 9.468 0
      vertex 163.414 9.45659 0.464572
      vertex 9.2 9.45659 0.464572
    endloop
  endfacet
  facet normal 0 -0.999699 -0.0245528
    outer loop
      vertex 163.414 9.45659 0.464572
      vertex 9.2 9.468 0
      vertex 163.414 9.468 0
    endloop
  endfacet
  facet normal 0 0.992478 -0.122421
    outer loop
      vertex 163.414 -9.42241 0.928026
      vertex 9.2 -9.36552 1.38924
      vertex 163.414 -9.36552 1.38924
    endloop
  endfacet
  facet normal 0 0.992478 -0.122421
    outer loop
      vertex 9.2 -9.36552 1.38924
      vertex 163.414 -9.42241 0.928026
      vertex 9.2 -9.42241 0.928026
    endloop
  endfacet
  facet normal 0 0.817589 -0.575803
    outer loop
      vertex 163.414 -7.87235 5.26014
      vertex 9.2 -7.60477 5.64008
      vertex 163.414 -7.60477 5.64008
    endloop
  endfacet
  facet normal 0 0.817589 -0.575803
    outer loop
      vertex 9.2 -7.60477 5.64008
      vertex 163.414 -7.87235 5.26014
      vertex 9.2 -7.87235 5.26014
    endloop
  endfacet
  facet normal 0 0.914209 -0.405244
    outer loop
      vertex 163.414 -8.74729 3.62325
      vertex 9.2 -8.55897 4.04809
      vertex 163.414 -8.55897 4.04809
    endloop
  endfacet
  facet normal 0 0.914209 -0.405244
    outer loop
      vertex 9.2 -8.55897 4.04809
      vertex 163.414 -8.74729 3.62325
      vertex 9.2 -8.74729 3.62325
    endloop
  endfacet
  facet normal 0 0.844857 -0.534992
    outer loop
      vertex 163.414 -8.12097 4.86752
      vertex 9.2 -7.87235 5.26014
      vertex 163.414 -7.87235 5.26014
    endloop
  endfacet
  facet normal 0 0.844857 -0.534992
    outer loop
      vertex 9.2 -7.87235 5.26014
      vertex 163.414 -8.12097 4.86752
      vertex 9.2 -8.12097 4.86752
    endloop
  endfacet
  facet normal 0 0.870083 -0.492905
    outer loop
      vertex 163.414 -8.35003 4.46318
      vertex 9.2 -8.12097 4.86752
      vertex 163.414 -8.12097 4.86752
    endloop
  endfacet
  facet normal 0 0.870083 -0.492905
    outer loop
      vertex 9.2 -8.12097 4.86752
      vertex 163.414 -8.35003 4.46318
      vertex 9.2 -8.35003 4.46318
    endloop
  endfacet
  facet normal 0 0.975707 -0.219078
    outer loop
      vertex 163.414 -9.28607 1.84711
      vertex 9.2 -9.18426 2.30054
      vertex 163.414 -9.18426 2.30054
    endloop
  endfacet
  facet normal 0 0.975707 -0.219078
    outer loop
      vertex 9.2 -9.18426 2.30054
      vertex 163.414 -9.28607 1.84711
      vertex 9.2 -9.28607 1.84711
    endloop
  endfacet
  facet normal 0 0.997291 -0.0735508
    outer loop
      vertex 163.414 -9.45659 0.464572
      vertex 9.2 -9.42241 0.928026
      vertex 163.414 -9.42241 0.928026
    endloop
  endfacet
  facet normal 0 0.997291 -0.0735508
    outer loop
      vertex 9.2 -9.42241 0.928026
      vertex 163.414 -9.45659 0.464572
      vertex 9.2 -9.45659 0.464572
    endloop
  endfacet
  facet normal 0 0.575803 -0.817589
    outer loop
      vertex 9.2 -5.64008 7.60477
      vertex 163.414 -5.26014 7.87235
      vertex 163.414 -5.64008 7.60477
    endloop
  endfacet
  facet normal 0 0.575803 -0.817589
    outer loop
      vertex 163.414 -5.26014 7.87235
      vertex 9.2 -5.64008 7.60477
      vertex 9.2 -5.26014 7.87235
    endloop
  endfacet
  facet normal 0 0.653181 -0.757202
    outer loop
      vertex 9.2 -6.35832 7.01532
      vertex 163.414 -6.00644 7.31886
      vertex 163.414 -6.35832 7.01532
    endloop
  endfacet
  facet normal 0 0.653181 -0.757202
    outer loop
      vertex 163.414 -6.00644 7.31886
      vertex 9.2 -6.35832 7.01532
      vertex 9.2 -6.00644 7.31886
    endloop
  endfacet
  facet normal 0 0.534992 -0.844857
    outer loop
      vertex 9.2 -5.26014 7.87235
      vertex 163.414 -4.86752 8.12097
      vertex 163.414 -5.26014 7.87235
    endloop
  endfacet
  facet normal 0 0.534992 -0.844857
    outer loop
      vertex 163.414 -4.86752 8.12097
      vertex 9.2 -5.26014 7.87235
      vertex 9.2 -4.86752 8.12097
    endloop
  endfacet
  facet normal 0 0.615231 -0.788347
    outer loop
      vertex 9.2 -6.00644 7.31886
      vertex 163.414 -5.64008 7.60477
      vertex 163.414 -6.00644 7.31886
    endloop
  endfacet
  facet normal 0 0.615231 -0.788347
    outer loop
      vertex 163.414 -5.64008 7.60477
      vertex 9.2 -6.00644 7.31886
      vertex 9.2 -5.64008 7.60477
    endloop
  endfacet
  facet normal 0 0.359895 -0.932993
    outer loop
      vertex 9.2 -3.62325 8.74729
      vertex 163.414 -3.18967 8.91454
      vertex 163.414 -3.62325 8.74729
    endloop
  endfacet
  facet normal 0 0.359895 -0.932993
    outer loop
      vertex 163.414 -3.18967 8.91454
      vertex 9.2 -3.62325 8.74729
      vertex 9.2 -3.18967 8.91454
    endloop
  endfacet
  facet normal 0 0.219078 -0.975707
    outer loop
      vertex 9.2 -2.30054 9.18426
      vertex 163.414 -1.84711 9.28607
      vertex 163.414 -2.30054 9.18426
    endloop
  endfacet
  facet normal 0 0.219078 -0.975707
    outer loop
      vertex 163.414 -1.84711 9.28607
      vertex 9.2 -2.30054 9.18426
      vertex 9.2 -1.84711 9.28607
    endloop
  endfacet
  facet normal 0 0.266728 -0.963772
    outer loop
      vertex 9.2 -2.74841 9.06031
      vertex 163.414 -2.30054 9.18426
      vertex 163.414 -2.74841 9.06031
    endloop
  endfacet
  facet normal 0 0.266728 -0.963772
    outer loop
      vertex 163.414 -2.30054 9.18426
      vertex 9.2 -2.74841 9.06031
      vertex 9.2 -2.30054 9.18426
    endloop
  endfacet
  facet normal 0 0.170966 -0.985277
    outer loop
      vertex 9.2 -1.84711 9.28607
      vertex 163.414 -1.38924 9.36552
      vertex 163.414 -1.84711 9.28607
    endloop
  endfacet
  facet normal 0 0.170966 -0.985277
    outer loop
      vertex 163.414 -1.38924 9.36552
      vertex 9.2 -1.84711 9.28607
      vertex 9.2 -1.38924 9.36552
    endloop
  endfacet
  facet normal 0 0.0245528 -0.999699
    outer loop
      vertex 9.2 -0.464572 9.45659
      vertex 163.414 0 9.468
      vertex 163.414 -0.464572 9.45659
    endloop
  endfacet
  facet normal 0 0.0245528 -0.999699
    outer loop
      vertex 163.414 0 9.468
      vertex 9.2 -0.464572 9.45659
      vertex 9.2 0 9.468
    endloop
  endfacet
  facet normal 0 -0.575803 -0.817589
    outer loop
      vertex 9.2 5.26014 7.87235
      vertex 163.414 5.64008 7.60477
      vertex 163.414 5.26014 7.87235
    endloop
  endfacet
  facet normal -0 -0.575803 -0.817589
    outer loop
      vertex 163.414 5.64008 7.60477
      vertex 9.2 5.26014 7.87235
      vertex 9.2 5.64008 7.60477
    endloop
  endfacet
  facet normal 0 -0.449613 -0.893223
    outer loop
      vertex 9.2 4.04809 8.55897
      vertex 163.414 4.46318 8.35003
      vertex 163.414 4.04809 8.55897
    endloop
  endfacet
  facet normal -0 -0.449613 -0.893223
    outer loop
      vertex 163.414 4.46318 8.35003
      vertex 9.2 4.04809 8.55897
      vertex 9.2 4.46318 8.35003
    endloop
  endfacet
  facet normal 0 -0.534992 -0.844857
    outer loop
      vertex 9.2 4.86752 8.12097
      vertex 163.414 5.26014 7.87235
      vertex 163.414 4.86752 8.12097
    endloop
  endfacet
  facet normal -0 -0.534992 -0.844857
    outer loop
      vertex 163.414 5.26014 7.87235
      vertex 9.2 4.86752 8.12097
      vertex 9.2 5.26014 7.87235
    endloop
  endfacet
  facet normal 0 -0.359895 -0.932993
    outer loop
      vertex 9.2 3.18967 8.91454
      vertex 163.414 3.62325 8.74729
      vertex 163.414 3.18967 8.91454
    endloop
  endfacet
  facet normal -0 -0.359895 -0.932993
    outer loop
      vertex 163.414 3.62325 8.74729
      vertex 9.2 3.18967 8.91454
      vertex 9.2 3.62325 8.74729
    endloop
  endfacet
  facet normal 0 -0.170966 -0.985277
    outer loop
      vertex 9.2 1.38924 9.36552
      vertex 163.414 1.84711 9.28607
      vertex 163.414 1.38924 9.36552
    endloop
  endfacet
  facet normal -0 -0.170966 -0.985277
    outer loop
      vertex 163.414 1.84711 9.28607
      vertex 9.2 1.38924 9.36552
      vertex 9.2 1.84711 9.28607
    endloop
  endfacet
  facet normal 0 0.724259 -0.689528
    outer loop
      vertex 163.414 -7.01532 6.35832
      vertex 9.2 -6.69489 6.69489
      vertex 163.414 -6.69489 6.69489
    endloop
  endfacet
  facet normal 0 0.724259 -0.689528
    outer loop
      vertex 9.2 -6.69489 6.69489
      vertex 163.414 -7.01532 6.35832
      vertex 9.2 -7.01532 6.35832
    endloop
  endfacet
  facet normal 0 0.893223 -0.449613
    outer loop
      vertex 163.414 -8.55897 4.04809
      vertex 9.2 -8.35003 4.46318
      vertex 163.414 -8.35003 4.46318
    endloop
  endfacet
  facet normal 0 0.893223 -0.449613
    outer loop
      vertex 9.2 -8.35003 4.46318
      vertex 163.414 -8.55897 4.04809
      vertex 9.2 -8.55897 4.04809
    endloop
  endfacet
  facet normal 0 0.932993 -0.359895
    outer loop
      vertex 163.414 -8.91454 3.18967
      vertex 9.2 -8.74729 3.62325
      vertex 163.414 -8.74729 3.62325
    endloop
  endfacet
  facet normal 0 0.932993 -0.359895
    outer loop
      vertex 9.2 -8.74729 3.62325
      vertex 163.414 -8.91454 3.18967
      vertex 9.2 -8.91454 3.18967
    endloop
  endfacet
  facet normal 0 0.405244 -0.914209
    outer loop
      vertex 9.2 -4.04809 8.55897
      vertex 163.414 -3.62325 8.74729
      vertex 163.414 -4.04809 8.55897
    endloop
  endfacet
  facet normal 0 0.405244 -0.914209
    outer loop
      vertex 163.414 -3.62325 8.74729
      vertex 9.2 -4.04809 8.55897
      vertex 9.2 -3.62325 8.74729
    endloop
  endfacet
  facet normal 0 0.313677 -0.94953
    outer loop
      vertex 9.2 -3.18967 8.91454
      vertex 163.414 -2.74841 9.06031
      vertex 163.414 -3.18967 8.91454
    endloop
  endfacet
  facet normal 0 0.313677 -0.94953
    outer loop
      vertex 163.414 -2.74841 9.06031
      vertex 9.2 -3.18967 8.91454
      vertex 9.2 -2.74841 9.06031
    endloop
  endfacet
  facet normal 1 0 0
    outer loop
      vertex 9.2 9.42241 0.928026
      vertex 9.2 9.468 0
      vertex 9.2 9.45659 0.464572
    endloop
  endfacet
  facet normal 1 0 0
    outer loop
      vertex 9.2 9.36552 1.38924
      vertex 9.2 9.468 0
      vertex 9.2 9.42241 0.928026
    endloop
  endfacet
  facet normal 1 0 0
    outer loop
      vertex 9.2 9.28607 1.84711
      vertex 9.2 9.468 0
      vertex 9.2 9.36552 1.38924
    endloop
  endfacet
  facet normal 1 0 0
    outer loop
      vertex 9.2 9.18426 2.30054
      vertex 9.2 9.468 0
      vertex 9.2 9.28607 1.84711
    endloop
  endfacet
  facet normal 1 0 0
    outer loop
      vertex 9.2 9.06031 2.74841
      vertex 9.2 9.468 0
      vertex 9.2 9.18426 2.30054
    endloop
  endfacet
  facet normal 1 0 0
    outer loop
      vertex 9.2 8.91454 3.18967
      vertex 9.2 9.468 0
      vertex 9.2 9.06031 2.74841
    endloop
  endfacet
  facet normal 1 0 0
    outer loop
      vertex 9.2 8.74729 3.62325
      vertex 9.2 9.468 0
      vertex 9.2 8.91454 3.18967
    endloop
  endfacet
  facet normal 1 0 0
    outer loop
      vertex 9.2 8.55897 4.04809
      vertex 9.2 9.468 0
      vertex 9.2 8.74729 3.62325
    endloop
  endfacet
  facet normal 1 0 0
    outer loop
      vertex 9.2 8.35003 4.46318
      vertex 9.2 9.468 0
      vertex 9.2 8.55897 4.04809
    endloop
  endfacet
  facet normal 1 0 0
    outer loop
      vertex 9.2 8.12097 4.86752
      vertex 9.2 9.468 0
      vertex 9.2 8.35003 4.46318
    endloop
  endfacet
  facet normal 1 0 0
    outer loop
      vertex 9.2 7.87235 5.26014
      vertex 9.2 9.468 0
      vertex 9.2 8.12097 4.86752
    endloop
  endfacet
  facet normal 1 0 0
    outer loop
      vertex 9.2 7.60477 5.64008
      vertex 9.2 9.468 0
      vertex 9.2 7.87235 5.26014
    endloop
  endfacet
  facet normal 1 0 0
    outer loop
      vertex 9.2 7.31886 6.00644
      vertex 9.2 9.468 0
      vertex 9.2 7.60477 5.64008
    endloop
  endfacet
  facet normal 1 0 0
    outer loop
      vertex 9.2 7.01532 6.35832
      vertex 9.2 9.468 0
      vertex 9.2 7.31886 6.00644
    endloop
  endfacet
  facet normal 1 0 0
    outer loop
      vertex 9.2 6.69489 6.69489
      vertex 9.2 9.468 0
      vertex 9.2 7.01532 6.35832
    endloop
  endfacet
  facet normal 1 0 0
    outer loop
      vertex 9.2 6.35832 7.01532
      vertex 9.2 9.468 0
      vertex 9.2 6.69489 6.69489
    endloop
  endfacet
  facet normal 1 0 0
    outer loop
      vertex 9.2 6.00644 7.31886
      vertex 9.2 9.468 0
      vertex 9.2 6.35832 7.01532
    endloop
  endfacet
  facet normal 1 0 0
    outer loop
      vertex 9.2 5.64008 7.60477
      vertex 9.2 9.468 0
      vertex 9.2 6.00644 7.31886
    endloop
  endfacet
  facet normal 1 0 0
    outer loop
      vertex 9.2 5.26014 7.87235
      vertex 9.2 9.468 0
      vertex 9.2 5.64008 7.60477
    endloop
  endfacet
  facet normal 1 0 0
    outer loop
      vertex 9.2 4.86752 8.12097
      vertex 9.2 9.468 0
      vertex 9.2 5.26014 7.87235
    endloop
  endfacet
  facet normal 1 0 0
    outer loop
      vertex 9.2 4.46318 8.35003
      vertex 9.2 9.468 0
      vertex 9.2 4.86752 8.12097
    endloop
  endfacet
  facet normal 1 0 0
    outer loop
      vertex 9.2 4.04809 8.55897
      vertex 9.2 9.468 0
      vertex 9.2 4.46318 8.35003
    endloop
  endfacet
  facet normal 1 0 0
    outer loop
      vertex 9.2 3.62325 8.74729
      vertex 9.2 9.468 0
      vertex 9.2 4.04809 8.55897
    endloop
  endfacet
  facet normal 1 0 0
    outer loop
      vertex 9.2 3.18967 8.91454
      vertex 9.2 9.468 0
      vertex 9.2 3.62325 8.74729
    endloop
  endfacet
  facet normal 1 0 0
    outer loop
      vertex 9.2 2.74841 9.06031
      vertex 9.2 9.468 0
      vertex 9.2 3.18967 8.91454
    endloop
  endfacet
  facet normal 1 0 0
    outer loop
      vertex 9.2 2.30054 9.18426
      vertex 9.2 9.468 0
      vertex 9.2 2.74841 9.06031
    endloop
  endfacet
  facet normal 1 0 0
    outer loop
      vertex 9.2 1.84711 9.28607
      vertex 9.2 9.468 0
      vertex 9.2 2.30054 9.18426
    endloop
  endfacet
  facet normal 1 0 0
    outer loop
      vertex 9.2 1.38924 9.36552
      vertex 9.2 9.468 0
      vertex 9.2 1.84711 9.28607
    endloop
  endfacet
  facet normal 1 0 0
    outer loop
      vertex 9.2 0.928026 9.42241
      vertex 9.2 9.468 0
      vertex 9.2 1.38924 9.36552
    endloop
  endfacet
  facet normal 1 0 0
    outer loop
      vertex 9.2 0.464572 9.45659
      vertex 9.2 9.468 0
      vertex 9.2 0.928026 9.42241
    endloop
  endfacet
  facet normal 1 0 0
    outer loop
      vertex 9.2 0 9.468
      vertex 9.2 9.468 0
      vertex 9.2 0.464572 9.45659
    endloop
  endfacet
  facet normal 1 -0 0
    outer loop
      vertex 9.2 -0.464572 9.45659
      vertex 9.2 9.468 0
      vertex 9.2 0 9.468
    endloop
  endfacet
  facet normal 1 -0 0
    outer loop
      vertex 9.2 -0.928026 9.42241
      vertex 9.2 9.468 0
      vertex 9.2 -0.464572 9.45659
    endloop
  endfacet
  facet normal 1 -0 0
    outer loop
      vertex 9.2 -1.38924 9.36552
      vertex 9.2 9.468 0
      vertex 9.2 -0.928026 9.42241
    endloop
  endfacet
  facet normal 1 -0 0
    outer loop
      vertex 9.2 -1.84711 9.28607
      vertex 9.2 9.468 0
      vertex 9.2 -1.38924 9.36552
    endloop
  endfacet
  facet normal 1 -0 0
    outer loop
      vertex 9.2 -2.30054 9.18426
      vertex 9.2 9.468 0
      vertex 9.2 -1.84711 9.28607
    endloop
  endfacet
  facet normal 1 -0 0
    outer loop
      vertex 9.2 -2.74841 9.06031
      vertex 9.2 9.468 0
      vertex 9.2 -2.30054 9.18426
    endloop
  endfacet
  facet normal 1 -0 0
    outer loop
      vertex 9.2 -3.18967 8.91454
      vertex 9.2 9.468 0
      vertex 9.2 -2.74841 9.06031
    endloop
  endfacet
  facet normal 1 -0 0
    outer loop
      vertex 9.2 -3.62325 8.74729
      vertex 9.2 9.468 0
      vertex 9.2 -3.18967 8.91454
    endloop
  endfacet
  facet normal 1 -0 0
    outer loop
      vertex 9.2 -4.04809 8.55897
      vertex 9.2 9.468 0
      vertex 9.2 -3.62325 8.74729
    endloop
  endfacet
  facet normal 1 -0 0
    outer loop
      vertex 9.2 -4.46318 8.35003
      vertex 9.2 9.468 0
      vertex 9.2 -4.04809 8.55897
    endloop
  endfacet
  facet normal 1 -0 0
    outer loop
      vertex 9.2 -4.86752 8.12097
      vertex 9.2 9.468 0
      vertex 9.2 -4.46318 8.35003
    endloop
  endfacet
  facet normal 1 -0 0
    outer loop
      vertex 9.2 -5.26014 7.87235
      vertex 9.2 9.468 0
      vertex 9.2 -4.86752 8.12097
    endloop
  endfacet
  facet normal 1 -0 0
    outer loop
      vertex 9.2 -5.64008 7.60477
      vertex 9.2 9.468 0
      vertex 9.2 -5.26014 7.87235
    endloop
  endfacet
  facet normal 1 -0 0
    outer loop
      vertex 9.2 -6.00644 7.31886
      vertex 9.2 9.468 0
      vertex 9.2 -5.64008 7.60477
    endloop
  endfacet
  facet normal 1 -0 0
    outer loop
      vertex 9.2 -6.35832 7.01532
      vertex 9.2 9.468 0
      vertex 9.2 -6.00644 7.31886
    endloop
  endfacet
  facet normal 1 -0 0
    outer loop
      vertex 9.2 -6.69489 6.69489
      vertex 9.2 9.468 0
      vertex 9.2 -6.35832 7.01532
    endloop
  endfacet
  facet normal 1 -0 0
    outer loop
      vertex 9.2 -7.01532 6.35832
      vertex 9.2 9.468 0
      vertex 9.2 -6.69489 6.69489
    endloop
  endfacet
  facet normal 1 -0 0
    outer loop
      vertex 9.2 -7.31886 6.00644
      vertex 9.2 9.468 0
      vertex 9.2 -7.01532 6.35832
    endloop
  endfacet
  facet normal 1 -0 0
    outer loop
      vertex 9.2 -7.60477 5.64008
      vertex 9.2 9.468 0
      vertex 9.2 -7.31886 6.00644
    endloop
  endfacet
  facet normal 1 -0 0
    outer loop
      vertex 9.2 -7.87235 5.26014
      vertex 9.2 9.468 0
      vertex 9.2 -7.60477 5.64008
    endloop
  endfacet
  facet normal 1 -0 0
    outer loop
      vertex 9.2 -8.12097 4.86752
      vertex 9.2 9.468 0
      vertex 9.2 -7.87235 5.26014
    endloop
  endfacet
  facet normal 1 -0 0
    outer loop
      vertex 9.2 -8.35003 4.46318
      vertex 9.2 9.468 0
      vertex 9.2 -8.12097 4.86752
    endloop
  endfacet
  facet normal 1 -0 0
    outer loop
      vertex 9.2 -8.55897 4.04809
      vertex 9.2 9.468 0
      vertex 9.2 -8.35003 4.46318
    endloop
  endfacet
  facet normal 1 -0 0
    outer loop
      vertex 9.2 -8.74729 3.62325
      vertex 9.2 9.468 0
      vertex 9.2 -8.55897 4.04809
    endloop
  endfacet
  facet normal 1 -0 0
    outer loop
      vertex 9.2 -8.91454 3.18967
      vertex 9.2 9.468 0
      vertex 9.2 -8.74729 3.62325
    endloop
  endfacet
  facet normal 1 -0 0
    outer loop
      vertex 9.2 -9.06031 2.74841
      vertex 9.2 9.468 0
      vertex 9.2 -8.91454 3.18967
    endloop
  endfacet
  facet normal 1 -0 0
    outer loop
      vertex 9.2 -9.18426 2.30054
      vertex 9.2 9.468 0
      vertex 9.2 -9.06031 2.74841
    endloop
  endfacet
  facet normal 1 -0 0
    outer loop
      vertex 9.2 -9.28607 1.84711
      vertex 9.2 9.468 0
      vertex 9.2 -9.18426 2.30054
    endloop
  endfacet
  facet normal 1 -0 0
    outer loop
      vertex 9.2 -9.36552 1.38924
      vertex 9.2 9.468 0
      vertex 9.2 -9.28607 1.84711
    endloop
  endfacet
  facet normal 1 -0 0
    outer loop
      vertex 9.2 -9.42241 0.928026
      vertex 9.2 9.468 0
      vertex 9.2 -9.36552 1.38924
    endloop
  endfacet
  facet normal 1 -0 0
    outer loop
      vertex 9.2 -9.45659 0.464572
      vertex 9.2 9.468 0
      vertex 9.2 -9.42241 0.928026
    endloop
  endfacet
  facet normal 1 0 0
    outer loop
      vertex 9.2 9.468 0
      vertex 9.2 -9.45659 0.464572
      vertex 9.2 -9.468 0
    endloop
  endfacet
  facet normal -1 0 0
    outer loop
      vertex 163.414 9.468 0
      vertex 163.414 9.42241 0.928026
      vertex 163.414 9.45659 0.464572
    endloop
  endfacet
  facet normal -1 0 0
    outer loop
      vertex 163.414 9.468 0
      vertex 163.414 9.36552 1.38924
      vertex 163.414 9.42241 0.928026
    endloop
  endfacet
  facet normal -1 0 0
    outer loop
      vertex 163.414 9.468 0
      vertex 163.414 9.28607 1.84711
      vertex 163.414 9.36552 1.38924
    endloop
  endfacet
  facet normal -1 0 0
    outer loop
      vertex 163.414 9.468 0
      vertex 163.414 9.18426 2.30054
      vertex 163.414 9.28607 1.84711
    endloop
  endfacet
  facet normal -1 0 0
    outer loop
      vertex 163.414 9.468 0
      vertex 163.414 9.06031 2.74841
      vertex 163.414 9.18426 2.30054
    endloop
  endfacet
  facet normal -1 0 0
    outer loop
      vertex 163.414 9.468 0
      vertex 163.414 8.91454 3.18967
      vertex 163.414 9.06031 2.74841
    endloop
  endfacet
  facet normal -1 0 0
    outer loop
      vertex 163.414 9.468 0
      vertex 163.414 8.74729 3.62325
      vertex 163.414 8.91454 3.18967
    endloop
  endfacet
  facet normal -1 0 0
    outer loop
      vertex 163.414 9.468 0
      vertex 163.414 8.55897 4.04809
      vertex 163.414 8.74729 3.62325
    endloop
  endfacet
  facet normal -1 0 0
    outer loop
      vertex 163.414 9.468 0
      vertex 163.414 8.35003 4.46318
      vertex 163.414 8.55897 4.04809
    endloop
  endfacet
  facet normal -1 0 0
    outer loop
      vertex 163.414 9.468 0
      vertex 163.414 8.12097 4.86752
      vertex 163.414 8.35003 4.46318
    endloop
  endfacet
  facet normal -1 0 0
    outer loop
      vertex 163.414 9.468 0
      vertex 163.414 7.87235 5.26014
      vertex 163.414 8.12097 4.86752
    endloop
  endfacet
  facet normal -1 0 0
    outer loop
      vertex 163.414 9.468 0
      vertex 163.414 7.60477 5.64008
      vertex 163.414 7.87235 5.26014
    endloop
  endfacet
  facet normal -1 0 0
    outer loop
      vertex 163.414 9.468 0
      vertex 163.414 7.31886 6.00644
      vertex 163.414 7.60477 5.64008
    endloop
  endfacet
  facet normal -1 0 0
    outer loop
      vertex 163.414 9.468 0
      vertex 163.414 7.01532 6.35832
      vertex 163.414 7.31886 6.00644
    endloop
  endfacet
  facet normal -1 0 0
    outer loop
      vertex 163.414 9.468 0
      vertex 163.414 6.69489 6.69489
      vertex 163.414 7.01532 6.35832
    endloop
  endfacet
  facet normal -1 0 0
    outer loop
      vertex 163.414 9.468 0
      vertex 163.414 6.35832 7.01532
      vertex 163.414 6.69489 6.69489
    endloop
  endfacet
  facet normal -1 0 0
    outer loop
      vertex 163.414 9.468 0
      vertex 163.414 6.00644 7.31886
      vertex 163.414 6.35832 7.01532
    endloop
  endfacet
  facet normal -1 0 0
    outer loop
      vertex 163.414 9.468 0
      vertex 163.414 5.64008 7.60477
      vertex 163.414 6.00644 7.31886
    endloop
  endfacet
  facet normal -1 0 0
    outer loop
      vertex 163.414 9.468 0
      vertex 163.414 5.26014 7.87235
      vertex 163.414 5.64008 7.60477
    endloop
  endfacet
  facet normal -1 0 0
    outer loop
      vertex 163.414 9.468 0
      vertex 163.414 4.86752 8.12097
      vertex 163.414 5.26014 7.87235
    endloop
  endfacet
  facet normal -1 0 0
    outer loop
      vertex 163.414 9.468 0
      vertex 163.414 4.46318 8.35003
      vertex 163.414 4.86752 8.12097
    endloop
  endfacet
  facet normal -1 0 0
    outer loop
      vertex 163.414 9.468 0
      vertex 163.414 4.04809 8.55897
      vertex 163.414 4.46318 8.35003
    endloop
  endfacet
  facet normal -1 0 0
    outer loop
      vertex 163.414 9.468 0
      vertex 163.414 3.62325 8.74729
      vertex 163.414 4.04809 8.55897
    endloop
  endfacet
  facet normal -1 0 0
    outer loop
      vertex 163.414 9.468 0
      vertex 163.414 3.18967 8.91454
      vertex 163.414 3.62325 8.74729
    endloop
  endfacet
  facet normal -1 0 0
    outer loop
      vertex 163.414 9.468 0
      vertex 163.414 2.74841 9.06031
      vertex 163.414 3.18967 8.91454
    endloop
  endfacet
  facet normal -1 0 0
    outer loop
      vertex 163.414 9.468 0
      vertex 163.414 2.30054 9.18426
      vertex 163.414 2.74841 9.06031
    endloop
  endfacet
  facet normal -1 0 0
    outer loop
      vertex 163.414 9.468 0
      vertex 163.414 1.84711 9.28607
      vertex 163.414 2.30054 9.18426
    endloop
  endfacet
  facet normal -1 0 0
    outer loop
      vertex 163.414 9.468 0
      vertex 163.414 1.38924 9.36552
      vertex 163.414 1.84711 9.28607
    endloop
  endfacet
  facet normal -1 0 0
    outer loop
      vertex 163.414 9.468 0
      vertex 163.414 0.928026 9.42241
      vertex 163.414 1.38924 9.36552
    endloop
  endfacet
  facet normal -1 0 0
    outer loop
      vertex 163.414 9.468 0
      vertex 163.414 0.464572 9.45659
      vertex 163.414 0.928026 9.42241
    endloop
  endfacet
  facet normal -1 0 0
    outer loop
      vertex 163.414 9.468 0
      vertex 163.414 0 9.468
      vertex 163.414 0.464572 9.45659
    endloop
  endfacet
  facet normal -1 0 0
    outer loop
      vertex 163.414 9.468 0
      vertex 163.414 -0.464572 9.45659
      vertex 163.414 0 9.468
    endloop
  endfacet
  facet normal -1 0 0
    outer loop
      vertex 163.414 9.468 0
      vertex 163.414 -0.928026 9.42241
      vertex 163.414 -0.464572 9.45659
    endloop
  endfacet
  facet normal -1 0 0
    outer loop
      vertex 163.414 9.468 0
      vertex 163.414 -1.38924 9.36552
      vertex 163.414 -0.928026 9.42241
    endloop
  endfacet
  facet normal -1 0 0
    outer loop
      vertex 163.414 9.468 0
      vertex 163.414 -1.84711 9.28607
      vertex 163.414 -1.38924 9.36552
    endloop
  endfacet
  facet normal -1 0 0
    outer loop
      vertex 163.414 9.468 0
      vertex 163.414 -2.30054 9.18426
      vertex 163.414 -1.84711 9.28607
    endloop
  endfacet
  facet normal -1 0 0
    outer loop
      vertex 163.414 9.468 0
      vertex 163.414 -2.74841 9.06031
      vertex 163.414 -2.30054 9.18426
    endloop
  endfacet
  facet normal -1 0 0
    outer loop
      vertex 163.414 9.468 0
      vertex 163.414 -3.18967 8.91454
      vertex 163.414 -2.74841 9.06031
    endloop
  endfacet
  facet normal -1 0 0
    outer loop
      vertex 163.414 9.468 0
      vertex 163.414 -3.62325 8.74729
      vertex 163.414 -3.18967 8.91454
    endloop
  endfacet
  facet normal -1 0 0
    outer loop
      vertex 163.414 9.468 0
      vertex 163.414 -4.04809 8.55897
      vertex 163.414 -3.62325 8.74729
    endloop
  endfacet
  facet normal -1 0 0
    outer loop
      vertex 163.414 9.468 0
      vertex 163.414 -4.46318 8.35003
      vertex 163.414 -4.04809 8.55897
    endloop
  endfacet
  facet normal -1 0 0
    outer loop
      vertex 163.414 9.468 0
      vertex 163.414 -4.86752 8.12097
      vertex 163.414 -4.46318 8.35003
    endloop
  endfacet
  facet normal -1 0 0
    outer loop
      vertex 163.414 9.468 0
      vertex 163.414 -5.26014 7.87235
      vertex 163.414 -4.86752 8.12097
    endloop
  endfacet
  facet normal -1 0 0
    outer loop
      vertex 163.414 9.468 0
      vertex 163.414 -5.64008 7.60477
      vertex 163.414 -5.26014 7.87235
    endloop
  endfacet
  facet normal -1 0 0
    outer loop
      vertex 163.414 9.468 0
      vertex 163.414 -6.00644 7.31886
      vertex 163.414 -5.64008 7.60477
    endloop
  endfacet
  facet normal -1 0 0
    outer loop
      vertex 163.414 9.468 0
      vertex 163.414 -6.35832 7.01532
      vertex 163.414 -6.00644 7.31886
    endloop
  endfacet
  facet normal -1 0 0
    outer loop
      vertex 163.414 9.468 0
      vertex 163.414 -6.69489 6.69489
      vertex 163.414 -6.35832 7.01532
    endloop
  endfacet
  facet normal -1 0 0
    outer loop
      vertex 163.414 9.468 0
      vertex 163.414 -7.01532 6.35832
      vertex 163.414 -6.69489 6.69489
    endloop
  endfacet
  facet normal -1 0 0
    outer loop
      vertex 163.414 9.468 0
      vertex 163.414 -7.31886 6.00644
      vertex 163.414 -7.01532 6.35832
    endloop
  endfacet
  facet normal -1 0 0
    outer loop
      vertex 163.414 9.468 0
      vertex 163.414 -7.60477 5.64008
      vertex 163.414 -7.31886 6.00644
    endloop
  endfacet
  facet normal -1 0 0
    outer loop
      vertex 163.414 9.468 0
      vertex 163.414 -7.87235 5.26014
      vertex 163.414 -7.60477 5.64008
    endloop
  endfacet
  facet normal -1 0 0
    outer loop
      vertex 163.414 9.468 0
      vertex 163.414 -8.12097 4.86752
      vertex 163.414 -7.87235 5.26014
    endloop
  endfacet
  facet normal -1 0 0
    outer loop
      vertex 163.414 9.468 0
      vertex 163.414 -8.35003 4.46318
      vertex 163.414 -8.12097 4.86752
    endloop
  endfacet
  facet normal -1 0 0
    outer loop
      vertex 163.414 9.468 0
      vertex 163.414 -8.55897 4.04809
      vertex 163.414 -8.35003 4.46318
    endloop
  endfacet
  facet normal -1 0 0
    outer loop
      vertex 163.414 9.468 0
      vertex 163.414 -8.74729 3.62325
      vertex 163.414 -8.55897 4.04809
    endloop
  endfacet
  facet normal -1 0 0
    outer loop
      vertex 163.414 9.468 0
      vertex 163.414 -8.91454 3.18967
      vertex 163.414 -8.74729 3.62325
    endloop
  endfacet
  facet normal -1 0 0
    outer loop
      vertex 163.414 9.468 0
      vertex 163.414 -9.06031 2.74841
      vertex 163.414 -8.91454 3.18967
    endloop
  endfacet
  facet normal -1 0 0
    outer loop
      vertex 163.414 9.468 0
      vertex 163.414 -9.18426 2.30054
      vertex 163.414 -9.06031 2.74841
    endloop
  endfacet
  facet normal -1 0 0
    outer loop
      vertex 163.414 9.468 0
      vertex 163.414 -9.28607 1.84711
      vertex 163.414 -9.18426 2.30054
    endloop
  endfacet
  facet normal -1 0 0
    outer loop
      vertex 163.414 9.468 0
      vertex 163.414 -9.36552 1.38924
      vertex 163.414 -9.28607 1.84711
    endloop
  endfacet
  facet normal -1 0 0
    outer loop
      vertex 163.414 9.468 0
      vertex 163.414 -9.42241 0.928026
      vertex 163.414 -9.36552 1.38924
    endloop
  endfacet
  facet normal -1 0 0
    outer loop
      vertex 163.414 9.468 0
      vertex 163.414 -9.45659 0.464572
      vertex 163.414 -9.42241 0.928026
    endloop
  endfacet
  facet normal -1 0 -0
    outer loop
      vertex 163.414 -9.45659 0.464572
      vertex 163.414 9.468 0
      vertex 163.414 -9.468 0
    endloop
  endfacet
  facet normal 0 0.932999 0.359879
    outer loop
      vertex 50.3237 10.421 3.7287
      vertex 37.6237 10.2255 4.23554
      vertex 50.3237 10.2255 4.23554
    endloop
  endfacet
  facet normal 0 0.932999 0.359879
    outer loop
      vertex 37.6237 10.2255 4.23554
      vertex 50.3237 10.421 3.7287
      vertex 37.6237 10.421 3.7287
    endloop
  endfacet
  facet normal -0 0.405172 0.914241
    outer loop
      vertex 37.6237 4.73218 10.0054
      vertex 50.3237 4.23554 10.2255
      vertex 50.3237 4.73218 10.0054
    endloop
  endfacet
  facet normal 0 0.405172 0.914241
    outer loop
      vertex 50.3237 4.23554 10.2255
      vertex 37.6237 4.73218 10.0054
      vertex 37.6237 4.23554 10.2255
    endloop
  endfacet
  facet normal 0 -0.359879 0.932999
    outer loop
      vertex 37.6237 -3.7287 10.421
      vertex 50.3237 -4.23554 10.2255
      vertex 50.3237 -3.7287 10.421
    endloop
  endfacet
  facet normal 0 -0.359879 0.932999
    outer loop
      vertex 50.3237 -4.23554 10.2255
      vertex 37.6237 -3.7287 10.421
      vertex 37.6237 -4.23554 10.2255
    endloop
  endfacet
  facet normal 0 -0.914241 0.405172
    outer loop
      vertex 37.6237 -10.2255 4.23554
      vertex 50.3237 -10.0054 4.73218
      vertex 37.6237 -10.0054 4.73218
    endloop
  endfacet
  facet normal 0 -0.914241 0.405172
    outer loop
      vertex 50.3237 -10.0054 4.73218
      vertex 37.6237 -10.2255 4.23554
      vertex 50.3237 -10.2255 4.23554
    endloop
  endfacet
  facet normal -0 0.689535 0.724252
    outer loop
      vertex 37.6237 7.82626 7.82626
      vertex 50.3237 7.43281 8.20085
      vertex 50.3237 7.82626 7.82626
    endloop
  endfacet
  facet normal 0 0.689535 0.724252
    outer loop
      vertex 50.3237 7.43281 8.20085
      vertex 37.6237 7.82626 7.82626
      vertex 37.6237 7.43281 8.20085
    endloop
  endfacet
  facet normal 0 0.98527 0.171007
    outer loop
      vertex 50.3237 10.9482 1.62401
      vertex 37.6237 10.8553 2.15926
      vertex 50.3237 10.8553 2.15926
    endloop
  endfacet
  facet normal 0 0.98527 0.171007
    outer loop
      vertex 37.6237 10.8553 2.15926
      vertex 50.3237 10.9482 1.62401
      vertex 37.6237 10.9482 1.62401
    endloop
  endfacet
  facet normal 0 -0.171007 0.98527
    outer loop
      vertex 37.6237 -1.62401 10.9482
      vertex 50.3237 -2.15926 10.8553
      vertex 50.3237 -1.62401 10.9482
    endloop
  endfacet
  facet normal 0 -0.171007 0.98527
    outer loop
      vertex 50.3237 -2.15926 10.8553
      vertex 37.6237 -1.62401 10.9482
      vertex 37.6237 -2.15926 10.8553
    endloop
  endfacet
  facet normal -0 0.0244826 0.9997
    outer loop
      vertex 37.6237 0.54308 11.0547
      vertex 50.3237 0 11.068
      vertex 50.3237 0.54308 11.0547
    endloop
  endfacet
  facet normal 0 0.0244826 0.9997
    outer loop
      vertex 50.3237 0 11.068
      vertex 37.6237 0.54308 11.0547
      vertex 37.6237 0 11.068
    endloop
  endfacet
  facet normal -0 0.219058 0.975712
    outer loop
      vertex 37.6237 2.6893 10.7363
      vertex 50.3237 2.15926 10.8553
      vertex 50.3237 2.6893 10.7363
    endloop
  endfacet
  facet normal 0 0.219058 0.975712
    outer loop
      vertex 50.3237 2.15926 10.8553
      vertex 37.6237 2.6893 10.7363
      vertex 37.6237 2.15926 10.8553
    endloop
  endfacet
  facet normal -0 0.575813 0.817581
    outer loop
      vertex 37.6237 6.5932 8.8899
      vertex 50.3237 6.14905 9.20271
      vertex 50.3237 6.5932 8.8899
    endloop
  endfacet
  facet normal 0 0.575813 0.817581
    outer loop
      vertex 50.3237 6.14905 9.20271
      vertex 37.6237 6.5932 8.8899
      vertex 37.6237 6.14905 9.20271
    endloop
  endfacet
  facet normal 0 0.997286 0.0736317
    outer loop
      vertex 50.3237 11.0547 0.54308
      vertex 37.6237 11.0147 1.08485
      vertex 50.3237 11.0147 1.08485
    endloop
  endfacet
  facet normal 0 0.997286 0.0736317
    outer loop
      vertex 37.6237 11.0147 1.08485
      vertex 50.3237 11.0547 0.54308
      vertex 37.6237 11.0547 0.54308
    endloop
  endfacet
  facet normal 0 0.844856 0.534993
    outer loop
      vertex 50.3237 9.49334 5.69009
      vertex 37.6237 9.20271 6.14905
      vertex 50.3237 9.20271 6.14905
    endloop
  endfacet
  facet normal 0 0.844856 0.534993
    outer loop
      vertex 37.6237 9.20271 6.14905
      vertex 50.3237 9.49334 5.69009
      vertex 37.6237 9.49334 5.69009
    endloop
  endfacet
  facet normal 0 0.893187 0.449686
    outer loop
      vertex 50.3237 10.0054 4.73218
      vertex 37.6237 9.7611 5.21742
      vertex 50.3237 9.7611 5.21742
    endloop
  endfacet
  facet normal 0 0.893187 0.449686
    outer loop
      vertex 37.6237 9.7611 5.21742
      vertex 50.3237 10.0054 4.73218
      vertex 37.6237 10.0054 4.73218
    endloop
  endfacet
  facet normal -1 0 0
    outer loop
      vertex 37.6237 10.6551 0.523454
      vertex 37.6237 11.0547 0.54308
      vertex 37.6237 11.068 0
    endloop
  endfacet
  facet normal -1 -0 0
    outer loop
      vertex 37.6237 11.0547 0.54308
      vertex 37.6237 10.6551 0.523454
      vertex 37.6237 11.0147 1.08485
    endloop
  endfacet
  facet normal -1 -0 0
    outer loop
      vertex 37.6237 11.0147 1.08485
      vertex 37.6237 10.6166 1.04565
      vertex 37.6237 10.9482 1.62401
    endloop
  endfacet
  facet normal -1 0 0
    outer loop
      vertex 37.6237 10.5525 1.56532
      vertex 37.6237 10.9482 1.62401
      vertex 37.6237 10.6166 1.04565
    endloop
  endfacet
  facet normal -1 0 0
    outer loop
      vertex 37.6237 10.6551 0.523454
      vertex 37.6237 11.068 0
      vertex 37.6237 10.668 0
    endloop
  endfacet
  facet normal -1 0 0
    outer loop
      vertex 37.6237 11.0147 1.08485
      vertex 37.6237 10.6551 0.523454
      vertex 37.6237 10.6166 1.04565
    endloop
  endfacet
  facet normal -1 -0 0
    outer loop
      vertex 37.6237 10.9482 1.62401
      vertex 37.6237 10.5525 1.56532
      vertex 37.6237 10.8553 2.15926
    endloop
  endfacet
  facet normal -1 0 0
    outer loop
      vertex 37.6237 10.463 2.08122
      vertex 37.6237 10.8553 2.15926
      vertex 37.6237 10.5525 1.56532
    endloop
  endfacet
  facet normal -1 -0 0
    outer loop
      vertex 37.6237 10.8553 2.15926
      vertex 37.6237 10.463 2.08122
      vertex 37.6237 10.7363 2.6893
    endloop
  endfacet
  facet normal -1 0 0
    outer loop
      vertex 37.6237 10.3483 2.59211
      vertex 37.6237 10.7363 2.6893
      vertex 37.6237 10.463 2.08122
    endloop
  endfacet
  facet normal -1 -0 0
    outer loop
      vertex 37.6237 10.7363 2.6893
      vertex 37.6237 10.3483 2.59211
      vertex 37.6237 10.5914 3.21287
    endloop
  endfacet
  facet normal -1 0 0
    outer loop
      vertex 37.6237 10.2086 3.09676
      vertex 37.6237 10.5914 3.21287
      vertex 37.6237 10.3483 2.59211
    endloop
  endfacet
  facet normal -1 -0 0
    outer loop
      vertex 37.6237 10.5914 3.21287
      vertex 37.6237 10.2086 3.09676
      vertex 37.6237 10.421 3.7287
    endloop
  endfacet
  facet normal -1 0 0
    outer loop
      vertex 37.6237 10.0444 3.59394
      vertex 37.6237 10.421 3.7287
      vertex 37.6237 10.2086 3.09676
    endloop
  endfacet
  facet normal -1 -0 0
    outer loop
      vertex 37.6237 10.421 3.7287
      vertex 37.6237 10.0444 3.59394
      vertex 37.6237 10.2255 4.23554
    endloop
  endfacet
  facet normal -1 0 0
    outer loop
      vertex 37.6237 9.85595 4.08247
      vertex 37.6237 10.2255 4.23554
      vertex 37.6237 10.0444 3.59394
    endloop
  endfacet
  facet normal -1 -0 0
    outer loop
      vertex 37.6237 10.2255 4.23554
      vertex 37.6237 9.85595 4.08247
      vertex 37.6237 10.0054 4.73218
    endloop
  endfacet
  facet normal -1 0 0
    outer loop
      vertex 37.6237 9.64376 4.56116
      vertex 37.6237 10.0054 4.73218
      vertex 37.6237 9.85595 4.08247
    endloop
  endfacet
  facet normal -1 -0 0
    outer loop
      vertex 37.6237 10.0054 4.73218
      vertex 37.6237 9.64376 4.56116
      vertex 37.6237 9.7611 5.21742
    endloop
  endfacet
  facet normal -1 0 0
    outer loop
      vertex 37.6237 9.40834 5.02886
      vertex 37.6237 9.7611 5.21742
      vertex 37.6237 9.64376 4.56116
    endloop
  endfacet
  facet normal -1 -0 0
    outer loop
      vertex 37.6237 9.7611 5.21742
      vertex 37.6237 9.40834 5.02886
      vertex 37.6237 9.49334 5.69009
    endloop
  endfacet
  facet normal -1 0 0
    outer loop
      vertex 37.6237 9.15025 5.48445
      vertex 37.6237 9.49334 5.69009
      vertex 37.6237 9.40834 5.02886
    endloop
  endfacet
  facet normal -1 -0 0
    outer loop
      vertex 37.6237 9.49334 5.69009
      vertex 37.6237 9.15025 5.48445
      vertex 37.6237 9.20271 6.14905
    endloop
  endfacet
  facet normal -1 0 0
    outer loop
      vertex 37.6237 8.87012 5.92682
      vertex 37.6237 9.20271 6.14905
      vertex 37.6237 9.15025 5.48445
    endloop
  endfacet
  facet normal -1 -0 0
    outer loop
      vertex 37.6237 9.20271 6.14905
      vertex 37.6237 8.87012 5.92682
      vertex 37.6237 8.8899 6.5932
    endloop
  endfacet
  facet normal -1 0 0
    outer loop
      vertex 37.6237 8.56862 6.35492
      vertex 37.6237 8.8899 6.5932
      vertex 37.6237 8.87012 5.92682
    endloop
  endfacet
  facet normal -1 0 0
    outer loop
      vertex 37.6237 8.56862 6.35492
      vertex 37.6237 8.55568 7.02146
      vertex 37.6237 8.8899 6.5932
    endloop
  endfacet
  facet normal -1 0 0
    outer loop
      vertex 37.6237 8.24648 6.76771
      vertex 37.6237 8.55568 7.02146
      vertex 37.6237 8.56862 6.35492
    endloop
  endfacet
  facet normal -1 0 0
    outer loop
      vertex 37.6237 8.24648 6.76771
      vertex 37.6237 8.20085 7.43281
      vertex 37.6237 8.55568 7.02146
    endloop
  endfacet
  facet normal -1 0 0
    outer loop
      vertex 37.6237 7.90447 7.16419
      vertex 37.6237 8.20085 7.43281
      vertex 37.6237 8.24648 6.76771
    endloop
  endfacet
  facet normal -1 0 0
    outer loop
      vertex 37.6237 7.90447 7.16419
      vertex 37.6237 7.82626 7.82626
      vertex 37.6237 8.20085 7.43281
    endloop
  endfacet
  facet normal -1 0 0
    outer loop
      vertex 37.6237 7.54342 7.54342
      vertex 37.6237 7.82626 7.82626
      vertex 37.6237 7.90447 7.16419
    endloop
  endfacet
  facet normal -1 0 0
    outer loop
      vertex 37.6237 7.54342 7.54342
      vertex 37.6237 7.43281 8.20085
      vertex 37.6237 7.82626 7.82626
    endloop
  endfacet
  facet normal -1 0 0
    outer loop
      vertex 37.6237 7.16419 7.90447
      vertex 37.6237 7.43281 8.20085
      vertex 37.6237 7.54342 7.54342
    endloop
  endfacet
  facet normal -1 0 0
    outer loop
      vertex 37.6237 7.16419 7.90447
      vertex 37.6237 7.02146 8.55568
      vertex 37.6237 7.43281 8.20085
    endloop
  endfacet
  facet normal -1 0 0
    outer loop
      vertex 37.6237 6.76771 8.24648
      vertex 37.6237 7.02146 8.55568
      vertex 37.6237 7.16419 7.90447
    endloop
  endfacet
  facet normal -1 0 0
    outer loop
      vertex 37.6237 6.76771 8.24648
      vertex 37.6237 6.5932 8.8899
      vertex 37.6237 7.02146 8.55568
    endloop
  endfacet
  facet normal -1 0 0
    outer loop
      vertex 37.6237 6.35492 8.56862
      vertex 37.6237 6.5932 8.8899
      vertex 37.6237 6.76771 8.24648
    endloop
  endfacet
  facet normal -1 0 0
    outer loop
      vertex 37.6237 6.35492 8.56862
      vertex 37.6237 6.14905 9.20271
      vertex 37.6237 6.5932 8.8899
    endloop
  endfacet
  facet normal -1 0 0
    outer loop
      vertex 37.6237 5.92682 8.87012
      vertex 37.6237 6.14905 9.20271
      vertex 37.6237 6.35492 8.56862
    endloop
  endfacet
  facet normal -1 0 0
    outer loop
      vertex 37.6237 5.92682 8.87012
      vertex 37.6237 5.69009 9.49334
      vertex 37.6237 6.14905 9.20271
    endloop
  endfacet
  facet normal -1 0 0
    outer loop
      vertex 37.6237 5.48445 9.15025
      vertex 37.6237 5.69009 9.49334
      vertex 37.6237 5.92682 8.87012
    endloop
  endfacet
  facet normal -1 0 0
    outer loop
      vertex 37.6237 5.48445 9.15025
      vertex 37.6237 5.21742 9.7611
      vertex 37.6237 5.69009 9.49334
    endloop
  endfacet
  facet normal -1 0 0
    outer loop
      vertex 37.6237 5.02886 9.40834
      vertex 37.6237 5.21742 9.7611
      vertex 37.6237 5.48445 9.15025
    endloop
  endfacet
  facet normal -1 0 0
    outer loop
      vertex 37.6237 5.02886 9.40834
      vertex 37.6237 4.73218 10.0054
      vertex 37.6237 5.21742 9.7611
    endloop
  endfacet
  facet normal -1 0 0
    outer loop
      vertex 37.6237 4.56116 9.64376
      vertex 37.6237 4.73218 10.0054
      vertex 37.6237 5.02886 9.40834
    endloop
  endfacet
  facet normal -1 0 0
    outer loop
      vertex 37.6237 4.56116 9.64376
      vertex 37.6237 4.23554 10.2255
      vertex 37.6237 4.73218 10.0054
    endloop
  endfacet
  facet normal -1 0 0
    outer loop
      vertex 37.6237 4.08247 9.85595
      vertex 37.6237 4.23554 10.2255
      vertex 37.6237 4.56116 9.64376
    endloop
  endfacet
  facet normal -1 0 0
    outer loop
      vertex 37.6237 4.08247 9.85595
      vertex 37.6237 3.7287 10.421
      vertex 37.6237 4.23554 10.2255
    endloop
  endfacet
  facet normal -1 0 0
    outer loop
      vertex 37.6237 3.59394 10.0444
      vertex 37.6237 3.7287 10.421
      vertex 37.6237 4.08247 9.85595
    endloop
  endfacet
  facet normal -1 0 0
    outer loop
      vertex 37.6237 3.59394 10.0444
      vertex 37.6237 3.21287 10.5914
      vertex 37.6237 3.7287 10.421
    endloop
  endfacet
  facet normal -1 0 0
    outer loop
      vertex 37.6237 3.09676 10.2086
      vertex 37.6237 3.21287 10.5914
      vertex 37.6237 3.59394 10.0444
    endloop
  endfacet
  facet normal -1 0 0
    outer loop
      vertex 37.6237 3.09676 10.2086
      vertex 37.6237 2.6893 10.7363
      vertex 37.6237 3.21287 10.5914
    endloop
  endfacet
  facet normal -1 0 0
    outer loop
      vertex 37.6237 2.59211 10.3483
      vertex 37.6237 2.6893 10.7363
      vertex 37.6237 3.09676 10.2086
    endloop
  endfacet
  facet normal -1 0 0
    outer loop
      vertex 37.6237 2.59211 10.3483
      vertex 37.6237 2.15926 10.8553
      vertex 37.6237 2.6893 10.7363
    endloop
  endfacet
  facet normal -1 0 0
    outer loop
      vertex 37.6237 2.08122 10.463
      vertex 37.6237 2.15926 10.8553
      vertex 37.6237 2.59211 10.3483
    endloop
  endfacet
  facet normal -1 0 0
    outer loop
      vertex 37.6237 2.08122 10.463
      vertex 37.6237 1.62401 10.9482
      vertex 37.6237 2.15926 10.8553
    endloop
  endfacet
  facet normal -1 0 0
    outer loop
      vertex 37.6237 1.56532 10.5525
      vertex 37.6237 1.62401 10.9482
      vertex 37.6237 2.08122 10.463
    endloop
  endfacet
  facet normal -1 0 0
    outer loop
      vertex 37.6237 1.56532 10.5525
      vertex 37.6237 1.08485 11.0147
      vertex 37.6237 1.62401 10.9482
    endloop
  endfacet
  facet normal -1 0 0
    outer loop
      vertex 37.6237 1.04565 10.6166
      vertex 37.6237 1.08485 11.0147
      vertex 37.6237 1.56532 10.5525
    endloop
  endfacet
  facet normal -1 0 0
    outer loop
      vertex 37.6237 1.04565 10.6166
      vertex 37.6237 0.54308 11.0547
      vertex 37.6237 1.08485 11.0147
    endloop
  endfacet
  facet normal -1 0 0
    outer loop
      vertex 37.6237 0.523454 10.6551
      vertex 37.6237 0.54308 11.0547
      vertex 37.6237 1.04565 10.6166
    endloop
  endfacet
  facet normal -1 0 0
    outer loop
      vertex 37.6237 0 10.668
      vertex 37.6237 0.54308 11.0547
      vertex 37.6237 0.523454 10.6551
    endloop
  endfacet
  facet normal -1 0 0
    outer loop
      vertex 37.6237 0 10.668
      vertex 37.6237 0 11.068
      vertex 37.6237 0.54308 11.0547
    endloop
  endfacet
  facet normal -1 0 0
    outer loop
      vertex 37.6237 -0.523454 10.6551
      vertex 37.6237 0 11.068
      vertex 37.6237 0 10.668
    endloop
  endfacet
  facet normal -1 0 0
    outer loop
      vertex 37.6237 -0.523454 10.6551
      vertex 37.6237 -0.54308 11.0547
      vertex 37.6237 0 11.068
    endloop
  endfacet
  facet normal -1 0 0
    outer loop
      vertex 37.6237 -1.04565 10.6166
      vertex 37.6237 -0.54308 11.0547
      vertex 37.6237 -0.523454 10.6551
    endloop
  endfacet
  facet normal -1 0 0
    outer loop
      vertex 37.6237 -1.04565 10.6166
      vertex 37.6237 -1.08485 11.0147
      vertex 37.6237 -0.54308 11.0547
    endloop
  endfacet
  facet normal -1 0 0
    outer loop
      vertex 37.6237 -1.56532 10.5525
      vertex 37.6237 -1.08485 11.0147
      vertex 37.6237 -1.04565 10.6166
    endloop
  endfacet
  facet normal -1 0 0
    outer loop
      vertex 37.6237 -1.56532 10.5525
      vertex 37.6237 -1.62401 10.9482
      vertex 37.6237 -1.08485 11.0147
    endloop
  endfacet
  facet normal -1 0 0
    outer loop
      vertex 37.6237 -2.08122 10.463
      vertex 37.6237 -1.62401 10.9482
      vertex 37.6237 -1.56532 10.5525
    endloop
  endfacet
  facet normal -1 0 0
    outer loop
      vertex 37.6237 -2.08122 10.463
      vertex 37.6237 -2.15926 10.8553
      vertex 37.6237 -1.62401 10.9482
    endloop
  endfacet
  facet normal -1 0 0
    outer loop
      vertex 37.6237 -2.59211 10.3483
      vertex 37.6237 -2.15926 10.8553
      vertex 37.6237 -2.08122 10.463
    endloop
  endfacet
  facet normal -1 0 0
    outer loop
      vertex 37.6237 -2.59211 10.3483
      vertex 37.6237 -2.6893 10.7363
      vertex 37.6237 -2.15926 10.8553
    endloop
  endfacet
  facet normal -1 0 0
    outer loop
      vertex 37.6237 -3.09676 10.2086
      vertex 37.6237 -2.6893 10.7363
      vertex 37.6237 -2.59211 10.3483
    endloop
  endfacet
  facet normal -1 0 0
    outer loop
      vertex 37.6237 -3.09676 10.2086
      vertex 37.6237 -3.21287 10.5914
      vertex 37.6237 -2.6893 10.7363
    endloop
  endfacet
  facet normal -1 0 0
    outer loop
      vertex 37.6237 -3.59394 10.0444
      vertex 37.6237 -3.21287 10.5914
      vertex 37.6237 -3.09676 10.2086
    endloop
  endfacet
  facet normal -1 0 0
    outer loop
      vertex 37.6237 -3.59394 10.0444
      vertex 37.6237 -3.7287 10.421
      vertex 37.6237 -3.21287 10.5914
    endloop
  endfacet
  facet normal -1 0 0
    outer loop
      vertex 37.6237 -4.08247 9.85595
      vertex 37.6237 -3.7287 10.421
      vertex 37.6237 -3.59394 10.0444
    endloop
  endfacet
  facet normal -1 0 0
    outer loop
      vertex 37.6237 -4.08247 9.85595
      vertex 37.6237 -4.23554 10.2255
      vertex 37.6237 -3.7287 10.421
    endloop
  endfacet
  facet normal -1 0 0
    outer loop
      vertex 37.6237 -4.56116 9.64376
      vertex 37.6237 -4.23554 10.2255
      vertex 37.6237 -4.08247 9.85595
    endloop
  endfacet
  facet normal -1 0 0
    outer loop
      vertex 37.6237 -4.56116 9.64376
      vertex 37.6237 -4.73218 10.0054
      vertex 37.6237 -4.23554 10.2255
    endloop
  endfacet
  facet normal -1 0 0
    outer loop
      vertex 37.6237 -5.02886 9.40834
      vertex 37.6237 -4.73218 10.0054
      vertex 37.6237 -4.56116 9.64376
    endloop
  endfacet
  facet normal -1 0 0
    outer loop
      vertex 37.6237 -5.02886 9.40834
      vertex 37.6237 -5.21742 9.7611
      vertex 37.6237 -4.73218 10.0054
    endloop
  endfacet
  facet normal -1 0 0
    outer loop
      vertex 37.6237 -5.48445 9.15025
      vertex 37.6237 -5.21742 9.7611
      vertex 37.6237 -5.02886 9.40834
    endloop
  endfacet
  facet normal -1 0 0
    outer loop
      vertex 37.6237 -5.48445 9.15025
      vertex 37.6237 -5.69009 9.49334
      vertex 37.6237 -5.21742 9.7611
    endloop
  endfacet
  facet normal -1 0 0
    outer loop
      vertex 37.6237 -5.92682 8.87012
      vertex 37.6237 -5.69009 9.49334
      vertex 37.6237 -5.48445 9.15025
    endloop
  endfacet
  facet normal -1 0 0
    outer loop
      vertex 37.6237 -5.92682 8.87012
      vertex 37.6237 -6.14905 9.20271
      vertex 37.6237 -5.69009 9.49334
    endloop
  endfacet
  facet normal -1 0 0
    outer loop
      vertex 37.6237 -6.35492 8.56862
      vertex 37.6237 -6.14905 9.20271
      vertex 37.6237 -5.92682 8.87012
    endloop
  endfacet
  facet normal -1 0 0
    outer loop
      vertex 37.6237 -6.35492 8.56862
      vertex 37.6237 -6.5932 8.8899
      vertex 37.6237 -6.14905 9.20271
    endloop
  endfacet
  facet normal -1 0 0
    outer loop
      vertex 37.6237 -6.76771 8.24648
      vertex 37.6237 -6.5932 8.8899
      vertex 37.6237 -6.35492 8.56862
    endloop
  endfacet
  facet normal -1 0 0
    outer loop
      vertex 37.6237 -6.76771 8.24648
      vertex 37.6237 -7.02146 8.55568
      vertex 37.6237 -6.5932 8.8899
    endloop
  endfacet
  facet normal -1 0 0
    outer loop
      vertex 37.6237 -7.16419 7.90447
      vertex 37.6237 -7.02146 8.55568
      vertex 37.6237 -6.76771 8.24648
    endloop
  endfacet
  facet normal -1 0 0
    outer loop
      vertex 37.6237 -7.16419 7.90447
      vertex 37.6237 -7.43281 8.20085
      vertex 37.6237 -7.02146 8.55568
    endloop
  endfacet
  facet normal -1 0 0
    outer loop
      vertex 37.6237 -7.54342 7.54342
      vertex 37.6237 -7.43281 8.20085
      vertex 37.6237 -7.16419 7.90447
    endloop
  endfacet
  facet normal -1 0 0
    outer loop
      vertex 37.6237 -7.54342 7.54342
      vertex 37.6237 -7.82626 7.82626
      vertex 37.6237 -7.43281 8.20085
    endloop
  endfacet
  facet normal -1 0 0
    outer loop
      vertex 37.6237 -7.90447 7.16419
      vertex 37.6237 -7.82626 7.82626
      vertex 37.6237 -7.54342 7.54342
    endloop
  endfacet
  facet normal -1 0 0
    outer loop
      vertex 37.6237 -7.90447 7.16419
      vertex 37.6237 -8.20085 7.43281
      vertex 37.6237 -7.82626 7.82626
    endloop
  endfacet
  facet normal -1 0 0
    outer loop
      vertex 37.6237 -8.24648 6.76771
      vertex 37.6237 -8.20085 7.43281
      vertex 37.6237 -7.90447 7.16419
    endloop
  endfacet
  facet normal -1 0 0
    outer loop
      vertex 37.6237 -8.24648 6.76771
      vertex 37.6237 -8.55568 7.02146
      vertex 37.6237 -8.20085 7.43281
    endloop
  endfacet
  facet normal -1 0 0
    outer loop
      vertex 37.6237 -8.56862 6.35492
      vertex 37.6237 -8.55568 7.02146
      vertex 37.6237 -8.24648 6.76771
    endloop
  endfacet
  facet normal -1 0 0
    outer loop
      vertex 37.6237 -8.8899 6.5932
      vertex 37.6237 -8.56862 6.35492
      vertex 37.6237 -8.87012 5.92682
    endloop
  endfacet
  facet normal -1 0 0
    outer loop
      vertex 37.6237 -8.56862 6.35492
      vertex 37.6237 -8.8899 6.5932
      vertex 37.6237 -8.55568 7.02146
    endloop
  endfacet
  facet normal -1 0 0
    outer loop
      vertex 37.6237 -9.20271 6.14905
      vertex 37.6237 -8.87012 5.92682
      vertex 37.6237 -9.15025 5.48445
    endloop
  endfacet
  facet normal -1 0 0
    outer loop
      vertex 37.6237 -8.87012 5.92682
      vertex 37.6237 -9.20271 6.14905
      vertex 37.6237 -8.8899 6.5932
    endloop
  endfacet
  facet normal -1 0 0
    outer loop
      vertex 37.6237 -9.49334 5.69009
      vertex 37.6237 -9.15025 5.48445
      vertex 37.6237 -9.40834 5.02886
    endloop
  endfacet
  facet normal -1 0 0
    outer loop
      vertex 37.6237 -9.15025 5.48445
      vertex 37.6237 -9.49334 5.69009
      vertex 37.6237 -9.20271 6.14905
    endloop
  endfacet
  facet normal -1 0 0
    outer loop
      vertex 37.6237 -9.7611 5.21742
      vertex 37.6237 -9.40834 5.02886
      vertex 37.6237 -9.64376 4.56116
    endloop
  endfacet
  facet normal -1 0 0
    outer loop
      vertex 37.6237 -9.40834 5.02886
      vertex 37.6237 -9.7611 5.21742
      vertex 37.6237 -9.49334 5.69009
    endloop
  endfacet
  facet normal -1 0 0
    outer loop
      vertex 37.6237 -10.0054 4.73218
      vertex 37.6237 -9.64376 4.56116
      vertex 37.6237 -9.85595 4.08247
    endloop
  endfacet
  facet normal -1 0 0
    outer loop
      vertex 37.6237 -9.64376 4.56116
      vertex 37.6237 -10.0054 4.73218
      vertex 37.6237 -9.7611 5.21742
    endloop
  endfacet
  facet normal -1 0 0
    outer loop
      vertex 37.6237 -10.2255 4.23554
      vertex 37.6237 -9.85595 4.08247
      vertex 37.6237 -10.0444 3.59394
    endloop
  endfacet
  facet normal -1 0 0
    outer loop
      vertex 37.6237 -10.421 3.7287
      vertex 37.6237 -10.0444 3.59394
      vertex 37.6237 -10.2086 3.09676
    endloop
  endfacet
  facet normal -1 0 0
    outer loop
      vertex 37.6237 -9.85595 4.08247
      vertex 37.6237 -10.2255 4.23554
      vertex 37.6237 -10.0054 4.73218
    endloop
  endfacet
  facet normal -1 0 0
    outer loop
      vertex 37.6237 -10.5914 3.21287
      vertex 37.6237 -10.2086 3.09676
      vertex 37.6237 -10.3483 2.59211
    endloop
  endfacet
  facet normal -1 0 0
    outer loop
      vertex 37.6237 -10.0444 3.59394
      vertex 37.6237 -10.421 3.7287
      vertex 37.6237 -10.2255 4.23554
    endloop
  endfacet
  facet normal -1 0 0
    outer loop
      vertex 37.6237 -10.7363 2.6893
      vertex 37.6237 -10.3483 2.59211
      vertex 37.6237 -10.463 2.08122
    endloop
  endfacet
  facet normal -1 0 0
    outer loop
      vertex 37.6237 -10.8553 2.15926
      vertex 37.6237 -10.463 2.08122
      vertex 37.6237 -10.5525 1.56532
    endloop
  endfacet
  facet normal -1 0 0
    outer loop
      vertex 37.6237 -10.2086 3.09676
      vertex 37.6237 -10.5914 3.21287
      vertex 37.6237 -10.421 3.7287
    endloop
  endfacet
  facet normal -1 0 0
    outer loop
      vertex 37.6237 -10.9482 1.62401
      vertex 37.6237 -10.5525 1.56532
      vertex 37.6237 -10.6166 1.04565
    endloop
  endfacet
  facet normal -1 0 0
    outer loop
      vertex 37.6237 -11.0147 1.08485
      vertex 37.6237 -10.6166 1.04565
      vertex 37.6237 -10.6551 0.523454
    endloop
  endfacet
  facet normal -1 0 0
    outer loop
      vertex 37.6237 -11.0547 0.54308
      vertex 37.6237 -10.6551 0.523454
      vertex 37.6237 -10.668 0
    endloop
  endfacet
  facet normal -1 0 0
    outer loop
      vertex 37.6237 -10.3483 2.59211
      vertex 37.6237 -10.7363 2.6893
      vertex 37.6237 -10.5914 3.21287
    endloop
  endfacet
  facet normal -1 0 0
    outer loop
      vertex 37.6237 -10.463 2.08122
      vertex 37.6237 -10.8553 2.15926
      vertex 37.6237 -10.7363 2.6893
    endloop
  endfacet
  facet normal -1 0 0
    outer loop
      vertex 37.6237 -10.5525 1.56532
      vertex 37.6237 -10.9482 1.62401
      vertex 37.6237 -10.8553 2.15926
    endloop
  endfacet
  facet normal -1 0 0
    outer loop
      vertex 37.6237 -10.6166 1.04565
      vertex 37.6237 -11.0147 1.08485
      vertex 37.6237 -10.9482 1.62401
    endloop
  endfacet
  facet normal -1 0 0
    outer loop
      vertex 37.6237 -10.6551 0.523454
      vertex 37.6237 -11.0547 0.54308
      vertex 37.6237 -11.0147 1.08485
    endloop
  endfacet
  facet normal -1 0 -0
    outer loop
      vertex 37.6237 -11.0547 0.54308
      vertex 37.6237 -10.668 0
      vertex 37.6237 -11.068 0
    endloop
  endfacet
  facet normal 0 -0.9997 0.0244826
    outer loop
      vertex 37.6237 -11.068 0
      vertex 50.3237 -11.0547 0.54308
      vertex 37.6237 -11.0547 0.54308
    endloop
  endfacet
  facet normal 0 -0.9997 0.0244826
    outer loop
      vertex 50.3237 -11.0547 0.54308
      vertex 37.6237 -11.068 0
      vertex 50.3237 -11.068 0
    endloop
  endfacet
  facet normal 0 -0.949532 0.31367
    outer loop
      vertex 37.6237 -10.5914 3.21287
      vertex 50.3237 -10.421 3.7287
      vertex 37.6237 -10.421 3.7287
    endloop
  endfacet
  facet normal 0 -0.949532 0.31367
    outer loop
      vertex 50.3237 -10.421 3.7287
      vertex 37.6237 -10.5914 3.21287
      vertex 50.3237 -10.5914 3.21287
    endloop
  endfacet
  facet normal 0 -0.963772 0.266728
    outer loop
      vertex 37.6237 -10.7363 2.6893
      vertex 50.3237 -10.5914 3.21287
      vertex 37.6237 -10.5914 3.21287
    endloop
  endfacet
  facet normal 0 -0.963772 0.266728
    outer loop
      vertex 50.3237 -10.5914 3.21287
      vertex 37.6237 -10.7363 2.6893
      vertex 50.3237 -10.7363 2.6893
    endloop
  endfacet
  facet normal 0 -0.817581 0.575813
    outer loop
      vertex 37.6237 -9.20271 6.14905
      vertex 50.3237 -8.8899 6.5932
      vertex 37.6237 -8.8899 6.5932
    endloop
  endfacet
  facet normal 0 -0.817581 0.575813
    outer loop
      vertex 50.3237 -8.8899 6.5932
      vertex 37.6237 -9.20271 6.14905
      vertex 50.3237 -9.20271 6.14905
    endloop
  endfacet
  facet normal 0 -0.757212 0.65317
    outer loop
      vertex 37.6237 -8.55568 7.02146
      vertex 50.3237 -8.20085 7.43281
      vertex 37.6237 -8.20085 7.43281
    endloop
  endfacet
  facet normal 0 -0.757212 0.65317
    outer loop
      vertex 50.3237 -8.20085 7.43281
      vertex 37.6237 -8.55568 7.02146
      vertex 50.3237 -8.55568 7.02146
    endloop
  endfacet
  facet normal 0 -0.534993 0.844856
    outer loop
      vertex 37.6237 -5.69009 9.49334
      vertex 50.3237 -6.14905 9.20271
      vertex 50.3237 -5.69009 9.49334
    endloop
  endfacet
  facet normal 0 -0.534993 0.844856
    outer loop
      vertex 50.3237 -6.14905 9.20271
      vertex 37.6237 -5.69009 9.49334
      vertex 37.6237 -6.14905 9.20271
    endloop
  endfacet
  facet normal 0 -0.65317 0.757212
    outer loop
      vertex 37.6237 -7.02146 8.55568
      vertex 50.3237 -7.43281 8.20085
      vertex 50.3237 -7.02146 8.55568
    endloop
  endfacet
  facet normal 0 -0.65317 0.757212
    outer loop
      vertex 50.3237 -7.43281 8.20085
      vertex 37.6237 -7.02146 8.55568
      vertex 37.6237 -7.43281 8.20085
    endloop
  endfacet
  facet normal -0 0.122412 0.992479
    outer loop
      vertex 37.6237 1.62401 10.9482
      vertex 50.3237 1.08485 11.0147
      vertex 50.3237 1.62401 10.9482
    endloop
  endfacet
  facet normal 0 0.122412 0.992479
    outer loop
      vertex 50.3237 1.08485 11.0147
      vertex 37.6237 1.62401 10.9482
      vertex 37.6237 1.08485 11.0147
    endloop
  endfacet
  facet normal -0 0.31367 0.949532
    outer loop
      vertex 37.6237 3.7287 10.421
      vertex 50.3237 3.21287 10.5914
      vertex 50.3237 3.7287 10.421
    endloop
  endfacet
  facet normal 0 0.31367 0.949532
    outer loop
      vertex 50.3237 3.21287 10.5914
      vertex 37.6237 3.7287 10.421
      vertex 37.6237 3.21287 10.5914
    endloop
  endfacet
  facet normal -0 0.359879 0.932999
    outer loop
      vertex 37.6237 4.23554 10.2255
      vertex 50.3237 3.7287 10.421
      vertex 50.3237 4.23554 10.2255
    endloop
  endfacet
  facet normal 0 0.359879 0.932999
    outer loop
      vertex 50.3237 3.7287 10.421
      vertex 37.6237 4.23554 10.2255
      vertex 37.6237 3.7287 10.421
    endloop
  endfacet
  facet normal -0 0.171007 0.98527
    outer loop
      vertex 37.6237 2.15926 10.8553
      vertex 50.3237 1.62401 10.9482
      vertex 50.3237 2.15926 10.8553
    endloop
  endfacet
  facet normal 0 0.171007 0.98527
    outer loop
      vertex 50.3237 1.62401 10.9482
      vertex 37.6237 2.15926 10.8553
      vertex 37.6237 1.62401 10.9482
    endloop
  endfacet
  facet normal -0 0.0736317 0.997286
    outer loop
      vertex 37.6237 1.08485 11.0147
      vertex 50.3237 0.54308 11.0547
      vertex 50.3237 1.08485 11.0147
    endloop
  endfacet
  facet normal 0 0.0736317 0.997286
    outer loop
      vertex 50.3237 0.54308 11.0547
      vertex 37.6237 1.08485 11.0147
      vertex 37.6237 0.54308 11.0547
    endloop
  endfacet
  facet normal -0 0.266728 0.963772
    outer loop
      vertex 37.6237 3.21287 10.5914
      vertex 50.3237 2.6893 10.7363
      vertex 50.3237 3.21287 10.5914
    endloop
  endfacet
  facet normal 0 0.266728 0.963772
    outer loop
      vertex 50.3237 2.6893 10.7363
      vertex 37.6237 3.21287 10.5914
      vertex 37.6237 2.6893 10.7363
    endloop
  endfacet
  facet normal -0 0.492892 0.87009
    outer loop
      vertex 37.6237 5.69009 9.49334
      vertex 50.3237 5.21742 9.7611
      vertex 50.3237 5.69009 9.49334
    endloop
  endfacet
  facet normal 0 0.492892 0.87009
    outer loop
      vertex 50.3237 5.21742 9.7611
      vertex 37.6237 5.69009 9.49334
      vertex 37.6237 5.21742 9.7611
    endloop
  endfacet
  facet normal -0 0.534993 0.844856
    outer loop
      vertex 37.6237 6.14905 9.20271
      vertex 50.3237 5.69009 9.49334
      vertex 50.3237 6.14905 9.20271
    endloop
  endfacet
  facet normal 0 0.534993 0.844856
    outer loop
      vertex 50.3237 5.69009 9.49334
      vertex 37.6237 6.14905 9.20271
      vertex 37.6237 5.69009 9.49334
    endloop
  endfacet
  facet normal -0 0.449686 0.893187
    outer loop
      vertex 37.6237 5.21742 9.7611
      vertex 50.3237 4.73218 10.0054
      vertex 50.3237 5.21742 9.7611
    endloop
  endfacet
  facet normal 0 0.449686 0.893187
    outer loop
      vertex 50.3237 4.73218 10.0054
      vertex 37.6237 5.21742 9.7611
      vertex 37.6237 4.73218 10.0054
    endloop
  endfacet
  facet normal -0 0.65317 0.757212
    outer loop
      vertex 37.6237 7.43281 8.20085
      vertex 50.3237 7.02146 8.55568
      vertex 50.3237 7.43281 8.20085
    endloop
  endfacet
  facet normal 0 0.65317 0.757212
    outer loop
      vertex 50.3237 7.02146 8.55568
      vertex 37.6237 7.43281 8.20085
      vertex 37.6237 7.02146 8.55568
    endloop
  endfacet
  facet normal -0 0.615235 0.788344
    outer loop
      vertex 37.6237 7.02146 8.55568
      vertex 50.3237 6.5932 8.8899
      vertex 50.3237 7.02146 8.55568
    endloop
  endfacet
  facet normal 0 0.615235 0.788344
    outer loop
      vertex 50.3237 6.5932 8.8899
      vertex 37.6237 7.02146 8.55568
      vertex 37.6237 6.5932 8.8899
    endloop
  endfacet
  facet normal 0 0.963772 0.266728
    outer loop
      vertex 50.3237 10.7363 2.6893
      vertex 37.6237 10.5914 3.21287
      vertex 50.3237 10.5914 3.21287
    endloop
  endfacet
  facet normal 0 0.963772 0.266728
    outer loop
      vertex 37.6237 10.5914 3.21287
      vertex 50.3237 10.7363 2.6893
      vertex 37.6237 10.7363 2.6893
    endloop
  endfacet
  facet normal 0 0.975712 0.219058
    outer loop
      vertex 50.3237 10.8553 2.15926
      vertex 37.6237 10.7363 2.6893
      vertex 50.3237 10.7363 2.6893
    endloop
  endfacet
  facet normal 0 0.975712 0.219058
    outer loop
      vertex 37.6237 10.7363 2.6893
      vertex 50.3237 10.8553 2.15926
      vertex 37.6237 10.8553 2.15926
    endloop
  endfacet
  facet normal 0 0.949532 0.31367
    outer loop
      vertex 50.3237 10.5914 3.21287
      vertex 37.6237 10.421 3.7287
      vertex 50.3237 10.421 3.7287
    endloop
  endfacet
  facet normal 0 0.949532 0.31367
    outer loop
      vertex 37.6237 10.421 3.7287
      vertex 50.3237 10.5914 3.21287
      vertex 37.6237 10.5914 3.21287
    endloop
  endfacet
  facet normal 0 0.992479 0.122412
    outer loop
      vertex 50.3237 11.0147 1.08485
      vertex 37.6237 10.9482 1.62401
      vertex 50.3237 10.9482 1.62401
    endloop
  endfacet
  facet normal 0 0.992479 0.122412
    outer loop
      vertex 37.6237 10.9482 1.62401
      vertex 50.3237 11.0147 1.08485
      vertex 37.6237 11.0147 1.08485
    endloop
  endfacet
  facet normal 0 0.9997 0.0244826
    outer loop
      vertex 50.3237 11.068 0
      vertex 37.6237 11.0547 0.54308
      vertex 50.3237 11.0547 0.54308
    endloop
  endfacet
  facet normal 0 0.9997 0.0244826
    outer loop
      vertex 37.6237 11.0547 0.54308
      vertex 50.3237 11.068 0
      vertex 37.6237 11.068 0
    endloop
  endfacet
  facet normal 0 0.87009 0.492892
    outer loop
      vertex 50.3237 9.7611 5.21742
      vertex 37.6237 9.49334 5.69009
      vertex 50.3237 9.49334 5.69009
    endloop
  endfacet
  facet normal 0 0.87009 0.492892
    outer loop
      vertex 37.6237 9.49334 5.69009
      vertex 50.3237 9.7611 5.21742
      vertex 37.6237 9.7611 5.21742
    endloop
  endfacet
  facet normal 0 0.914241 0.405172
    outer loop
      vertex 50.3237 10.2255 4.23554
      vertex 37.6237 10.0054 4.73218
      vertex 50.3237 10.0054 4.73218
    endloop
  endfacet
  facet normal 0 0.914241 0.405172
    outer loop
      vertex 37.6237 10.0054 4.73218
      vertex 50.3237 10.2255 4.23554
      vertex 37.6237 10.2255 4.23554
    endloop
  endfacet
  facet normal 0 0.788344 0.615235
    outer loop
      vertex 50.3237 8.8899 6.5932
      vertex 37.6237 8.55568 7.02146
      vertex 50.3237 8.55568 7.02146
    endloop
  endfacet
  facet normal 0 0.788344 0.615235
    outer loop
      vertex 37.6237 8.55568 7.02146
      vertex 50.3237 8.8899 6.5932
      vertex 37.6237 8.8899 6.5932
    endloop
  endfacet
  facet normal 0 0.757212 0.65317
    outer loop
      vertex 50.3237 8.55568 7.02146
      vertex 37.6237 8.20085 7.43281
      vertex 50.3237 8.20085 7.43281
    endloop
  endfacet
  facet normal 0 0.757212 0.65317
    outer loop
      vertex 37.6237 8.20085 7.43281
      vertex 50.3237 8.55568 7.02146
      vertex 37.6237 8.55568 7.02146
    endloop
  endfacet
  facet normal 0 0.817581 0.575813
    outer loop
      vertex 50.3237 9.20271 6.14905
      vertex 37.6237 8.8899 6.5932
      vertex 50.3237 8.8899 6.5932
    endloop
  endfacet
  facet normal 0 0.817581 0.575813
    outer loop
      vertex 37.6237 8.8899 6.5932
      vertex 50.3237 9.20271 6.14905
      vertex 37.6237 9.20271 6.14905
    endloop
  endfacet
  facet normal 0 0.724252 0.689535
    outer loop
      vertex 50.3237 8.20085 7.43281
      vertex 37.6237 7.82626 7.82626
      vertex 50.3237 7.82626 7.82626
    endloop
  endfacet
  facet normal 0 0.724252 0.689535
    outer loop
      vertex 37.6237 7.82626 7.82626
      vertex 50.3237 8.20085 7.43281
      vertex 37.6237 8.20085 7.43281
    endloop
  endfacet
  facet normal 0 -0.932999 0.359879
    outer loop
      vertex 37.6237 -10.421 3.7287
      vertex 50.3237 -10.2255 4.23554
      vertex 37.6237 -10.2255 4.23554
    endloop
  endfacet
  facet normal 0 -0.932999 0.359879
    outer loop
      vertex 50.3237 -10.2255 4.23554
      vertex 37.6237 -10.421 3.7287
      vertex 50.3237 -10.421 3.7287
    endloop
  endfacet
  facet normal 0 -0.992479 0.122412
    outer loop
      vertex 37.6237 -11.0147 1.08485
      vertex 50.3237 -10.9482 1.62401
      vertex 37.6237 -10.9482 1.62401
    endloop
  endfacet
  facet normal 0 -0.992479 0.122412
    outer loop
      vertex 50.3237 -10.9482 1.62401
      vertex 37.6237 -11.0147 1.08485
      vertex 50.3237 -11.0147 1.08485
    endloop
  endfacet
  facet normal 0 -0.997286 0.0736317
    outer loop
      vertex 37.6237 -11.0547 0.54308
      vertex 50.3237 -11.0147 1.08485
      vertex 37.6237 -11.0147 1.08485
    endloop
  endfacet
  facet normal 0 -0.997286 0.0736317
    outer loop
      vertex 50.3237 -11.0147 1.08485
      vertex 37.6237 -11.0547 0.54308
      vertex 50.3237 -11.0547 0.54308
    endloop
  endfacet
  facet normal 0 -0.975712 0.219058
    outer loop
      vertex 37.6237 -10.8553 2.15926
      vertex 50.3237 -10.7363 2.6893
      vertex 37.6237 -10.7363 2.6893
    endloop
  endfacet
  facet normal 0 -0.975712 0.219058
    outer loop
      vertex 50.3237 -10.7363 2.6893
      vertex 37.6237 -10.8553 2.15926
      vertex 50.3237 -10.8553 2.15926
    endloop
  endfacet
  facet normal 0 -0.844856 0.534993
    outer loop
      vertex 37.6237 -9.49334 5.69009
      vertex 50.3237 -9.20271 6.14905
      vertex 37.6237 -9.20271 6.14905
    endloop
  endfacet
  facet normal 0 -0.844856 0.534993
    outer loop
      vertex 50.3237 -9.20271 6.14905
      vertex 37.6237 -9.49334 5.69009
      vertex 50.3237 -9.49334 5.69009
    endloop
  endfacet
  facet normal 0 -0.87009 0.492892
    outer loop
      vertex 37.6237 -9.7611 5.21742
      vertex 50.3237 -9.49334 5.69009
      vertex 37.6237 -9.49334 5.69009
    endloop
  endfacet
  facet normal 0 -0.87009 0.492892
    outer loop
      vertex 50.3237 -9.49334 5.69009
      vertex 37.6237 -9.7611 5.21742
      vertex 50.3237 -9.7611 5.21742
    endloop
  endfacet
  facet normal 0 -0.893187 0.449686
    outer loop
      vertex 37.6237 -10.0054 4.73218
      vertex 50.3237 -9.7611 5.21742
      vertex 37.6237 -9.7611 5.21742
    endloop
  endfacet
  facet normal 0 -0.893187 0.449686
    outer loop
      vertex 50.3237 -9.7611 5.21742
      vertex 37.6237 -10.0054 4.73218
      vertex 50.3237 -10.0054 4.73218
    endloop
  endfacet
  facet normal 0 -0.788344 0.615235
    outer loop
      vertex 37.6237 -8.8899 6.5932
      vertex 50.3237 -8.55568 7.02146
      vertex 37.6237 -8.55568 7.02146
    endloop
  endfacet
  facet normal 0 -0.788344 0.615235
    outer loop
      vertex 50.3237 -8.55568 7.02146
      vertex 37.6237 -8.8899 6.5932
      vertex 50.3237 -8.8899 6.5932
    endloop
  endfacet
  facet normal 0 -0.219058 0.975712
    outer loop
      vertex 37.6237 -2.15926 10.8553
      vertex 50.3237 -2.6893 10.7363
      vertex 50.3237 -2.15926 10.8553
    endloop
  endfacet
  facet normal 0 -0.219058 0.975712
    outer loop
      vertex 50.3237 -2.6893 10.7363
      vertex 37.6237 -2.15926 10.8553
      vertex 37.6237 -2.6893 10.7363
    endloop
  endfacet
  facet normal 0 -0.266728 0.963772
    outer loop
      vertex 37.6237 -2.6893 10.7363
      vertex 50.3237 -3.21287 10.5914
      vertex 50.3237 -2.6893 10.7363
    endloop
  endfacet
  facet normal 0 -0.266728 0.963772
    outer loop
      vertex 50.3237 -3.21287 10.5914
      vertex 37.6237 -2.6893 10.7363
      vertex 37.6237 -3.21287 10.5914
    endloop
  endfacet
  facet normal 0 -0.31367 0.949532
    outer loop
      vertex 37.6237 -3.21287 10.5914
      vertex 50.3237 -3.7287 10.421
      vertex 50.3237 -3.21287 10.5914
    endloop
  endfacet
  facet normal 0 -0.31367 0.949532
    outer loop
      vertex 50.3237 -3.7287 10.421
      vertex 37.6237 -3.21287 10.5914
      vertex 37.6237 -3.7287 10.421
    endloop
  endfacet
  facet normal 0 -0.0244826 0.9997
    outer loop
      vertex 37.6237 0 11.068
      vertex 50.3237 -0.54308 11.0547
      vertex 50.3237 0 11.068
    endloop
  endfacet
  facet normal 0 -0.0244826 0.9997
    outer loop
      vertex 50.3237 -0.54308 11.0547
      vertex 37.6237 0 11.068
      vertex 37.6237 -0.54308 11.0547
    endloop
  endfacet
  facet normal 0 -0.0736317 0.997286
    outer loop
      vertex 37.6237 -0.54308 11.0547
      vertex 50.3237 -1.08485 11.0147
      vertex 50.3237 -0.54308 11.0547
    endloop
  endfacet
  facet normal 0 -0.0736317 0.997286
    outer loop
      vertex 50.3237 -1.08485 11.0147
      vertex 37.6237 -0.54308 11.0547
      vertex 37.6237 -1.08485 11.0147
    endloop
  endfacet
  facet normal 0 -0.405172 0.914241
    outer loop
      vertex 37.6237 -4.23554 10.2255
      vertex 50.3237 -4.73218 10.0054
      vertex 50.3237 -4.23554 10.2255
    endloop
  endfacet
  facet normal 0 -0.405172 0.914241
    outer loop
      vertex 50.3237 -4.73218 10.0054
      vertex 37.6237 -4.23554 10.2255
      vertex 37.6237 -4.73218 10.0054
    endloop
  endfacet
  facet normal 0 -0.449686 0.893187
    outer loop
      vertex 37.6237 -4.73218 10.0054
      vertex 50.3237 -5.21742 9.7611
      vertex 50.3237 -4.73218 10.0054
    endloop
  endfacet
  facet normal 0 -0.449686 0.893187
    outer loop
      vertex 50.3237 -5.21742 9.7611
      vertex 37.6237 -4.73218 10.0054
      vertex 37.6237 -5.21742 9.7611
    endloop
  endfacet
  facet normal 0 -0.575813 0.817581
    outer loop
      vertex 37.6237 -6.14905 9.20271
      vertex 50.3237 -6.5932 8.8899
      vertex 50.3237 -6.14905 9.20271
    endloop
  endfacet
  facet normal 0 -0.575813 0.817581
    outer loop
      vertex 50.3237 -6.5932 8.8899
      vertex 37.6237 -6.14905 9.20271
      vertex 37.6237 -6.5932 8.8899
    endloop
  endfacet
  facet normal 0 -0.615235 0.788344
    outer loop
      vertex 37.6237 -6.5932 8.8899
      vertex 50.3237 -7.02146 8.55568
      vertex 50.3237 -6.5932 8.8899
    endloop
  endfacet
  facet normal 0 -0.615235 0.788344
    outer loop
      vertex 50.3237 -7.02146 8.55568
      vertex 37.6237 -6.5932 8.8899
      vertex 37.6237 -7.02146 8.55568
    endloop
  endfacet
  facet normal 0 -0.689535 0.724252
    outer loop
      vertex 37.6237 -7.43281 8.20085
      vertex 50.3237 -7.82626 7.82626
      vertex 50.3237 -7.43281 8.20085
    endloop
  endfacet
  facet normal 0 -0.689535 0.724252
    outer loop
      vertex 50.3237 -7.82626 7.82626
      vertex 37.6237 -7.43281 8.20085
      vertex 37.6237 -7.82626 7.82626
    endloop
  endfacet
  facet normal 1 0 0
    outer loop
      vertex 50.3237 10.6551 0.523454
      vertex 50.3237 11.0547 0.54308
      vertex 50.3237 11.0147 1.08485
    endloop
  endfacet
  facet normal 1 0 0
    outer loop
      vertex 50.3237 10.6166 1.04565
      vertex 50.3237 11.0147 1.08485
      vertex 50.3237 10.9482 1.62401
    endloop
  endfacet
  facet normal 1 0 0
    outer loop
      vertex 50.3237 10.5525 1.56532
      vertex 50.3237 10.9482 1.62401
      vertex 50.3237 10.8553 2.15926
    endloop
  endfacet
  facet normal 1 0 0
    outer loop
      vertex 50.3237 10.463 2.08122
      vertex 50.3237 10.8553 2.15926
      vertex 50.3237 10.7363 2.6893
    endloop
  endfacet
  facet normal 1 0 -0
    outer loop
      vertex 50.3237 10.6551 0.523454
      vertex 50.3237 11.0147 1.08485
      vertex 50.3237 10.6166 1.04565
    endloop
  endfacet
  facet normal 1 0 0
    outer loop
      vertex 50.3237 11.068 0
      vertex 50.3237 10.6551 0.523454
      vertex 50.3237 10.668 0
    endloop
  endfacet
  facet normal 1 0 0
    outer loop
      vertex 50.3237 11.0547 0.54308
      vertex 50.3237 10.6551 0.523454
      vertex 50.3237 11.068 0
    endloop
  endfacet
  facet normal 1 0 0
    outer loop
      vertex 50.3237 10.3483 2.59211
      vertex 50.3237 10.7363 2.6893
      vertex 50.3237 10.5914 3.21287
    endloop
  endfacet
  facet normal 1 0 0
    outer loop
      vertex 50.3237 10.9482 1.62401
      vertex 50.3237 10.5525 1.56532
      vertex 50.3237 10.6166 1.04565
    endloop
  endfacet
  facet normal 1 0 0
    outer loop
      vertex 50.3237 10.8553 2.15926
      vertex 50.3237 10.463 2.08122
      vertex 50.3237 10.5525 1.56532
    endloop
  endfacet
  facet normal 1 0 0
    outer loop
      vertex 50.3237 10.2086 3.09676
      vertex 50.3237 10.5914 3.21287
      vertex 50.3237 10.421 3.7287
    endloop
  endfacet
  facet normal 1 0 0
    outer loop
      vertex 50.3237 10.7363 2.6893
      vertex 50.3237 10.3483 2.59211
      vertex 50.3237 10.463 2.08122
    endloop
  endfacet
  facet normal 1 0 0
    outer loop
      vertex 50.3237 10.0444 3.59394
      vertex 50.3237 10.421 3.7287
      vertex 50.3237 10.2255 4.23554
    endloop
  endfacet
  facet normal 1 0 0
    outer loop
      vertex 50.3237 10.5914 3.21287
      vertex 50.3237 10.2086 3.09676
      vertex 50.3237 10.3483 2.59211
    endloop
  endfacet
  facet normal 1 0 0
    outer loop
      vertex 50.3237 10.421 3.7287
      vertex 50.3237 10.0444 3.59394
      vertex 50.3237 10.2086 3.09676
    endloop
  endfacet
  facet normal 1 0 0
    outer loop
      vertex 50.3237 9.85595 4.08247
      vertex 50.3237 10.2255 4.23554
      vertex 50.3237 10.0054 4.73218
    endloop
  endfacet
  facet normal 1 0 0
    outer loop
      vertex 50.3237 10.2255 4.23554
      vertex 50.3237 9.85595 4.08247
      vertex 50.3237 10.0444 3.59394
    endloop
  endfacet
  facet normal 1 0 0
    outer loop
      vertex 50.3237 9.64376 4.56116
      vertex 50.3237 10.0054 4.73218
      vertex 50.3237 9.7611 5.21742
    endloop
  endfacet
  facet normal 1 0 0
    outer loop
      vertex 50.3237 10.0054 4.73218
      vertex 50.3237 9.64376 4.56116
      vertex 50.3237 9.85595 4.08247
    endloop
  endfacet
  facet normal 1 0 0
    outer loop
      vertex 50.3237 9.40834 5.02886
      vertex 50.3237 9.7611 5.21742
      vertex 50.3237 9.49334 5.69009
    endloop
  endfacet
  facet normal 1 0 0
    outer loop
      vertex 50.3237 9.7611 5.21742
      vertex 50.3237 9.40834 5.02886
      vertex 50.3237 9.64376 4.56116
    endloop
  endfacet
  facet normal 1 0 0
    outer loop
      vertex 50.3237 9.15025 5.48445
      vertex 50.3237 9.49334 5.69009
      vertex 50.3237 9.20271 6.14905
    endloop
  endfacet
  facet normal 1 0 0
    outer loop
      vertex 50.3237 9.49334 5.69009
      vertex 50.3237 9.15025 5.48445
      vertex 50.3237 9.40834 5.02886
    endloop
  endfacet
  facet normal 1 0 0
    outer loop
      vertex 50.3237 8.87012 5.92682
      vertex 50.3237 9.20271 6.14905
      vertex 50.3237 8.8899 6.5932
    endloop
  endfacet
  facet normal 1 0 0
    outer loop
      vertex 50.3237 9.20271 6.14905
      vertex 50.3237 8.87012 5.92682
      vertex 50.3237 9.15025 5.48445
    endloop
  endfacet
  facet normal 1 0 0
    outer loop
      vertex 50.3237 8.8899 6.5932
      vertex 50.3237 8.56862 6.35492
      vertex 50.3237 8.87012 5.92682
    endloop
  endfacet
  facet normal 1 0 0
    outer loop
      vertex 50.3237 8.55568 7.02146
      vertex 50.3237 8.56862 6.35492
      vertex 50.3237 8.8899 6.5932
    endloop
  endfacet
  facet normal 1 0 0
    outer loop
      vertex 50.3237 8.55568 7.02146
      vertex 50.3237 8.24648 6.76771
      vertex 50.3237 8.56862 6.35492
    endloop
  endfacet
  facet normal 1 0 0
    outer loop
      vertex 50.3237 8.20085 7.43281
      vertex 50.3237 8.24648 6.76771
      vertex 50.3237 8.55568 7.02146
    endloop
  endfacet
  facet normal 1 0 0
    outer loop
      vertex 50.3237 8.20085 7.43281
      vertex 50.3237 7.90447 7.16419
      vertex 50.3237 8.24648 6.76771
    endloop
  endfacet
  facet normal 1 0 0
    outer loop
      vertex 50.3237 7.82626 7.82626
      vertex 50.3237 7.90447 7.16419
      vertex 50.3237 8.20085 7.43281
    endloop
  endfacet
  facet normal 1 0 0
    outer loop
      vertex 50.3237 7.82626 7.82626
      vertex 50.3237 7.54342 7.54342
      vertex 50.3237 7.90447 7.16419
    endloop
  endfacet
  facet normal 1 0 0
    outer loop
      vertex 50.3237 7.43281 8.20085
      vertex 50.3237 7.54342 7.54342
      vertex 50.3237 7.82626 7.82626
    endloop
  endfacet
  facet normal 1 0 0
    outer loop
      vertex 50.3237 7.43281 8.20085
      vertex 50.3237 7.16419 7.90447
      vertex 50.3237 7.54342 7.54342
    endloop
  endfacet
  facet normal 1 0 0
    outer loop
      vertex 50.3237 7.02146 8.55568
      vertex 50.3237 7.16419 7.90447
      vertex 50.3237 7.43281 8.20085
    endloop
  endfacet
  facet normal 1 0 0
    outer loop
      vertex 50.3237 7.02146 8.55568
      vertex 50.3237 6.76771 8.24648
      vertex 50.3237 7.16419 7.90447
    endloop
  endfacet
  facet normal 1 0 0
    outer loop
      vertex 50.3237 6.5932 8.8899
      vertex 50.3237 6.76771 8.24648
      vertex 50.3237 7.02146 8.55568
    endloop
  endfacet
  facet normal 1 0 0
    outer loop
      vertex 50.3237 6.5932 8.8899
      vertex 50.3237 6.35492 8.56862
      vertex 50.3237 6.76771 8.24648
    endloop
  endfacet
  facet normal 1 0 0
    outer loop
      vertex 50.3237 6.14905 9.20271
      vertex 50.3237 6.35492 8.56862
      vertex 50.3237 6.5932 8.8899
    endloop
  endfacet
  facet normal 1 0 0
    outer loop
      vertex 50.3237 6.14905 9.20271
      vertex 50.3237 5.92682 8.87012
      vertex 50.3237 6.35492 8.56862
    endloop
  endfacet
  facet normal 1 0 0
    outer loop
      vertex 50.3237 5.69009 9.49334
      vertex 50.3237 5.92682 8.87012
      vertex 50.3237 6.14905 9.20271
    endloop
  endfacet
  facet normal 1 0 0
    outer loop
      vertex 50.3237 5.69009 9.49334
      vertex 50.3237 5.48445 9.15025
      vertex 50.3237 5.92682 8.87012
    endloop
  endfacet
  facet normal 1 0 0
    outer loop
      vertex 50.3237 5.21742 9.7611
      vertex 50.3237 5.48445 9.15025
      vertex 50.3237 5.69009 9.49334
    endloop
  endfacet
  facet normal 1 0 0
    outer loop
      vertex 50.3237 5.21742 9.7611
      vertex 50.3237 5.02886 9.40834
      vertex 50.3237 5.48445 9.15025
    endloop
  endfacet
  facet normal 1 0 0
    outer loop
      vertex 50.3237 4.73218 10.0054
      vertex 50.3237 5.02886 9.40834
      vertex 50.3237 5.21742 9.7611
    endloop
  endfacet
  facet normal 1 0 0
    outer loop
      vertex 50.3237 4.73218 10.0054
      vertex 50.3237 4.56116 9.64376
      vertex 50.3237 5.02886 9.40834
    endloop
  endfacet
  facet normal 1 0 0
    outer loop
      vertex 50.3237 4.23554 10.2255
      vertex 50.3237 4.56116 9.64376
      vertex 50.3237 4.73218 10.0054
    endloop
  endfacet
  facet normal 1 0 0
    outer loop
      vertex 50.3237 4.23554 10.2255
      vertex 50.3237 4.08247 9.85595
      vertex 50.3237 4.56116 9.64376
    endloop
  endfacet
  facet normal 1 0 0
    outer loop
      vertex 50.3237 3.7287 10.421
      vertex 50.3237 4.08247 9.85595
      vertex 50.3237 4.23554 10.2255
    endloop
  endfacet
  facet normal 1 0 0
    outer loop
      vertex 50.3237 3.7287 10.421
      vertex 50.3237 3.59394 10.0444
      vertex 50.3237 4.08247 9.85595
    endloop
  endfacet
  facet normal 1 0 0
    outer loop
      vertex 50.3237 3.21287 10.5914
      vertex 50.3237 3.59394 10.0444
      vertex 50.3237 3.7287 10.421
    endloop
  endfacet
  facet normal 1 0 0
    outer loop
      vertex 50.3237 3.21287 10.5914
      vertex 50.3237 3.09676 10.2086
      vertex 50.3237 3.59394 10.0444
    endloop
  endfacet
  facet normal 1 0 0
    outer loop
      vertex 50.3237 2.6893 10.7363
      vertex 50.3237 3.09676 10.2086
      vertex 50.3237 3.21287 10.5914
    endloop
  endfacet
  facet normal 1 0 0
    outer loop
      vertex 50.3237 2.6893 10.7363
      vertex 50.3237 2.59211 10.3483
      vertex 50.3237 3.09676 10.2086
    endloop
  endfacet
  facet normal 1 0 0
    outer loop
      vertex 50.3237 2.15926 10.8553
      vertex 50.3237 2.59211 10.3483
      vertex 50.3237 2.6893 10.7363
    endloop
  endfacet
  facet normal 1 0 0
    outer loop
      vertex 50.3237 2.15926 10.8553
      vertex 50.3237 2.08122 10.463
      vertex 50.3237 2.59211 10.3483
    endloop
  endfacet
  facet normal 1 0 0
    outer loop
      vertex 50.3237 1.62401 10.9482
      vertex 50.3237 2.08122 10.463
      vertex 50.3237 2.15926 10.8553
    endloop
  endfacet
  facet normal 1 0 0
    outer loop
      vertex 50.3237 1.62401 10.9482
      vertex 50.3237 1.56532 10.5525
      vertex 50.3237 2.08122 10.463
    endloop
  endfacet
  facet normal 1 0 0
    outer loop
      vertex 50.3237 1.08485 11.0147
      vertex 50.3237 1.56532 10.5525
      vertex 50.3237 1.62401 10.9482
    endloop
  endfacet
  facet normal 1 0 0
    outer loop
      vertex 50.3237 1.08485 11.0147
      vertex 50.3237 1.04565 10.6166
      vertex 50.3237 1.56532 10.5525
    endloop
  endfacet
  facet normal 1 0 0
    outer loop
      vertex 50.3237 0.54308 11.0547
      vertex 50.3237 1.04565 10.6166
      vertex 50.3237 1.08485 11.0147
    endloop
  endfacet
  facet normal 1 0 0
    outer loop
      vertex 50.3237 0.54308 11.0547
      vertex 50.3237 0.523454 10.6551
      vertex 50.3237 1.04565 10.6166
    endloop
  endfacet
  facet normal 1 0 0
    outer loop
      vertex 50.3237 0 11.068
      vertex 50.3237 0.523454 10.6551
      vertex 50.3237 0.54308 11.0547
    endloop
  endfacet
  facet normal 1 0 0
    outer loop
      vertex 50.3237 0 11.068
      vertex 50.3237 0 10.668
      vertex 50.3237 0.523454 10.6551
    endloop
  endfacet
  facet normal 1 0 0
    outer loop
      vertex 50.3237 0 11.068
      vertex 50.3237 -0.523454 10.6551
      vertex 50.3237 0 10.668
    endloop
  endfacet
  facet normal 1 -0 0
    outer loop
      vertex 50.3237 -0.54308 11.0547
      vertex 50.3237 -0.523454 10.6551
      vertex 50.3237 0 11.068
    endloop
  endfacet
  facet normal 1 0 0
    outer loop
      vertex 50.3237 -0.54308 11.0547
      vertex 50.3237 -1.04565 10.6166
      vertex 50.3237 -0.523454 10.6551
    endloop
  endfacet
  facet normal 1 -0 0
    outer loop
      vertex 50.3237 -1.08485 11.0147
      vertex 50.3237 -1.04565 10.6166
      vertex 50.3237 -0.54308 11.0547
    endloop
  endfacet
  facet normal 1 0 0
    outer loop
      vertex 50.3237 -1.08485 11.0147
      vertex 50.3237 -1.56532 10.5525
      vertex 50.3237 -1.04565 10.6166
    endloop
  endfacet
  facet normal 1 -0 0
    outer loop
      vertex 50.3237 -1.62401 10.9482
      vertex 50.3237 -1.56532 10.5525
      vertex 50.3237 -1.08485 11.0147
    endloop
  endfacet
  facet normal 1 0 0
    outer loop
      vertex 50.3237 -1.62401 10.9482
      vertex 50.3237 -2.08122 10.463
      vertex 50.3237 -1.56532 10.5525
    endloop
  endfacet
  facet normal 1 -0 0
    outer loop
      vertex 50.3237 -2.15926 10.8553
      vertex 50.3237 -2.08122 10.463
      vertex 50.3237 -1.62401 10.9482
    endloop
  endfacet
  facet normal 1 0 0
    outer loop
      vertex 50.3237 -2.15926 10.8553
      vertex 50.3237 -2.59211 10.3483
      vertex 50.3237 -2.08122 10.463
    endloop
  endfacet
  facet normal 1 -0 0
    outer loop
      vertex 50.3237 -2.6893 10.7363
      vertex 50.3237 -2.59211 10.3483
      vertex 50.3237 -2.15926 10.8553
    endloop
  endfacet
  facet normal 1 0 0
    outer loop
      vertex 50.3237 -2.6893 10.7363
      vertex 50.3237 -3.09676 10.2086
      vertex 50.3237 -2.59211 10.3483
    endloop
  endfacet
  facet normal 1 -0 0
    outer loop
      vertex 50.3237 -3.21287 10.5914
      vertex 50.3237 -3.09676 10.2086
      vertex 50.3237 -2.6893 10.7363
    endloop
  endfacet
  facet normal 1 0 0
    outer loop
      vertex 50.3237 -3.21287 10.5914
      vertex 50.3237 -3.59394 10.0444
      vertex 50.3237 -3.09676 10.2086
    endloop
  endfacet
  facet normal 1 -0 0
    outer loop
      vertex 50.3237 -3.7287 10.421
      vertex 50.3237 -3.59394 10.0444
      vertex 50.3237 -3.21287 10.5914
    endloop
  endfacet
  facet normal 1 0 0
    outer loop
      vertex 50.3237 -3.7287 10.421
      vertex 50.3237 -4.08247 9.85595
      vertex 50.3237 -3.59394 10.0444
    endloop
  endfacet
  facet normal 1 -0 0
    outer loop
      vertex 50.3237 -4.23554 10.2255
      vertex 50.3237 -4.08247 9.85595
      vertex 50.3237 -3.7287 10.421
    endloop
  endfacet
  facet normal 1 0 0
    outer loop
      vertex 50.3237 -4.23554 10.2255
      vertex 50.3237 -4.56116 9.64376
      vertex 50.3237 -4.08247 9.85595
    endloop
  endfacet
  facet normal 1 -0 0
    outer loop
      vertex 50.3237 -4.73218 10.0054
      vertex 50.3237 -4.56116 9.64376
      vertex 50.3237 -4.23554 10.2255
    endloop
  endfacet
  facet normal 1 0 0
    outer loop
      vertex 50.3237 -4.73218 10.0054
      vertex 50.3237 -5.02886 9.40834
      vertex 50.3237 -4.56116 9.64376
    endloop
  endfacet
  facet normal 1 -0 0
    outer loop
      vertex 50.3237 -5.21742 9.7611
      vertex 50.3237 -5.02886 9.40834
      vertex 50.3237 -4.73218 10.0054
    endloop
  endfacet
  facet normal 1 0 0
    outer loop
      vertex 50.3237 -5.21742 9.7611
      vertex 50.3237 -5.48445 9.15025
      vertex 50.3237 -5.02886 9.40834
    endloop
  endfacet
  facet normal 1 -0 0
    outer loop
      vertex 50.3237 -5.69009 9.49334
      vertex 50.3237 -5.48445 9.15025
      vertex 50.3237 -5.21742 9.7611
    endloop
  endfacet
  facet normal 1 0 0
    outer loop
      vertex 50.3237 -5.69009 9.49334
      vertex 50.3237 -5.92682 8.87012
      vertex 50.3237 -5.48445 9.15025
    endloop
  endfacet
  facet normal 1 -0 0
    outer loop
      vertex 50.3237 -6.14905 9.20271
      vertex 50.3237 -5.92682 8.87012
      vertex 50.3237 -5.69009 9.49334
    endloop
  endfacet
  facet normal 1 0 0
    outer loop
      vertex 50.3237 -6.14905 9.20271
      vertex 50.3237 -6.35492 8.56862
      vertex 50.3237 -5.92682 8.87012
    endloop
  endfacet
  facet normal 1 -0 0
    outer loop
      vertex 50.3237 -6.5932 8.8899
      vertex 50.3237 -6.35492 8.56862
      vertex 50.3237 -6.14905 9.20271
    endloop
  endfacet
  facet normal 1 0 0
    outer loop
      vertex 50.3237 -6.5932 8.8899
      vertex 50.3237 -6.76771 8.24648
      vertex 50.3237 -6.35492 8.56862
    endloop
  endfacet
  facet normal 1 -0 0
    outer loop
      vertex 50.3237 -7.02146 8.55568
      vertex 50.3237 -6.76771 8.24648
      vertex 50.3237 -6.5932 8.8899
    endloop
  endfacet
  facet normal 1 0 0
    outer loop
      vertex 50.3237 -7.02146 8.55568
      vertex 50.3237 -7.16419 7.90447
      vertex 50.3237 -6.76771 8.24648
    endloop
  endfacet
  facet normal 1 -0 0
    outer loop
      vertex 50.3237 -7.43281 8.20085
      vertex 50.3237 -7.16419 7.90447
      vertex 50.3237 -7.02146 8.55568
    endloop
  endfacet
  facet normal 1 0 0
    outer loop
      vertex 50.3237 -7.43281 8.20085
      vertex 50.3237 -7.54342 7.54342
      vertex 50.3237 -7.16419 7.90447
    endloop
  endfacet
  facet normal 1 -0 0
    outer loop
      vertex 50.3237 -7.82626 7.82626
      vertex 50.3237 -7.54342 7.54342
      vertex 50.3237 -7.43281 8.20085
    endloop
  endfacet
  facet normal 1 0 0
    outer loop
      vertex 50.3237 -7.82626 7.82626
      vertex 50.3237 -7.90447 7.16419
      vertex 50.3237 -7.54342 7.54342
    endloop
  endfacet
  facet normal 1 -0 0
    outer loop
      vertex 50.3237 -8.20085 7.43281
      vertex 50.3237 -7.90447 7.16419
      vertex 50.3237 -7.82626 7.82626
    endloop
  endfacet
  facet normal 1 0 0
    outer loop
      vertex 50.3237 -8.20085 7.43281
      vertex 50.3237 -8.24648 6.76771
      vertex 50.3237 -7.90447 7.16419
    endloop
  endfacet
  facet normal 1 -0 0
    outer loop
      vertex 50.3237 -8.55568 7.02146
      vertex 50.3237 -8.24648 6.76771
      vertex 50.3237 -8.20085 7.43281
    endloop
  endfacet
  facet normal 1 0 0
    outer loop
      vertex 50.3237 -8.55568 7.02146
      vertex 50.3237 -8.56862 6.35492
      vertex 50.3237 -8.24648 6.76771
    endloop
  endfacet
  facet normal 1 -0 0
    outer loop
      vertex 50.3237 -8.8899 6.5932
      vertex 50.3237 -8.56862 6.35492
      vertex 50.3237 -8.55568 7.02146
    endloop
  endfacet
  facet normal 1 0 0
    outer loop
      vertex 50.3237 -8.56862 6.35492
      vertex 50.3237 -8.8899 6.5932
      vertex 50.3237 -8.87012 5.92682
    endloop
  endfacet
  facet normal 1 -0 0
    outer loop
      vertex 50.3237 -9.20271 6.14905
      vertex 50.3237 -8.87012 5.92682
      vertex 50.3237 -8.8899 6.5932
    endloop
  endfacet
  facet normal 1 0 0
    outer loop
      vertex 50.3237 -8.87012 5.92682
      vertex 50.3237 -9.20271 6.14905
      vertex 50.3237 -9.15025 5.48445
    endloop
  endfacet
  facet normal 1 -0 0
    outer loop
      vertex 50.3237 -9.49334 5.69009
      vertex 50.3237 -9.15025 5.48445
      vertex 50.3237 -9.20271 6.14905
    endloop
  endfacet
  facet normal 1 0 0
    outer loop
      vertex 50.3237 -9.15025 5.48445
      vertex 50.3237 -9.49334 5.69009
      vertex 50.3237 -9.40834 5.02886
    endloop
  endfacet
  facet normal 1 -0 0
    outer loop
      vertex 50.3237 -9.7611 5.21742
      vertex 50.3237 -9.40834 5.02886
      vertex 50.3237 -9.49334 5.69009
    endloop
  endfacet
  facet normal 1 0 0
    outer loop
      vertex 50.3237 -9.40834 5.02886
      vertex 50.3237 -9.7611 5.21742
      vertex 50.3237 -9.64376 4.56116
    endloop
  endfacet
  facet normal 1 -0 0
    outer loop
      vertex 50.3237 -10.0054 4.73218
      vertex 50.3237 -9.64376 4.56116
      vertex 50.3237 -9.7611 5.21742
    endloop
  endfacet
  facet normal 1 0 0
    outer loop
      vertex 50.3237 -9.64376 4.56116
      vertex 50.3237 -10.0054 4.73218
      vertex 50.3237 -9.85595 4.08247
    endloop
  endfacet
  facet normal 1 -0 0
    outer loop
      vertex 50.3237 -10.2255 4.23554
      vertex 50.3237 -9.85595 4.08247
      vertex 50.3237 -10.0054 4.73218
    endloop
  endfacet
  facet normal 1 0 0
    outer loop
      vertex 50.3237 -9.85595 4.08247
      vertex 50.3237 -10.2255 4.23554
      vertex 50.3237 -10.0444 3.59394
    endloop
  endfacet
  facet normal 1 -0 0
    outer loop
      vertex 50.3237 -10.421 3.7287
      vertex 50.3237 -10.0444 3.59394
      vertex 50.3237 -10.2255 4.23554
    endloop
  endfacet
  facet normal 1 0 0
    outer loop
      vertex 50.3237 -10.0444 3.59394
      vertex 50.3237 -10.421 3.7287
      vertex 50.3237 -10.2086 3.09676
    endloop
  endfacet
  facet normal 1 -0 0
    outer loop
      vertex 50.3237 -10.5914 3.21287
      vertex 50.3237 -10.2086 3.09676
      vertex 50.3237 -10.421 3.7287
    endloop
  endfacet
  facet normal 1 0 0
    outer loop
      vertex 50.3237 -10.2086 3.09676
      vertex 50.3237 -10.5914 3.21287
      vertex 50.3237 -10.3483 2.59211
    endloop
  endfacet
  facet normal 1 -0 0
    outer loop
      vertex 50.3237 -10.7363 2.6893
      vertex 50.3237 -10.3483 2.59211
      vertex 50.3237 -10.5914 3.21287
    endloop
  endfacet
  facet normal 1 0 0
    outer loop
      vertex 50.3237 -10.3483 2.59211
      vertex 50.3237 -10.7363 2.6893
      vertex 50.3237 -10.463 2.08122
    endloop
  endfacet
  facet normal 1 -0 0
    outer loop
      vertex 50.3237 -10.8553 2.15926
      vertex 50.3237 -10.463 2.08122
      vertex 50.3237 -10.7363 2.6893
    endloop
  endfacet
  facet normal 1 0 0
    outer loop
      vertex 50.3237 -10.463 2.08122
      vertex 50.3237 -10.8553 2.15926
      vertex 50.3237 -10.5525 1.56532
    endloop
  endfacet
  facet normal 1 -0 0
    outer loop
      vertex 50.3237 -10.9482 1.62401
      vertex 50.3237 -10.5525 1.56532
      vertex 50.3237 -10.8553 2.15926
    endloop
  endfacet
  facet normal 1 0 0
    outer loop
      vertex 50.3237 -10.5525 1.56532
      vertex 50.3237 -10.9482 1.62401
      vertex 50.3237 -10.6166 1.04565
    endloop
  endfacet
  facet normal 1 -0 0
    outer loop
      vertex 50.3237 -11.0147 1.08485
      vertex 50.3237 -10.6166 1.04565
      vertex 50.3237 -10.9482 1.62401
    endloop
  endfacet
  facet normal 1 0 0
    outer loop
      vertex 50.3237 -10.6166 1.04565
      vertex 50.3237 -11.0147 1.08485
      vertex 50.3237 -10.6551 0.523454
    endloop
  endfacet
  facet normal 1 -0 0
    outer loop
      vertex 50.3237 -11.0547 0.54308
      vertex 50.3237 -10.6551 0.523454
      vertex 50.3237 -11.0147 1.08485
    endloop
  endfacet
  facet normal 1 0 0
    outer loop
      vertex 50.3237 -10.6551 0.523454
      vertex 50.3237 -11.0547 0.54308
      vertex 50.3237 -10.668 0
    endloop
  endfacet
  facet normal 1 0 0
    outer loop
      vertex 50.3237 -10.668 0
      vertex 50.3237 -11.0547 0.54308
      vertex 50.3237 -11.068 0
    endloop
  endfacet
  facet normal 0 -0.98527 0.171007
    outer loop
      vertex 37.6237 -10.9482 1.62401
      vertex 50.3237 -10.8553 2.15926
      vertex 37.6237 -10.8553 2.15926
    endloop
  endfacet
  facet normal 0 -0.98527 0.171007
    outer loop
      vertex 50.3237 -10.8553 2.15926
      vertex 37.6237 -10.9482 1.62401
      vertex 50.3237 -10.9482 1.62401
    endloop
  endfacet
  facet normal 0 -0.724252 0.689535
    outer loop
      vertex 37.6237 -8.20085 7.43281
      vertex 50.3237 -7.82626 7.82626
      vertex 37.6237 -7.82626 7.82626
    endloop
  endfacet
  facet normal 0 -0.724252 0.689535
    outer loop
      vertex 50.3237 -7.82626 7.82626
      vertex 37.6237 -8.20085 7.43281
      vertex 50.3237 -8.20085 7.43281
    endloop
  endfacet
  facet normal 0 -0.122412 0.992479
    outer loop
      vertex 37.6237 -1.08485 11.0147
      vertex 50.3237 -1.62401 10.9482
      vertex 50.3237 -1.08485 11.0147
    endloop
  endfacet
  facet normal 0 -0.122412 0.992479
    outer loop
      vertex 50.3237 -1.62401 10.9482
      vertex 37.6237 -1.08485 11.0147
      vertex 37.6237 -1.62401 10.9482
    endloop
  endfacet
  facet normal 0 -0.492892 0.87009
    outer loop
      vertex 37.6237 -5.21742 9.7611
      vertex 50.3237 -5.69009 9.49334
      vertex 50.3237 -5.21742 9.7611
    endloop
  endfacet
  facet normal 0 -0.492892 0.87009
    outer loop
      vertex 50.3237 -5.69009 9.49334
      vertex 37.6237 -5.21742 9.7611
      vertex 37.6237 -5.69009 9.49334
    endloop
  endfacet
  facet normal -0 0.0244826 0.9997
    outer loop
      vertex 79.957 0.54308 11.0547
      vertex 92.657 0 11.068
      vertex 92.657 0.54308 11.0547
    endloop
  endfacet
  facet normal 0 0.0244826 0.9997
    outer loop
      vertex 92.657 0 11.068
      vertex 79.957 0.54308 11.0547
      vertex 79.957 0 11.068
    endloop
  endfacet
  facet normal 0 -0.9997 0.0244826
    outer loop
      vertex 79.957 -11.068 0
      vertex 92.657 -11.0547 0.54308
      vertex 79.957 -11.0547 0.54308
    endloop
  endfacet
  facet normal 0 -0.9997 0.0244826
    outer loop
      vertex 92.657 -11.0547 0.54308
      vertex 79.957 -11.068 0
      vertex 92.657 -11.068 0
    endloop
  endfacet
  facet normal 0 -0.689535 0.724252
    outer loop
      vertex 79.957 -7.43281 8.20085
      vertex 92.657 -7.82626 7.82626
      vertex 92.657 -7.43281 8.20085
    endloop
  endfacet
  facet normal 0 -0.689535 0.724252
    outer loop
      vertex 92.657 -7.82626 7.82626
      vertex 79.957 -7.43281 8.20085
      vertex 79.957 -7.82626 7.82626
    endloop
  endfacet
  facet normal 0 0.724252 0.689535
    outer loop
      vertex 92.657 8.20085 7.43281
      vertex 79.957 7.82626 7.82626
      vertex 92.657 7.82626 7.82626
    endloop
  endfacet
  facet normal 0 0.724252 0.689535
    outer loop
      vertex 79.957 7.82626 7.82626
      vertex 92.657 8.20085 7.43281
      vertex 79.957 8.20085 7.43281
    endloop
  endfacet
  facet normal -0 0.534993 0.844856
    outer loop
      vertex 79.957 6.14905 9.20271
      vertex 92.657 5.69009 9.49334
      vertex 92.657 6.14905 9.20271
    endloop
  endfacet
  facet normal 0 0.534993 0.844856
    outer loop
      vertex 92.657 5.69009 9.49334
      vertex 79.957 6.14905 9.20271
      vertex 79.957 5.69009 9.49334
    endloop
  endfacet
  facet normal 0 0.992479 0.122412
    outer loop
      vertex 92.657 11.0147 1.08485
      vertex 79.957 10.9482 1.62401
      vertex 92.657 10.9482 1.62401
    endloop
  endfacet
  facet normal 0 0.992479 0.122412
    outer loop
      vertex 79.957 10.9482 1.62401
      vertex 92.657 11.0147 1.08485
      vertex 79.957 11.0147 1.08485
    endloop
  endfacet
  facet normal 0 -0.171007 0.98527
    outer loop
      vertex 79.957 -1.62401 10.9482
      vertex 92.657 -2.15926 10.8553
      vertex 92.657 -1.62401 10.9482
    endloop
  endfacet
  facet normal 0 -0.171007 0.98527
    outer loop
      vertex 92.657 -2.15926 10.8553
      vertex 79.957 -1.62401 10.9482
      vertex 79.957 -2.15926 10.8553
    endloop
  endfacet
  facet normal -0 0.219058 0.975712
    outer loop
      vertex 79.957 2.6893 10.7363
      vertex 92.657 2.15926 10.8553
      vertex 92.657 2.6893 10.7363
    endloop
  endfacet
  facet normal 0 0.219058 0.975712
    outer loop
      vertex 92.657 2.15926 10.8553
      vertex 79.957 2.6893 10.7363
      vertex 79.957 2.15926 10.8553
    endloop
  endfacet
  facet normal 0 0.844856 0.534993
    outer loop
      vertex 92.657 9.49334 5.69009
      vertex 79.957 9.20271 6.14905
      vertex 92.657 9.20271 6.14905
    endloop
  endfacet
  facet normal 0 0.844856 0.534993
    outer loop
      vertex 79.957 9.20271 6.14905
      vertex 92.657 9.49334 5.69009
      vertex 79.957 9.49334 5.69009
    endloop
  endfacet
  facet normal 0 0.788344 0.615235
    outer loop
      vertex 92.657 8.8899 6.5932
      vertex 79.957 8.55568 7.02146
      vertex 92.657 8.55568 7.02146
    endloop
  endfacet
  facet normal 0 0.788344 0.615235
    outer loop
      vertex 79.957 8.55568 7.02146
      vertex 92.657 8.8899 6.5932
      vertex 79.957 8.8899 6.5932
    endloop
  endfacet
  facet normal 0 0.997286 0.0736317
    outer loop
      vertex 92.657 11.0547 0.54308
      vertex 79.957 11.0147 1.08485
      vertex 92.657 11.0147 1.08485
    endloop
  endfacet
  facet normal 0 0.997286 0.0736317
    outer loop
      vertex 79.957 11.0147 1.08485
      vertex 92.657 11.0547 0.54308
      vertex 79.957 11.0547 0.54308
    endloop
  endfacet
  facet normal -1 0 0
    outer loop
      vertex 79.957 10.6551 0.523454
      vertex 79.957 11.0547 0.54308
      vertex 79.957 11.068 0
    endloop
  endfacet
  facet normal -1 -0 0
    outer loop
      vertex 79.957 11.0547 0.54308
      vertex 79.957 10.6551 0.523454
      vertex 79.957 11.0147 1.08485
    endloop
  endfacet
  facet normal -1 -0 0
    outer loop
      vertex 79.957 11.0147 1.08485
      vertex 79.957 10.6166 1.04565
      vertex 79.957 10.9482 1.62401
    endloop
  endfacet
  facet normal -1 0 0
    outer loop
      vertex 79.957 10.5525 1.56532
      vertex 79.957 10.9482 1.62401
      vertex 79.957 10.6166 1.04565
    endloop
  endfacet
  facet normal -1 0 0
    outer loop
      vertex 79.957 10.6551 0.523454
      vertex 79.957 11.068 0
      vertex 79.957 10.668 0
    endloop
  endfacet
  facet normal -1 0 0
    outer loop
      vertex 79.957 11.0147 1.08485
      vertex 79.957 10.6551 0.523454
      vertex 79.957 10.6166 1.04565
    endloop
  endfacet
  facet normal -1 -0 0
    outer loop
      vertex 79.957 10.9482 1.62401
      vertex 79.957 10.5525 1.56532
      vertex 79.957 10.8553 2.15926
    endloop
  endfacet
  facet normal -1 0 0
    outer loop
      vertex 79.957 10.463 2.08122
      vertex 79.957 10.8553 2.15926
      vertex 79.957 10.5525 1.56532
    endloop
  endfacet
  facet normal -1 -0 0
    outer loop
      vertex 79.957 10.8553 2.15926
      vertex 79.957 10.463 2.08122
      vertex 79.957 10.7363 2.6893
    endloop
  endfacet
  facet normal -1 0 0
    outer loop
      vertex 79.957 10.3483 2.59211
      vertex 79.957 10.7363 2.6893
      vertex 79.957 10.463 2.08122
    endloop
  endfacet
  facet normal -1 -0 0
    outer loop
      vertex 79.957 10.7363 2.6893
      vertex 79.957 10.3483 2.59211
      vertex 79.957 10.5914 3.21287
    endloop
  endfacet
  facet normal -1 0 0
    outer loop
      vertex 79.957 10.2086 3.09676
      vertex 79.957 10.5914 3.21287
      vertex 79.957 10.3483 2.59211
    endloop
  endfacet
  facet normal -1 -0 0
    outer loop
      vertex 79.957 10.5914 3.21287
      vertex 79.957 10.2086 3.09676
      vertex 79.957 10.421 3.7287
    endloop
  endfacet
  facet normal -1 0 0
    outer loop
      vertex 79.957 10.0444 3.59394
      vertex 79.957 10.421 3.7287
      vertex 79.957 10.2086 3.09676
    endloop
  endfacet
  facet normal -1 -0 0
    outer loop
      vertex 79.957 10.421 3.7287
      vertex 79.957 10.0444 3.59394
      vertex 79.957 10.2255 4.23554
    endloop
  endfacet
  facet normal -1 0 0
    outer loop
      vertex 79.957 9.85595 4.08247
      vertex 79.957 10.2255 4.23554
      vertex 79.957 10.0444 3.59394
    endloop
  endfacet
  facet normal -1 -0 0
    outer loop
      vertex 79.957 10.2255 4.23554
      vertex 79.957 9.85595 4.08247
      vertex 79.957 10.0054 4.73218
    endloop
  endfacet
  facet normal -1 0 0
    outer loop
      vertex 79.957 9.64376 4.56116
      vertex 79.957 10.0054 4.73218
      vertex 79.957 9.85595 4.08247
    endloop
  endfacet
  facet normal -1 -0 0
    outer loop
      vertex 79.957 10.0054 4.73218
      vertex 79.957 9.64376 4.56116
      vertex 79.957 9.7611 5.21742
    endloop
  endfacet
  facet normal -1 0 0
    outer loop
      vertex 79.957 9.40834 5.02886
      vertex 79.957 9.7611 5.21742
      vertex 79.957 9.64376 4.56116
    endloop
  endfacet
  facet normal -1 -0 0
    outer loop
      vertex 79.957 9.7611 5.21742
      vertex 79.957 9.40834 5.02886
      vertex 79.957 9.49334 5.69009
    endloop
  endfacet
  facet normal -1 0 0
    outer loop
      vertex 79.957 9.15025 5.48445
      vertex 79.957 9.49334 5.69009
      vertex 79.957 9.40834 5.02886
    endloop
  endfacet
  facet normal -1 -0 0
    outer loop
      vertex 79.957 9.49334 5.69009
      vertex 79.957 9.15025 5.48445
      vertex 79.957 9.20271 6.14905
    endloop
  endfacet
  facet normal -1 0 0
    outer loop
      vertex 79.957 8.87012 5.92682
      vertex 79.957 9.20271 6.14905
      vertex 79.957 9.15025 5.48445
    endloop
  endfacet
  facet normal -1 -0 0
    outer loop
      vertex 79.957 9.20271 6.14905
      vertex 79.957 8.87012 5.92682
      vertex 79.957 8.8899 6.5932
    endloop
  endfacet
  facet normal -1 0 0
    outer loop
      vertex 79.957 8.56862 6.35492
      vertex 79.957 8.8899 6.5932
      vertex 79.957 8.87012 5.92682
    endloop
  endfacet
  facet normal -1 0 0
    outer loop
      vertex 79.957 8.56862 6.35492
      vertex 79.957 8.55568 7.02146
      vertex 79.957 8.8899 6.5932
    endloop
  endfacet
  facet normal -1 0 0
    outer loop
      vertex 79.957 8.24648 6.76771
      vertex 79.957 8.55568 7.02146
      vertex 79.957 8.56862 6.35492
    endloop
  endfacet
  facet normal -1 0 0
    outer loop
      vertex 79.957 8.24648 6.76771
      vertex 79.957 8.20085 7.43281
      vertex 79.957 8.55568 7.02146
    endloop
  endfacet
  facet normal -1 0 0
    outer loop
      vertex 79.957 7.90447 7.16419
      vertex 79.957 8.20085 7.43281
      vertex 79.957 8.24648 6.76771
    endloop
  endfacet
  facet normal -1 0 0
    outer loop
      vertex 79.957 7.90447 7.16419
      vertex 79.957 7.82626 7.82626
      vertex 79.957 8.20085 7.43281
    endloop
  endfacet
  facet normal -1 0 0
    outer loop
      vertex 79.957 7.54342 7.54342
      vertex 79.957 7.82626 7.82626
      vertex 79.957 7.90447 7.16419
    endloop
  endfacet
  facet normal -1 0 0
    outer loop
      vertex 79.957 7.54342 7.54342
      vertex 79.957 7.43281 8.20085
      vertex 79.957 7.82626 7.82626
    endloop
  endfacet
  facet normal -1 0 0
    outer loop
      vertex 79.957 7.16419 7.90447
      vertex 79.957 7.43281 8.20085
      vertex 79.957 7.54342 7.54342
    endloop
  endfacet
  facet normal -1 0 0
    outer loop
      vertex 79.957 7.16419 7.90447
      vertex 79.957 7.02146 8.55568
      vertex 79.957 7.43281 8.20085
    endloop
  endfacet
  facet normal -1 0 0
    outer loop
      vertex 79.957 6.76771 8.24648
      vertex 79.957 7.02146 8.55568
      vertex 79.957 7.16419 7.90447
    endloop
  endfacet
  facet normal -1 0 0
    outer loop
      vertex 79.957 6.76771 8.24648
      vertex 79.957 6.5932 8.8899
      vertex 79.957 7.02146 8.55568
    endloop
  endfacet
  facet normal -1 0 0
    outer loop
      vertex 79.957 6.35492 8.56862
      vertex 79.957 6.5932 8.8899
      vertex 79.957 6.76771 8.24648
    endloop
  endfacet
  facet normal -1 0 0
    outer loop
      vertex 79.957 6.35492 8.56862
      vertex 79.957 6.14905 9.20271
      vertex 79.957 6.5932 8.8899
    endloop
  endfacet
  facet normal -1 0 0
    outer loop
      vertex 79.957 5.92682 8.87012
      vertex 79.957 6.14905 9.20271
      vertex 79.957 6.35492 8.56862
    endloop
  endfacet
  facet normal -1 0 0
    outer loop
      vertex 79.957 5.92682 8.87012
      vertex 79.957 5.69009 9.49334
      vertex 79.957 6.14905 9.20271
    endloop
  endfacet
  facet normal -1 0 0
    outer loop
      vertex 79.957 5.48445 9.15025
      vertex 79.957 5.69009 9.49334
      vertex 79.957 5.92682 8.87012
    endloop
  endfacet
  facet normal -1 0 0
    outer loop
      vertex 79.957 5.48445 9.15025
      vertex 79.957 5.21742 9.7611
      vertex 79.957 5.69009 9.49334
    endloop
  endfacet
  facet normal -1 0 0
    outer loop
      vertex 79.957 5.02886 9.40834
      vertex 79.957 5.21742 9.7611
      vertex 79.957 5.48445 9.15025
    endloop
  endfacet
  facet normal -1 0 0
    outer loop
      vertex 79.957 5.02886 9.40834
      vertex 79.957 4.73218 10.0054
      vertex 79.957 5.21742 9.7611
    endloop
  endfacet
  facet normal -1 0 0
    outer loop
      vertex 79.957 4.56116 9.64376
      vertex 79.957 4.73218 10.0054
      vertex 79.957 5.02886 9.40834
    endloop
  endfacet
  facet normal -1 0 0
    outer loop
      vertex 79.957 4.56116 9.64376
      vertex 79.957 4.23554 10.2255
      vertex 79.957 4.73218 10.0054
    endloop
  endfacet
  facet normal -1 0 0
    outer loop
      vertex 79.957 4.08247 9.85595
      vertex 79.957 4.23554 10.2255
      vertex 79.957 4.56116 9.64376
    endloop
  endfacet
  facet normal -1 0 0
    outer loop
      vertex 79.957 4.08247 9.85595
      vertex 79.957 3.7287 10.421
      vertex 79.957 4.23554 10.2255
    endloop
  endfacet
  facet normal -1 0 0
    outer loop
      vertex 79.957 3.59394 10.0444
      vertex 79.957 3.7287 10.421
      vertex 79.957 4.08247 9.85595
    endloop
  endfacet
  facet normal -1 0 0
    outer loop
      vertex 79.957 3.59394 10.0444
      vertex 79.957 3.21287 10.5914
      vertex 79.957 3.7287 10.421
    endloop
  endfacet
  facet normal -1 0 0
    outer loop
      vertex 79.957 3.09676 10.2086
      vertex 79.957 3.21287 10.5914
      vertex 79.957 3.59394 10.0444
    endloop
  endfacet
  facet normal -1 0 0
    outer loop
      vertex 79.957 3.09676 10.2086
      vertex 79.957 2.6893 10.7363
      vertex 79.957 3.21287 10.5914
    endloop
  endfacet
  facet normal -1 0 0
    outer loop
      vertex 79.957 2.59211 10.3483
      vertex 79.957 2.6893 10.7363
      vertex 79.957 3.09676 10.2086
    endloop
  endfacet
  facet normal -1 0 0
    outer loop
      vertex 79.957 2.59211 10.3483
      vertex 79.957 2.15926 10.8553
      vertex 79.957 2.6893 10.7363
    endloop
  endfacet
  facet normal -1 0 0
    outer loop
      vertex 79.957 2.08122 10.463
      vertex 79.957 2.15926 10.8553
      vertex 79.957 2.59211 10.3483
    endloop
  endfacet
  facet normal -1 0 0
    outer loop
      vertex 79.957 2.08122 10.463
      vertex 79.957 1.62401 10.9482
      vertex 79.957 2.15926 10.8553
    endloop
  endfacet
  facet normal -1 0 0
    outer loop
      vertex 79.957 1.56532 10.5525
      vertex 79.957 1.62401 10.9482
      vertex 79.957 2.08122 10.463
    endloop
  endfacet
  facet normal -1 0 0
    outer loop
      vertex 79.957 1.56532 10.5525
      vertex 79.957 1.08485 11.0147
      vertex 79.957 1.62401 10.9482
    endloop
  endfacet
  facet normal -1 0 0
    outer loop
      vertex 79.957 1.04565 10.6166
      vertex 79.957 1.08485 11.0147
      vertex 79.957 1.56532 10.5525
    endloop
  endfacet
  facet normal -1 0 0
    outer loop
      vertex 79.957 1.04565 10.6166
      vertex 79.957 0.54308 11.0547
      vertex 79.957 1.08485 11.0147
    endloop
  endfacet
  facet normal -1 0 0
    outer loop
      vertex 79.957 0.523454 10.6551
      vertex 79.957 0.54308 11.0547
      vertex 79.957 1.04565 10.6166
    endloop
  endfacet
  facet normal -1 0 0
    outer loop
      vertex 79.957 0 10.668
      vertex 79.957 0.54308 11.0547
      vertex 79.957 0.523454 10.6551
    endloop
  endfacet
  facet normal -1 0 0
    outer loop
      vertex 79.957 0 10.668
      vertex 79.957 0 11.068
      vertex 79.957 0.54308 11.0547
    endloop
  endfacet
  facet normal -1 0 0
    outer loop
      vertex 79.957 -0.523454 10.6551
      vertex 79.957 0 11.068
      vertex 79.957 0 10.668
    endloop
  endfacet
  facet normal -1 0 0
    outer loop
      vertex 79.957 -0.523454 10.6551
      vertex 79.957 -0.54308 11.0547
      vertex 79.957 0 11.068
    endloop
  endfacet
  facet normal -1 0 0
    outer loop
      vertex 79.957 -1.04565 10.6166
      vertex 79.957 -0.54308 11.0547
      vertex 79.957 -0.523454 10.6551
    endloop
  endfacet
  facet normal -1 0 0
    outer loop
      vertex 79.957 -1.04565 10.6166
      vertex 79.957 -1.08485 11.0147
      vertex 79.957 -0.54308 11.0547
    endloop
  endfacet
  facet normal -1 0 0
    outer loop
      vertex 79.957 -1.56532 10.5525
      vertex 79.957 -1.08485 11.0147
      vertex 79.957 -1.04565 10.6166
    endloop
  endfacet
  facet normal -1 0 0
    outer loop
      vertex 79.957 -1.56532 10.5525
      vertex 79.957 -1.62401 10.9482
      vertex 79.957 -1.08485 11.0147
    endloop
  endfacet
  facet normal -1 0 0
    outer loop
      vertex 79.957 -2.08122 10.463
      vertex 79.957 -1.62401 10.9482
      vertex 79.957 -1.56532 10.5525
    endloop
  endfacet
  facet normal -1 0 0
    outer loop
      vertex 79.957 -2.08122 10.463
      vertex 79.957 -2.15926 10.8553
      vertex 79.957 -1.62401 10.9482
    endloop
  endfacet
  facet normal -1 0 0
    outer loop
      vertex 79.957 -2.59211 10.3483
      vertex 79.957 -2.15926 10.8553
      vertex 79.957 -2.08122 10.463
    endloop
  endfacet
  facet normal -1 0 0
    outer loop
      vertex 79.957 -2.59211 10.3483
      vertex 79.957 -2.6893 10.7363
      vertex 79.957 -2.15926 10.8553
    endloop
  endfacet
  facet normal -1 0 0
    outer loop
      vertex 79.957 -3.09676 10.2086
      vertex 79.957 -2.6893 10.7363
      vertex 79.957 -2.59211 10.3483
    endloop
  endfacet
  facet normal -1 0 0
    outer loop
      vertex 79.957 -3.09676 10.2086
      vertex 79.957 -3.21287 10.5914
      vertex 79.957 -2.6893 10.7363
    endloop
  endfacet
  facet normal -1 0 0
    outer loop
      vertex 79.957 -3.59394 10.0444
      vertex 79.957 -3.21287 10.5914
      vertex 79.957 -3.09676 10.2086
    endloop
  endfacet
  facet normal -1 0 0
    outer loop
      vertex 79.957 -3.59394 10.0444
      vertex 79.957 -3.7287 10.421
      vertex 79.957 -3.21287 10.5914
    endloop
  endfacet
  facet normal -1 0 0
    outer loop
      vertex 79.957 -4.08247 9.85595
      vertex 79.957 -3.7287 10.421
      vertex 79.957 -3.59394 10.0444
    endloop
  endfacet
  facet normal -1 0 0
    outer loop
      vertex 79.957 -4.08247 9.85595
      vertex 79.957 -4.23554 10.2255
      vertex 79.957 -3.7287 10.421
    endloop
  endfacet
  facet normal -1 0 0
    outer loop
      vertex 79.957 -4.56116 9.64376
      vertex 79.957 -4.23554 10.2255
      vertex 79.957 -4.08247 9.85595
    endloop
  endfacet
  facet normal -1 0 0
    outer loop
      vertex 79.957 -4.56116 9.64376
      vertex 79.957 -4.73218 10.0054
      vertex 79.957 -4.23554 10.2255
    endloop
  endfacet
  facet normal -1 0 0
    outer loop
      vertex 79.957 -5.02886 9.40834
      vertex 79.957 -4.73218 10.0054
      vertex 79.957 -4.56116 9.64376
    endloop
  endfacet
  facet normal -1 0 0
    outer loop
      vertex 79.957 -5.02886 9.40834
      vertex 79.957 -5.21742 9.7611
      vertex 79.957 -4.73218 10.0054
    endloop
  endfacet
  facet normal -1 0 0
    outer loop
      vertex 79.957 -5.48445 9.15025
      vertex 79.957 -5.21742 9.7611
      vertex 79.957 -5.02886 9.40834
    endloop
  endfacet
  facet normal -1 0 0
    outer loop
      vertex 79.957 -5.48445 9.15025
      vertex 79.957 -5.69009 9.49334
      vertex 79.957 -5.21742 9.7611
    endloop
  endfacet
  facet normal -1 0 0
    outer loop
      vertex 79.957 -5.92682 8.87012
      vertex 79.957 -5.69009 9.49334
      vertex 79.957 -5.48445 9.15025
    endloop
  endfacet
  facet normal -1 0 0
    outer loop
      vertex 79.957 -5.92682 8.87012
      vertex 79.957 -6.14905 9.20271
      vertex 79.957 -5.69009 9.49334
    endloop
  endfacet
  facet normal -1 0 0
    outer loop
      vertex 79.957 -6.35492 8.56862
      vertex 79.957 -6.14905 9.20271
      vertex 79.957 -5.92682 8.87012
    endloop
  endfacet
  facet normal -1 0 0
    outer loop
      vertex 79.957 -6.35492 8.56862
      vertex 79.957 -6.5932 8.8899
      vertex 79.957 -6.14905 9.20271
    endloop
  endfacet
  facet normal -1 0 0
    outer loop
      vertex 79.957 -6.76771 8.24648
      vertex 79.957 -6.5932 8.8899
      vertex 79.957 -6.35492 8.56862
    endloop
  endfacet
  facet normal -1 0 0
    outer loop
      vertex 79.957 -6.76771 8.24648
      vertex 79.957 -7.02146 8.55568
      vertex 79.957 -6.5932 8.8899
    endloop
  endfacet
  facet normal -1 0 0
    outer loop
      vertex 79.957 -7.16419 7.90447
      vertex 79.957 -7.02146 8.55568
      vertex 79.957 -6.76771 8.24648
    endloop
  endfacet
  facet normal -1 0 0
    outer loop
      vertex 79.957 -7.16419 7.90447
      vertex 79.957 -7.43281 8.20085
      vertex 79.957 -7.02146 8.55568
    endloop
  endfacet
  facet normal -1 0 0
    outer loop
      vertex 79.957 -7.54342 7.54342
      vertex 79.957 -7.43281 8.20085
      vertex 79.957 -7.16419 7.90447
    endloop
  endfacet
  facet normal -1 0 0
    outer loop
      vertex 79.957 -7.54342 7.54342
      vertex 79.957 -7.82626 7.82626
      vertex 79.957 -7.43281 8.20085
    endloop
  endfacet
  facet normal -1 0 0
    outer loop
      vertex 79.957 -7.90447 7.16419
      vertex 79.957 -7.82626 7.82626
      vertex 79.957 -7.54342 7.54342
    endloop
  endfacet
  facet normal -1 0 0
    outer loop
      vertex 79.957 -7.90447 7.16419
      vertex 79.957 -8.20085 7.43281
      vertex 79.957 -7.82626 7.82626
    endloop
  endfacet
  facet normal -1 0 0
    outer loop
      vertex 79.957 -8.24648 6.76771
      vertex 79.957 -8.20085 7.43281
      vertex 79.957 -7.90447 7.16419
    endloop
  endfacet
  facet normal -1 0 0
    outer loop
      vertex 79.957 -8.24648 6.76771
      vertex 79.957 -8.55568 7.02146
      vertex 79.957 -8.20085 7.43281
    endloop
  endfacet
  facet normal -1 0 0
    outer loop
      vertex 79.957 -8.56862 6.35492
      vertex 79.957 -8.55568 7.02146
      vertex 79.957 -8.24648 6.76771
    endloop
  endfacet
  facet normal -1 0 0
    outer loop
      vertex 79.957 -8.8899 6.5932
      vertex 79.957 -8.56862 6.35492
      vertex 79.957 -8.87012 5.92682
    endloop
  endfacet
  facet normal -1 0 0
    outer loop
      vertex 79.957 -8.56862 6.35492
      vertex 79.957 -8.8899 6.5932
      vertex 79.957 -8.55568 7.02146
    endloop
  endfacet
  facet normal -1 0 0
    outer loop
      vertex 79.957 -9.20271 6.14905
      vertex 79.957 -8.87012 5.92682
      vertex 79.957 -9.15025 5.48445
    endloop
  endfacet
  facet normal -1 0 0
    outer loop
      vertex 79.957 -8.87012 5.92682
      vertex 79.957 -9.20271 6.14905
      vertex 79.957 -8.8899 6.5932
    endloop
  endfacet
  facet normal -1 0 0
    outer loop
      vertex 79.957 -9.49334 5.69009
      vertex 79.957 -9.15025 5.48445
      vertex 79.957 -9.40834 5.02886
    endloop
  endfacet
  facet normal -1 0 0
    outer loop
      vertex 79.957 -9.15025 5.48445
      vertex 79.957 -9.49334 5.69009
      vertex 79.957 -9.20271 6.14905
    endloop
  endfacet
  facet normal -1 0 0
    outer loop
      vertex 79.957 -9.7611 5.21742
      vertex 79.957 -9.40834 5.02886
      vertex 79.957 -9.64376 4.56116
    endloop
  endfacet
  facet normal -1 0 0
    outer loop
      vertex 79.957 -9.40834 5.02886
      vertex 79.957 -9.7611 5.21742
      vertex 79.957 -9.49334 5.69009
    endloop
  endfacet
  facet normal -1 0 0
    outer loop
      vertex 79.957 -10.0054 4.73218
      vertex 79.957 -9.64376 4.56116
      vertex 79.957 -9.85595 4.08247
    endloop
  endfacet
  facet normal -1 0 0
    outer loop
      vertex 79.957 -9.64376 4.56116
      vertex 79.957 -10.0054 4.73218
      vertex 79.957 -9.7611 5.21742
    endloop
  endfacet
  facet normal -1 0 0
    outer loop
      vertex 79.957 -10.2255 4.23554
      vertex 79.957 -9.85595 4.08247
      vertex 79.957 -10.0444 3.59394
    endloop
  endfacet
  facet normal -1 0 0
    outer loop
      vertex 79.957 -10.421 3.7287
      vertex 79.957 -10.0444 3.59394
      vertex 79.957 -10.2086 3.09676
    endloop
  endfacet
  facet normal -1 0 0
    outer loop
      vertex 79.957 -9.85595 4.08247
      vertex 79.957 -10.2255 4.23554
      vertex 79.957 -10.0054 4.73218
    endloop
  endfacet
  facet normal -1 0 0
    outer loop
      vertex 79.957 -10.5914 3.21287
      vertex 79.957 -10.2086 3.09676
      vertex 79.957 -10.3483 2.59211
    endloop
  endfacet
  facet normal -1 0 0
    outer loop
      vertex 79.957 -10.0444 3.59394
      vertex 79.957 -10.421 3.7287
      vertex 79.957 -10.2255 4.23554
    endloop
  endfacet
  facet normal -1 0 0
    outer loop
      vertex 79.957 -10.7363 2.6893
      vertex 79.957 -10.3483 2.59211
      vertex 79.957 -10.463 2.08122
    endloop
  endfacet
  facet normal -1 0 0
    outer loop
      vertex 79.957 -10.8553 2.15926
      vertex 79.957 -10.463 2.08122
      vertex 79.957 -10.5525 1.56532
    endloop
  endfacet
  facet normal -1 0 0
    outer loop
      vertex 79.957 -10.2086 3.09676
      vertex 79.957 -10.5914 3.21287
      vertex 79.957 -10.421 3.7287
    endloop
  endfacet
  facet normal -1 0 0
    outer loop
      vertex 79.957 -10.9482 1.62401
      vertex 79.957 -10.5525 1.56532
      vertex 79.957 -10.6166 1.04565
    endloop
  endfacet
  facet normal -1 0 0
    outer loop
      vertex 79.957 -11.0147 1.08485
      vertex 79.957 -10.6166 1.04565
      vertex 79.957 -10.6551 0.523454
    endloop
  endfacet
  facet normal -1 0 0
    outer loop
      vertex 79.957 -11.0547 0.54308
      vertex 79.957 -10.6551 0.523454
      vertex 79.957 -10.668 0
    endloop
  endfacet
  facet normal -1 0 0
    outer loop
      vertex 79.957 -10.3483 2.59211
      vertex 79.957 -10.7363 2.6893
      vertex 79.957 -10.5914 3.21287
    endloop
  endfacet
  facet normal -1 0 0
    outer loop
      vertex 79.957 -10.463 2.08122
      vertex 79.957 -10.8553 2.15926
      vertex 79.957 -10.7363 2.6893
    endloop
  endfacet
  facet normal -1 0 0
    outer loop
      vertex 79.957 -10.5525 1.56532
      vertex 79.957 -10.9482 1.62401
      vertex 79.957 -10.8553 2.15926
    endloop
  endfacet
  facet normal -1 0 0
    outer loop
      vertex 79.957 -10.6166 1.04565
      vertex 79.957 -11.0147 1.08485
      vertex 79.957 -10.9482 1.62401
    endloop
  endfacet
  facet normal -1 0 0
    outer loop
      vertex 79.957 -10.6551 0.523454
      vertex 79.957 -11.0547 0.54308
      vertex 79.957 -11.0147 1.08485
    endloop
  endfacet
  facet normal -1 0 -0
    outer loop
      vertex 79.957 -11.0547 0.54308
      vertex 79.957 -10.668 0
      vertex 79.957 -11.068 0
    endloop
  endfacet
  facet normal 0 -0.963772 0.266728
    outer loop
      vertex 79.957 -10.7363 2.6893
      vertex 92.657 -10.5914 3.21287
      vertex 79.957 -10.5914 3.21287
    endloop
  endfacet
  facet normal 0 -0.963772 0.266728
    outer loop
      vertex 92.657 -10.5914 3.21287
      vertex 79.957 -10.7363 2.6893
      vertex 92.657 -10.7363 2.6893
    endloop
  endfacet
  facet normal 0 -0.757212 0.65317
    outer loop
      vertex 79.957 -8.55568 7.02146
      vertex 92.657 -8.20085 7.43281
      vertex 79.957 -8.20085 7.43281
    endloop
  endfacet
  facet normal 0 -0.757212 0.65317
    outer loop
      vertex 92.657 -8.20085 7.43281
      vertex 79.957 -8.55568 7.02146
      vertex 92.657 -8.55568 7.02146
    endloop
  endfacet
  facet normal 0 -0.788344 0.615235
    outer loop
      vertex 79.957 -8.8899 6.5932
      vertex 92.657 -8.55568 7.02146
      vertex 79.957 -8.55568 7.02146
    endloop
  endfacet
  facet normal 0 -0.788344 0.615235
    outer loop
      vertex 92.657 -8.55568 7.02146
      vertex 79.957 -8.8899 6.5932
      vertex 92.657 -8.8899 6.5932
    endloop
  endfacet
  facet normal 0 -0.949532 0.31367
    outer loop
      vertex 79.957 -10.5914 3.21287
      vertex 92.657 -10.421 3.7287
      vertex 79.957 -10.421 3.7287
    endloop
  endfacet
  facet normal 0 -0.949532 0.31367
    outer loop
      vertex 92.657 -10.421 3.7287
      vertex 79.957 -10.5914 3.21287
      vertex 92.657 -10.5914 3.21287
    endloop
  endfacet
  facet normal 0 -0.449686 0.893187
    outer loop
      vertex 79.957 -4.73218 10.0054
      vertex 92.657 -5.21742 9.7611
      vertex 92.657 -4.73218 10.0054
    endloop
  endfacet
  facet normal 0 -0.449686 0.893187
    outer loop
      vertex 92.657 -5.21742 9.7611
      vertex 79.957 -4.73218 10.0054
      vertex 79.957 -5.21742 9.7611
    endloop
  endfacet
  facet normal 0 -0.492892 0.87009
    outer loop
      vertex 79.957 -5.21742 9.7611
      vertex 92.657 -5.69009 9.49334
      vertex 92.657 -5.21742 9.7611
    endloop
  endfacet
  facet normal 0 -0.492892 0.87009
    outer loop
      vertex 92.657 -5.69009 9.49334
      vertex 79.957 -5.21742 9.7611
      vertex 79.957 -5.69009 9.49334
    endloop
  endfacet
  facet normal 0 -0.0736317 0.997286
    outer loop
      vertex 79.957 -0.54308 11.0547
      vertex 92.657 -1.08485 11.0147
      vertex 92.657 -0.54308 11.0547
    endloop
  endfacet
  facet normal 0 -0.0736317 0.997286
    outer loop
      vertex 92.657 -1.08485 11.0147
      vertex 79.957 -0.54308 11.0547
      vertex 79.957 -1.08485 11.0147
    endloop
  endfacet
  facet normal -0 0.122412 0.992479
    outer loop
      vertex 79.957 1.62401 10.9482
      vertex 92.657 1.08485 11.0147
      vertex 92.657 1.62401 10.9482
    endloop
  endfacet
  facet normal 0 0.122412 0.992479
    outer loop
      vertex 92.657 1.08485 11.0147
      vertex 79.957 1.62401 10.9482
      vertex 79.957 1.08485 11.0147
    endloop
  endfacet
  facet normal -0 0.689535 0.724252
    outer loop
      vertex 79.957 7.82626 7.82626
      vertex 92.657 7.43281 8.20085
      vertex 92.657 7.82626 7.82626
    endloop
  endfacet
  facet normal 0 0.689535 0.724252
    outer loop
      vertex 92.657 7.43281 8.20085
      vertex 79.957 7.82626 7.82626
      vertex 79.957 7.43281 8.20085
    endloop
  endfacet
  facet normal -0 0.492892 0.87009
    outer loop
      vertex 79.957 5.69009 9.49334
      vertex 92.657 5.21742 9.7611
      vertex 92.657 5.69009 9.49334
    endloop
  endfacet
  facet normal 0 0.492892 0.87009
    outer loop
      vertex 92.657 5.21742 9.7611
      vertex 79.957 5.69009 9.49334
      vertex 79.957 5.21742 9.7611
    endloop
  endfacet
  facet normal -0 0.405172 0.914241
    outer loop
      vertex 79.957 4.73218 10.0054
      vertex 92.657 4.23554 10.2255
      vertex 92.657 4.73218 10.0054
    endloop
  endfacet
  facet normal 0 0.405172 0.914241
    outer loop
      vertex 92.657 4.23554 10.2255
      vertex 79.957 4.73218 10.0054
      vertex 79.957 4.23554 10.2255
    endloop
  endfacet
  facet normal -0 0.31367 0.949532
    outer loop
      vertex 79.957 3.7287 10.421
      vertex 92.657 3.21287 10.5914
      vertex 92.657 3.7287 10.421
    endloop
  endfacet
  facet normal 0 0.31367 0.949532
    outer loop
      vertex 92.657 3.21287 10.5914
      vertex 79.957 3.7287 10.421
      vertex 79.957 3.21287 10.5914
    endloop
  endfacet
  facet normal -0 0.266728 0.963772
    outer loop
      vertex 79.957 3.21287 10.5914
      vertex 92.657 2.6893 10.7363
      vertex 92.657 3.21287 10.5914
    endloop
  endfacet
  facet normal 0 0.266728 0.963772
    outer loop
      vertex 92.657 2.6893 10.7363
      vertex 79.957 3.21287 10.5914
      vertex 79.957 2.6893 10.7363
    endloop
  endfacet
  facet normal -0 0.171007 0.98527
    outer loop
      vertex 79.957 2.15926 10.8553
      vertex 92.657 1.62401 10.9482
      vertex 92.657 2.15926 10.8553
    endloop
  endfacet
  facet normal 0 0.171007 0.98527
    outer loop
      vertex 92.657 1.62401 10.9482
      vertex 79.957 2.15926 10.8553
      vertex 79.957 1.62401 10.9482
    endloop
  endfacet
  facet normal -0 0.0736317 0.997286
    outer loop
      vertex 79.957 1.08485 11.0147
      vertex 92.657 0.54308 11.0547
      vertex 92.657 1.08485 11.0147
    endloop
  endfacet
  facet normal 0 0.0736317 0.997286
    outer loop
      vertex 92.657 0.54308 11.0547
      vertex 79.957 1.08485 11.0147
      vertex 79.957 0.54308 11.0547
    endloop
  endfacet
  facet normal 0 0.893187 0.449686
    outer loop
      vertex 92.657 10.0054 4.73218
      vertex 79.957 9.7611 5.21742
      vertex 92.657 9.7611 5.21742
    endloop
  endfacet
  facet normal 0 0.893187 0.449686
    outer loop
      vertex 79.957 9.7611 5.21742
      vertex 92.657 10.0054 4.73218
      vertex 79.957 10.0054 4.73218
    endloop
  endfacet
  facet normal 0 0.87009 0.492892
    outer loop
      vertex 92.657 9.7611 5.21742
      vertex 79.957 9.49334 5.69009
      vertex 92.657 9.49334 5.69009
    endloop
  endfacet
  facet normal 0 0.87009 0.492892
    outer loop
      vertex 79.957 9.49334 5.69009
      vertex 92.657 9.7611 5.21742
      vertex 79.957 9.7611 5.21742
    endloop
  endfacet
  facet normal 0 0.817581 0.575813
    outer loop
      vertex 92.657 9.20271 6.14905
      vertex 79.957 8.8899 6.5932
      vertex 92.657 8.8899 6.5932
    endloop
  endfacet
  facet normal 0 0.817581 0.575813
    outer loop
      vertex 79.957 8.8899 6.5932
      vertex 92.657 9.20271 6.14905
      vertex 79.957 9.20271 6.14905
    endloop
  endfacet
  facet normal 0 0.932999 0.359879
    outer loop
      vertex 92.657 10.421 3.7287
      vertex 79.957 10.2255 4.23554
      vertex 92.657 10.2255 4.23554
    endloop
  endfacet
  facet normal 0 0.932999 0.359879
    outer loop
      vertex 79.957 10.2255 4.23554
      vertex 92.657 10.421 3.7287
      vertex 79.957 10.421 3.7287
    endloop
  endfacet
  facet normal 0 0.975712 0.219058
    outer loop
      vertex 92.657 10.8553 2.15926
      vertex 79.957 10.7363 2.6893
      vertex 92.657 10.7363 2.6893
    endloop
  endfacet
  facet normal 0 0.975712 0.219058
    outer loop
      vertex 79.957 10.7363 2.6893
      vertex 92.657 10.8553 2.15926
      vertex 79.957 10.8553 2.15926
    endloop
  endfacet
  facet normal 0 0.963772 0.266728
    outer loop
      vertex 92.657 10.7363 2.6893
      vertex 79.957 10.5914 3.21287
      vertex 92.657 10.5914 3.21287
    endloop
  endfacet
  facet normal 0 0.963772 0.266728
    outer loop
      vertex 79.957 10.5914 3.21287
      vertex 92.657 10.7363 2.6893
      vertex 79.957 10.7363 2.6893
    endloop
  endfacet
  facet normal 0 0.98527 0.171007
    outer loop
      vertex 92.657 10.9482 1.62401
      vertex 79.957 10.8553 2.15926
      vertex 92.657 10.8553 2.15926
    endloop
  endfacet
  facet normal 0 0.98527 0.171007
    outer loop
      vertex 79.957 10.8553 2.15926
      vertex 92.657 10.9482 1.62401
      vertex 79.957 10.9482 1.62401
    endloop
  endfacet
  facet normal 0 0.9997 0.0244826
    outer loop
      vertex 92.657 11.068 0
      vertex 79.957 11.0547 0.54308
      vertex 92.657 11.0547 0.54308
    endloop
  endfacet
  facet normal 0 0.9997 0.0244826
    outer loop
      vertex 79.957 11.0547 0.54308
      vertex 92.657 11.068 0
      vertex 79.957 11.068 0
    endloop
  endfacet
  facet normal 0 -0.992479 0.122412
    outer loop
      vertex 79.957 -11.0147 1.08485
      vertex 92.657 -10.9482 1.62401
      vertex 79.957 -10.9482 1.62401
    endloop
  endfacet
  facet normal 0 -0.992479 0.122412
    outer loop
      vertex 92.657 -10.9482 1.62401
      vertex 79.957 -11.0147 1.08485
      vertex 92.657 -11.0147 1.08485
    endloop
  endfacet
  facet normal 0 -0.817581 0.575813
    outer loop
      vertex 79.957 -9.20271 6.14905
      vertex 92.657 -8.8899 6.5932
      vertex 79.957 -8.8899 6.5932
    endloop
  endfacet
  facet normal 0 -0.817581 0.575813
    outer loop
      vertex 92.657 -8.8899 6.5932
      vertex 79.957 -9.20271 6.14905
      vertex 92.657 -9.20271 6.14905
    endloop
  endfacet
  facet normal 0 -0.914241 0.405172
    outer loop
      vertex 79.957 -10.2255 4.23554
      vertex 92.657 -10.0054 4.73218
      vertex 79.957 -10.0054 4.73218
    endloop
  endfacet
  facet normal 0 -0.914241 0.405172
    outer loop
      vertex 92.657 -10.0054 4.73218
      vertex 79.957 -10.2255 4.23554
      vertex 92.657 -10.2255 4.23554
    endloop
  endfacet
  facet normal 0 -0.844856 0.534993
    outer loop
      vertex 79.957 -9.49334 5.69009
      vertex 92.657 -9.20271 6.14905
      vertex 79.957 -9.20271 6.14905
    endloop
  endfacet
  facet normal 0 -0.844856 0.534993
    outer loop
      vertex 92.657 -9.20271 6.14905
      vertex 79.957 -9.49334 5.69009
      vertex 92.657 -9.49334 5.69009
    endloop
  endfacet
  facet normal 0 -0.87009 0.492892
    outer loop
      vertex 79.957 -9.7611 5.21742
      vertex 92.657 -9.49334 5.69009
      vertex 79.957 -9.49334 5.69009
    endloop
  endfacet
  facet normal 0 -0.87009 0.492892
    outer loop
      vertex 92.657 -9.49334 5.69009
      vertex 79.957 -9.7611 5.21742
      vertex 92.657 -9.7611 5.21742
    endloop
  endfacet
  facet normal 0 -0.975712 0.219058
    outer loop
      vertex 79.957 -10.8553 2.15926
      vertex 92.657 -10.7363 2.6893
      vertex 79.957 -10.7363 2.6893
    endloop
  endfacet
  facet normal 0 -0.975712 0.219058
    outer loop
      vertex 92.657 -10.7363 2.6893
      vertex 79.957 -10.8553 2.15926
      vertex 92.657 -10.8553 2.15926
    endloop
  endfacet
  facet normal 0 -0.997286 0.0736317
    outer loop
      vertex 79.957 -11.0547 0.54308
      vertex 92.657 -11.0147 1.08485
      vertex 79.957 -11.0147 1.08485
    endloop
  endfacet
  facet normal 0 -0.997286 0.0736317
    outer loop
      vertex 92.657 -11.0147 1.08485
      vertex 79.957 -11.0547 0.54308
      vertex 92.657 -11.0547 0.54308
    endloop
  endfacet
  facet normal 1 0 0
    outer loop
      vertex 92.657 10.6551 0.523454
      vertex 92.657 11.0547 0.54308
      vertex 92.657 11.0147 1.08485
    endloop
  endfacet
  facet normal 1 0 0
    outer loop
      vertex 92.657 10.6166 1.04565
      vertex 92.657 11.0147 1.08485
      vertex 92.657 10.9482 1.62401
    endloop
  endfacet
  facet normal 1 0 0
    outer loop
      vertex 92.657 10.5525 1.56532
      vertex 92.657 10.9482 1.62401
      vertex 92.657 10.8553 2.15926
    endloop
  endfacet
  facet normal 1 0 0
    outer loop
      vertex 92.657 10.463 2.08122
      vertex 92.657 10.8553 2.15926
      vertex 92.657 10.7363 2.6893
    endloop
  endfacet
  facet normal 1 0 -0
    outer loop
      vertex 92.657 10.6551 0.523454
      vertex 92.657 11.0147 1.08485
      vertex 92.657 10.6166 1.04565
    endloop
  endfacet
  facet normal 1 0 0
    outer loop
      vertex 92.657 11.068 0
      vertex 92.657 10.6551 0.523454
      vertex 92.657 10.668 0
    endloop
  endfacet
  facet normal 1 0 0
    outer loop
      vertex 92.657 11.0547 0.54308
      vertex 92.657 10.6551 0.523454
      vertex 92.657 11.068 0
    endloop
  endfacet
  facet normal 1 0 0
    outer loop
      vertex 92.657 10.3483 2.59211
      vertex 92.657 10.7363 2.6893
      vertex 92.657 10.5914 3.21287
    endloop
  endfacet
  facet normal 1 0 0
    outer loop
      vertex 92.657 10.9482 1.62401
      vertex 92.657 10.5525 1.56532
      vertex 92.657 10.6166 1.04565
    endloop
  endfacet
  facet normal 1 0 0
    outer loop
      vertex 92.657 10.8553 2.15926
      vertex 92.657 10.463 2.08122
      vertex 92.657 10.5525 1.56532
    endloop
  endfacet
  facet normal 1 0 0
    outer loop
      vertex 92.657 10.2086 3.09676
      vertex 92.657 10.5914 3.21287
      vertex 92.657 10.421 3.7287
    endloop
  endfacet
  facet normal 1 0 0
    outer loop
      vertex 92.657 10.7363 2.6893
      vertex 92.657 10.3483 2.59211
      vertex 92.657 10.463 2.08122
    endloop
  endfacet
  facet normal 1 0 0
    outer loop
      vertex 92.657 10.0444 3.59394
      vertex 92.657 10.421 3.7287
      vertex 92.657 10.2255 4.23554
    endloop
  endfacet
  facet normal 1 0 0
    outer loop
      vertex 92.657 10.5914 3.21287
      vertex 92.657 10.2086 3.09676
      vertex 92.657 10.3483 2.59211
    endloop
  endfacet
  facet normal 1 0 0
    outer loop
      vertex 92.657 10.421 3.7287
      vertex 92.657 10.0444 3.59394
      vertex 92.657 10.2086 3.09676
    endloop
  endfacet
  facet normal 1 0 0
    outer loop
      vertex 92.657 9.85595 4.08247
      vertex 92.657 10.2255 4.23554
      vertex 92.657 10.0054 4.73218
    endloop
  endfacet
  facet normal 1 0 0
    outer loop
      vertex 92.657 10.2255 4.23554
      vertex 92.657 9.85595 4.08247
      vertex 92.657 10.0444 3.59394
    endloop
  endfacet
  facet normal 1 0 0
    outer loop
      vertex 92.657 9.64376 4.56116
      vertex 92.657 10.0054 4.73218
      vertex 92.657 9.7611 5.21742
    endloop
  endfacet
  facet normal 1 0 0
    outer loop
      vertex 92.657 10.0054 4.73218
      vertex 92.657 9.64376 4.56116
      vertex 92.657 9.85595 4.08247
    endloop
  endfacet
  facet normal 1 0 0
    outer loop
      vertex 92.657 9.40834 5.02886
      vertex 92.657 9.7611 5.21742
      vertex 92.657 9.49334 5.69009
    endloop
  endfacet
  facet normal 1 0 0
    outer loop
      vertex 92.657 9.7611 5.21742
      vertex 92.657 9.40834 5.02886
      vertex 92.657 9.64376 4.56116
    endloop
  endfacet
  facet normal 1 0 0
    outer loop
      vertex 92.657 9.15025 5.48445
      vertex 92.657 9.49334 5.69009
      vertex 92.657 9.20271 6.14905
    endloop
  endfacet
  facet normal 1 0 0
    outer loop
      vertex 92.657 9.49334 5.69009
      vertex 92.657 9.15025 5.48445
      vertex 92.657 9.40834 5.02886
    endloop
  endfacet
  facet normal 1 0 0
    outer loop
      vertex 92.657 8.87012 5.92682
      vertex 92.657 9.20271 6.14905
      vertex 92.657 8.8899 6.5932
    endloop
  endfacet
  facet normal 1 0 0
    outer loop
      vertex 92.657 9.20271 6.14905
      vertex 92.657 8.87012 5.92682
      vertex 92.657 9.15025 5.48445
    endloop
  endfacet
  facet normal 1 0 0
    outer loop
      vertex 92.657 8.8899 6.5932
      vertex 92.657 8.56862 6.35492
      vertex 92.657 8.87012 5.92682
    endloop
  endfacet
  facet normal 1 0 0
    outer loop
      vertex 92.657 8.55568 7.02146
      vertex 92.657 8.56862 6.35492
      vertex 92.657 8.8899 6.5932
    endloop
  endfacet
  facet normal 1 0 0
    outer loop
      vertex 92.657 8.55568 7.02146
      vertex 92.657 8.24648 6.76771
      vertex 92.657 8.56862 6.35492
    endloop
  endfacet
  facet normal 1 0 0
    outer loop
      vertex 92.657 8.20085 7.43281
      vertex 92.657 8.24648 6.76771
      vertex 92.657 8.55568 7.02146
    endloop
  endfacet
  facet normal 1 0 0
    outer loop
      vertex 92.657 8.20085 7.43281
      vertex 92.657 7.90447 7.16419
      vertex 92.657 8.24648 6.76771
    endloop
  endfacet
  facet normal 1 0 0
    outer loop
      vertex 92.657 7.82626 7.82626
      vertex 92.657 7.90447 7.16419
      vertex 92.657 8.20085 7.43281
    endloop
  endfacet
  facet normal 1 0 0
    outer loop
      vertex 92.657 7.82626 7.82626
      vertex 92.657 7.54342 7.54342
      vertex 92.657 7.90447 7.16419
    endloop
  endfacet
  facet normal 1 0 0
    outer loop
      vertex 92.657 7.43281 8.20085
      vertex 92.657 7.54342 7.54342
      vertex 92.657 7.82626 7.82626
    endloop
  endfacet
  facet normal 1 0 0
    outer loop
      vertex 92.657 7.43281 8.20085
      vertex 92.657 7.16419 7.90447
      vertex 92.657 7.54342 7.54342
    endloop
  endfacet
  facet normal 1 0 0
    outer loop
      vertex 92.657 7.02146 8.55568
      vertex 92.657 7.16419 7.90447
      vertex 92.657 7.43281 8.20085
    endloop
  endfacet
  facet normal 1 0 0
    outer loop
      vertex 92.657 7.02146 8.55568
      vertex 92.657 6.76771 8.24648
      vertex 92.657 7.16419 7.90447
    endloop
  endfacet
  facet normal 1 0 0
    outer loop
      vertex 92.657 6.5932 8.8899
      vertex 92.657 6.76771 8.24648
      vertex 92.657 7.02146 8.55568
    endloop
  endfacet
  facet normal 1 0 0
    outer loop
      vertex 92.657 6.5932 8.8899
      vertex 92.657 6.35492 8.56862
      vertex 92.657 6.76771 8.24648
    endloop
  endfacet
  facet normal 1 0 0
    outer loop
      vertex 92.657 6.14905 9.20271
      vertex 92.657 6.35492 8.56862
      vertex 92.657 6.5932 8.8899
    endloop
  endfacet
  facet normal 1 0 0
    outer loop
      vertex 92.657 6.14905 9.20271
      vertex 92.657 5.92682 8.87012
      vertex 92.657 6.35492 8.56862
    endloop
  endfacet
  facet normal 1 0 0
    outer loop
      vertex 92.657 5.69009 9.49334
      vertex 92.657 5.92682 8.87012
      vertex 92.657 6.14905 9.20271
    endloop
  endfacet
  facet normal 1 0 0
    outer loop
      vertex 92.657 5.69009 9.49334
      vertex 92.657 5.48445 9.15025
      vertex 92.657 5.92682 8.87012
    endloop
  endfacet
  facet normal 1 0 0
    outer loop
      vertex 92.657 5.21742 9.7611
      vertex 92.657 5.48445 9.15025
      vertex 92.657 5.69009 9.49334
    endloop
  endfacet
  facet normal 1 0 0
    outer loop
      vertex 92.657 5.21742 9.7611
      vertex 92.657 5.02886 9.40834
      vertex 92.657 5.48445 9.15025
    endloop
  endfacet
  facet normal 1 0 0
    outer loop
      vertex 92.657 4.73218 10.0054
      vertex 92.657 5.02886 9.40834
      vertex 92.657 5.21742 9.7611
    endloop
  endfacet
  facet normal 1 0 0
    outer loop
      vertex 92.657 4.73218 10.0054
      vertex 92.657 4.56116 9.64376
      vertex 92.657 5.02886 9.40834
    endloop
  endfacet
  facet normal 1 0 0
    outer loop
      vertex 92.657 4.23554 10.2255
      vertex 92.657 4.56116 9.64376
      vertex 92.657 4.73218 10.0054
    endloop
  endfacet
  facet normal 1 0 0
    outer loop
      vertex 92.657 4.23554 10.2255
      vertex 92.657 4.08247 9.85595
      vertex 92.657 4.56116 9.64376
    endloop
  endfacet
  facet normal 1 0 0
    outer loop
      vertex 92.657 3.7287 10.421
      vertex 92.657 4.08247 9.85595
      vertex 92.657 4.23554 10.2255
    endloop
  endfacet
  facet normal 1 0 0
    outer loop
      vertex 92.657 3.7287 10.421
      vertex 92.657 3.59394 10.0444
      vertex 92.657 4.08247 9.85595
    endloop
  endfacet
  facet normal 1 0 0
    outer loop
      vertex 92.657 3.21287 10.5914
      vertex 92.657 3.59394 10.0444
      vertex 92.657 3.7287 10.421
    endloop
  endfacet
  facet normal 1 0 0
    outer loop
      vertex 92.657 3.21287 10.5914
      vertex 92.657 3.09676 10.2086
      vertex 92.657 3.59394 10.0444
    endloop
  endfacet
  facet normal 1 0 0
    outer loop
      vertex 92.657 2.6893 10.7363
      vertex 92.657 3.09676 10.2086
      vertex 92.657 3.21287 10.5914
    endloop
  endfacet
  facet normal 1 0 0
    outer loop
      vertex 92.657 2.6893 10.7363
      vertex 92.657 2.59211 10.3483
      vertex 92.657 3.09676 10.2086
    endloop
  endfacet
  facet normal 1 0 0
    outer loop
      vertex 92.657 2.15926 10.8553
      vertex 92.657 2.59211 10.3483
      vertex 92.657 2.6893 10.7363
    endloop
  endfacet
  facet normal 1 0 0
    outer loop
      vertex 92.657 2.15926 10.8553
      vertex 92.657 2.08122 10.463
      vertex 92.657 2.59211 10.3483
    endloop
  endfacet
  facet normal 1 0 0
    outer loop
      vertex 92.657 1.62401 10.9482
      vertex 92.657 2.08122 10.463
      vertex 92.657 2.15926 10.8553
    endloop
  endfacet
  facet normal 1 0 0
    outer loop
      vertex 92.657 1.62401 10.9482
      vertex 92.657 1.56532 10.5525
      vertex 92.657 2.08122 10.463
    endloop
  endfacet
  facet normal 1 0 0
    outer loop
      vertex 92.657 1.08485 11.0147
      vertex 92.657 1.56532 10.5525
      vertex 92.657 1.62401 10.9482
    endloop
  endfacet
  facet normal 1 0 0
    outer loop
      vertex 92.657 1.08485 11.0147
      vertex 92.657 1.04565 10.6166
      vertex 92.657 1.56532 10.5525
    endloop
  endfacet
  facet normal 1 0 0
    outer loop
      vertex 92.657 0.54308 11.0547
      vertex 92.657 1.04565 10.6166
      vertex 92.657 1.08485 11.0147
    endloop
  endfacet
  facet normal 1 0 0
    outer loop
      vertex 92.657 0.54308 11.0547
      vertex 92.657 0.523454 10.6551
      vertex 92.657 1.04565 10.6166
    endloop
  endfacet
  facet normal 1 0 0
    outer loop
      vertex 92.657 0 11.068
      vertex 92.657 0.523454 10.6551
      vertex 92.657 0.54308 11.0547
    endloop
  endfacet
  facet normal 1 0 0
    outer loop
      vertex 92.657 0 11.068
      vertex 92.657 0 10.668
      vertex 92.657 0.523454 10.6551
    endloop
  endfacet
  facet normal 1 0 0
    outer loop
      vertex 92.657 0 11.068
      vertex 92.657 -0.523454 10.6551
      vertex 92.657 0 10.668
    endloop
  endfacet
  facet normal 1 -0 0
    outer loop
      vertex 92.657 -0.54308 11.0547
      vertex 92.657 -0.523454 10.6551
      vertex 92.657 0 11.068
    endloop
  endfacet
  facet normal 1 0 0
    outer loop
      vertex 92.657 -0.54308 11.0547
      vertex 92.657 -1.04565 10.6166
      vertex 92.657 -0.523454 10.6551
    endloop
  endfacet
  facet normal 1 -0 0
    outer loop
      vertex 92.657 -1.08485 11.0147
      vertex 92.657 -1.04565 10.6166
      vertex 92.657 -0.54308 11.0547
    endloop
  endfacet
  facet normal 1 0 0
    outer loop
      vertex 92.657 -1.08485 11.0147
      vertex 92.657 -1.56532 10.5525
      vertex 92.657 -1.04565 10.6166
    endloop
  endfacet
  facet normal 1 -0 0
    outer loop
      vertex 92.657 -1.62401 10.9482
      vertex 92.657 -1.56532 10.5525
      vertex 92.657 -1.08485 11.0147
    endloop
  endfacet
  facet normal 1 0 0
    outer loop
      vertex 92.657 -1.62401 10.9482
      vertex 92.657 -2.08122 10.463
      vertex 92.657 -1.56532 10.5525
    endloop
  endfacet
  facet normal 1 -0 0
    outer loop
      vertex 92.657 -2.15926 10.8553
      vertex 92.657 -2.08122 10.463
      vertex 92.657 -1.62401 10.9482
    endloop
  endfacet
  facet normal 1 0 0
    outer loop
      vertex 92.657 -2.15926 10.8553
      vertex 92.657 -2.59211 10.3483
      vertex 92.657 -2.08122 10.463
    endloop
  endfacet
  facet normal 1 -0 0
    outer loop
      vertex 92.657 -2.6893 10.7363
      vertex 92.657 -2.59211 10.3483
      vertex 92.657 -2.15926 10.8553
    endloop
  endfacet
  facet normal 1 0 0
    outer loop
      vertex 92.657 -2.6893 10.7363
      vertex 92.657 -3.09676 10.2086
      vertex 92.657 -2.59211 10.3483
    endloop
  endfacet
  facet normal 1 -0 0
    outer loop
      vertex 92.657 -3.21287 10.5914
      vertex 92.657 -3.09676 10.2086
      vertex 92.657 -2.6893 10.7363
    endloop
  endfacet
  facet normal 1 0 0
    outer loop
      vertex 92.657 -3.21287 10.5914
      vertex 92.657 -3.59394 10.0444
      vertex 92.657 -3.09676 10.2086
    endloop
  endfacet
  facet normal 1 -0 0
    outer loop
      vertex 92.657 -3.7287 10.421
      vertex 92.657 -3.59394 10.0444
      vertex 92.657 -3.21287 10.5914
    endloop
  endfacet
  facet normal 1 0 0
    outer loop
      vertex 92.657 -3.7287 10.421
      vertex 92.657 -4.08247 9.85595
      vertex 92.657 -3.59394 10.0444
    endloop
  endfacet
  facet normal 1 -0 0
    outer loop
      vertex 92.657 -4.23554 10.2255
      vertex 92.657 -4.08247 9.85595
      vertex 92.657 -3.7287 10.421
    endloop
  endfacet
  facet normal 1 0 0
    outer loop
      vertex 92.657 -4.23554 10.2255
      vertex 92.657 -4.56116 9.64376
      vertex 92.657 -4.08247 9.85595
    endloop
  endfacet
  facet normal 1 -0 0
    outer loop
      vertex 92.657 -4.73218 10.0054
      vertex 92.657 -4.56116 9.64376
      vertex 92.657 -4.23554 10.2255
    endloop
  endfacet
  facet normal 1 0 0
    outer loop
      vertex 92.657 -4.73218 10.0054
      vertex 92.657 -5.02886 9.40834
      vertex 92.657 -4.56116 9.64376
    endloop
  endfacet
  facet normal 1 -0 0
    outer loop
      vertex 92.657 -5.21742 9.7611
      vertex 92.657 -5.02886 9.40834
      vertex 92.657 -4.73218 10.0054
    endloop
  endfacet
  facet normal 1 0 0
    outer loop
      vertex 92.657 -5.21742 9.7611
      vertex 92.657 -5.48445 9.15025
      vertex 92.657 -5.02886 9.40834
    endloop
  endfacet
  facet normal 1 -0 0
    outer loop
      vertex 92.657 -5.69009 9.49334
      vertex 92.657 -5.48445 9.15025
      vertex 92.657 -5.21742 9.7611
    endloop
  endfacet
  facet normal 1 0 0
    outer loop
      vertex 92.657 -5.69009 9.49334
      vertex 92.657 -5.92682 8.87012
      vertex 92.657 -5.48445 9.15025
    endloop
  endfacet
  facet normal 1 -0 0
    outer loop
      vertex 92.657 -6.14905 9.20271
      vertex 92.657 -5.92682 8.87012
      vertex 92.657 -5.69009 9.49334
    endloop
  endfacet
  facet normal 1 0 0
    outer loop
      vertex 92.657 -6.14905 9.20271
      vertex 92.657 -6.35492 8.56862
      vertex 92.657 -5.92682 8.87012
    endloop
  endfacet
  facet normal 1 -0 0
    outer loop
      vertex 92.657 -6.5932 8.8899
      vertex 92.657 -6.35492 8.56862
      vertex 92.657 -6.14905 9.20271
    endloop
  endfacet
  facet normal 1 0 0
    outer loop
      vertex 92.657 -6.5932 8.8899
      vertex 92.657 -6.76771 8.24648
      vertex 92.657 -6.35492 8.56862
    endloop
  endfacet
  facet normal 1 -0 0
    outer loop
      vertex 92.657 -7.02146 8.55568
      vertex 92.657 -6.76771 8.24648
      vertex 92.657 -6.5932 8.8899
    endloop
  endfacet
  facet normal 1 0 0
    outer loop
      vertex 92.657 -7.02146 8.55568
      vertex 92.657 -7.16419 7.90447
      vertex 92.657 -6.76771 8.24648
    endloop
  endfacet
  facet normal 1 -0 0
    outer loop
      vertex 92.657 -7.43281 8.20085
      vertex 92.657 -7.16419 7.90447
      vertex 92.657 -7.02146 8.55568
    endloop
  endfacet
  facet normal 1 0 0
    outer loop
      vertex 92.657 -7.43281 8.20085
      vertex 92.657 -7.54342 7.54342
      vertex 92.657 -7.16419 7.90447
    endloop
  endfacet
  facet normal 1 -0 0
    outer loop
      vertex 92.657 -7.82626 7.82626
      vertex 92.657 -7.54342 7.54342
      vertex 92.657 -7.43281 8.20085
    endloop
  endfacet
  facet normal 1 0 0
    outer loop
      vertex 92.657 -7.82626 7.82626
      vertex 92.657 -7.90447 7.16419
      vertex 92.657 -7.54342 7.54342
    endloop
  endfacet
  facet normal 1 -0 0
    outer loop
      vertex 92.657 -8.20085 7.43281
      vertex 92.657 -7.90447 7.16419
      vertex 92.657 -7.82626 7.82626
    endloop
  endfacet
  facet normal 1 0 0
    outer loop
      vertex 92.657 -8.20085 7.43281
      vertex 92.657 -8.24648 6.76771
      vertex 92.657 -7.90447 7.16419
    endloop
  endfacet
  facet normal 1 -0 0
    outer loop
      vertex 92.657 -8.55568 7.02146
      vertex 92.657 -8.24648 6.76771
      vertex 92.657 -8.20085 7.43281
    endloop
  endfacet
  facet normal 1 0 0
    outer loop
      vertex 92.657 -8.55568 7.02146
      vertex 92.657 -8.56862 6.35492
      vertex 92.657 -8.24648 6.76771
    endloop
  endfacet
  facet normal 1 -0 0
    outer loop
      vertex 92.657 -8.8899 6.5932
      vertex 92.657 -8.56862 6.35492
      vertex 92.657 -8.55568 7.02146
    endloop
  endfacet
  facet normal 1 0 0
    outer loop
      vertex 92.657 -8.56862 6.35492
      vertex 92.657 -8.8899 6.5932
      vertex 92.657 -8.87012 5.92682
    endloop
  endfacet
  facet normal 1 -0 0
    outer loop
      vertex 92.657 -9.20271 6.14905
      vertex 92.657 -8.87012 5.92682
      vertex 92.657 -8.8899 6.5932
    endloop
  endfacet
  facet normal 1 0 0
    outer loop
      vertex 92.657 -8.87012 5.92682
      vertex 92.657 -9.20271 6.14905
      vertex 92.657 -9.15025 5.48445
    endloop
  endfacet
  facet normal 1 -0 0
    outer loop
      vertex 92.657 -9.49334 5.69009
      vertex 92.657 -9.15025 5.48445
      vertex 92.657 -9.20271 6.14905
    endloop
  endfacet
  facet normal 1 0 0
    outer loop
      vertex 92.657 -9.15025 5.48445
      vertex 92.657 -9.49334 5.69009
      vertex 92.657 -9.40834 5.02886
    endloop
  endfacet
  facet normal 1 -0 0
    outer loop
      vertex 92.657 -9.7611 5.21742
      vertex 92.657 -9.40834 5.02886
      vertex 92.657 -9.49334 5.69009
    endloop
  endfacet
  facet normal 1 0 0
    outer loop
      vertex 92.657 -9.40834 5.02886
      vertex 92.657 -9.7611 5.21742
      vertex 92.657 -9.64376 4.56116
    endloop
  endfacet
  facet normal 1 -0 0
    outer loop
      vertex 92.657 -10.0054 4.73218
      vertex 92.657 -9.64376 4.56116
      vertex 92.657 -9.7611 5.21742
    endloop
  endfacet
  facet normal 1 0 0
    outer loop
      vertex 92.657 -9.64376 4.56116
      vertex 92.657 -10.0054 4.73218
      vertex 92.657 -9.85595 4.08247
    endloop
  endfacet
  facet normal 1 -0 0
    outer loop
      vertex 92.657 -10.2255 4.23554
      vertex 92.657 -9.85595 4.08247
      vertex 92.657 -10.0054 4.73218
    endloop
  endfacet
  facet normal 1 0 0
    outer loop
      vertex 92.657 -9.85595 4.08247
      vertex 92.657 -10.2255 4.23554
      vertex 92.657 -10.0444 3.59394
    endloop
  endfacet
  facet normal 1 -0 0
    outer loop
      vertex 92.657 -10.421 3.7287
      vertex 92.657 -10.0444 3.59394
      vertex 92.657 -10.2255 4.23554
    endloop
  endfacet
  facet normal 1 0 0
    outer loop
      vertex 92.657 -10.0444 3.59394
      vertex 92.657 -10.421 3.7287
      vertex 92.657 -10.2086 3.09676
    endloop
  endfacet
  facet normal 1 -0 0
    outer loop
      vertex 92.657 -10.5914 3.21287
      vertex 92.657 -10.2086 3.09676
      vertex 92.657 -10.421 3.7287
    endloop
  endfacet
  facet normal 1 0 0
    outer loop
      vertex 92.657 -10.2086 3.09676
      vertex 92.657 -10.5914 3.21287
      vertex 92.657 -10.3483 2.59211
    endloop
  endfacet
  facet normal 1 -0 0
    outer loop
      vertex 92.657 -10.7363 2.6893
      vertex 92.657 -10.3483 2.59211
      vertex 92.657 -10.5914 3.21287
    endloop
  endfacet
  facet normal 1 0 0
    outer loop
      vertex 92.657 -10.3483 2.59211
      vertex 92.657 -10.7363 2.6893
      vertex 92.657 -10.463 2.08122
    endloop
  endfacet
  facet normal 1 -0 0
    outer loop
      vertex 92.657 -10.8553 2.15926
      vertex 92.657 -10.463 2.08122
      vertex 92.657 -10.7363 2.6893
    endloop
  endfacet
  facet normal 1 0 0
    outer loop
      vertex 92.657 -10.463 2.08122
      vertex 92.657 -10.8553 2.15926
      vertex 92.657 -10.5525 1.56532
    endloop
  endfacet
  facet normal 1 -0 0
    outer loop
      vertex 92.657 -10.9482 1.62401
      vertex 92.657 -10.5525 1.56532
      vertex 92.657 -10.8553 2.15926
    endloop
  endfacet
  facet normal 1 0 0
    outer loop
      vertex 92.657 -10.5525 1.56532
      vertex 92.657 -10.9482 1.62401
      vertex 92.657 -10.6166 1.04565
    endloop
  endfacet
  facet normal 1 -0 0
    outer loop
      vertex 92.657 -11.0147 1.08485
      vertex 92.657 -10.6166 1.04565
      vertex 92.657 -10.9482 1.62401
    endloop
  endfacet
  facet normal 1 0 0
    outer loop
      vertex 92.657 -10.6166 1.04565
      vertex 92.657 -11.0147 1.08485
      vertex 92.657 -10.6551 0.523454
    endloop
  endfacet
  facet normal 1 -0 0
    outer loop
      vertex 92.657 -11.0547 0.54308
      vertex 92.657 -10.6551 0.523454
      vertex 92.657 -11.0147 1.08485
    endloop
  endfacet
  facet normal 1 0 0
    outer loop
      vertex 92.657 -10.6551 0.523454
      vertex 92.657 -11.0547 0.54308
      vertex 92.657 -10.668 0
    endloop
  endfacet
  facet normal 1 0 0
    outer loop
      vertex 92.657 -10.668 0
      vertex 92.657 -11.0547 0.54308
      vertex 92.657 -11.068 0
    endloop
  endfacet
  facet normal 0 -0.575813 0.817581
    outer loop
      vertex 79.957 -6.14905 9.20271
      vertex 92.657 -6.5932 8.8899
      vertex 92.657 -6.14905 9.20271
    endloop
  endfacet
  facet normal 0 -0.575813 0.817581
    outer loop
      vertex 92.657 -6.5932 8.8899
      vertex 79.957 -6.14905 9.20271
      vertex 79.957 -6.5932 8.8899
    endloop
  endfacet
  facet normal 0 -0.615235 0.788344
    outer loop
      vertex 79.957 -6.5932 8.8899
      vertex 92.657 -7.02146 8.55568
      vertex 92.657 -6.5932 8.8899
    endloop
  endfacet
  facet normal 0 -0.615235 0.788344
    outer loop
      vertex 92.657 -7.02146 8.55568
      vertex 79.957 -6.5932 8.8899
      vertex 79.957 -7.02146 8.55568
    endloop
  endfacet
  facet normal 0 -0.534993 0.844856
    outer loop
      vertex 79.957 -5.69009 9.49334
      vertex 92.657 -6.14905 9.20271
      vertex 92.657 -5.69009 9.49334
    endloop
  endfacet
  facet normal 0 -0.534993 0.844856
    outer loop
      vertex 92.657 -6.14905 9.20271
      vertex 79.957 -5.69009 9.49334
      vertex 79.957 -6.14905 9.20271
    endloop
  endfacet
  facet normal 0 -0.359879 0.932999
    outer loop
      vertex 79.957 -3.7287 10.421
      vertex 92.657 -4.23554 10.2255
      vertex 92.657 -3.7287 10.421
    endloop
  endfacet
  facet normal 0 -0.359879 0.932999
    outer loop
      vertex 92.657 -4.23554 10.2255
      vertex 79.957 -3.7287 10.421
      vertex 79.957 -4.23554 10.2255
    endloop
  endfacet
  facet normal 0 -0.266728 0.963772
    outer loop
      vertex 79.957 -2.6893 10.7363
      vertex 92.657 -3.21287 10.5914
      vertex 92.657 -2.6893 10.7363
    endloop
  endfacet
  facet normal 0 -0.266728 0.963772
    outer loop
      vertex 92.657 -3.21287 10.5914
      vertex 79.957 -2.6893 10.7363
      vertex 79.957 -3.21287 10.5914
    endloop
  endfacet
  facet normal 0 -0.31367 0.949532
    outer loop
      vertex 79.957 -3.21287 10.5914
      vertex 92.657 -3.7287 10.421
      vertex 92.657 -3.21287 10.5914
    endloop
  endfacet
  facet normal 0 -0.31367 0.949532
    outer loop
      vertex 92.657 -3.7287 10.421
      vertex 79.957 -3.21287 10.5914
      vertex 79.957 -3.7287 10.421
    endloop
  endfacet
  facet normal 0 -0.122412 0.992479
    outer loop
      vertex 79.957 -1.08485 11.0147
      vertex 92.657 -1.62401 10.9482
      vertex 92.657 -1.08485 11.0147
    endloop
  endfacet
  facet normal 0 -0.122412 0.992479
    outer loop
      vertex 92.657 -1.62401 10.9482
      vertex 79.957 -1.08485 11.0147
      vertex 79.957 -1.62401 10.9482
    endloop
  endfacet
  facet normal 0 -0.0244826 0.9997
    outer loop
      vertex 79.957 0 11.068
      vertex 92.657 -0.54308 11.0547
      vertex 92.657 0 11.068
    endloop
  endfacet
  facet normal 0 -0.0244826 0.9997
    outer loop
      vertex 92.657 -0.54308 11.0547
      vertex 79.957 0 11.068
      vertex 79.957 -0.54308 11.0547
    endloop
  endfacet
  facet normal -0 0.575813 0.817581
    outer loop
      vertex 79.957 6.5932 8.8899
      vertex 92.657 6.14905 9.20271
      vertex 92.657 6.5932 8.8899
    endloop
  endfacet
  facet normal 0 0.575813 0.817581
    outer loop
      vertex 92.657 6.14905 9.20271
      vertex 79.957 6.5932 8.8899
      vertex 79.957 6.14905 9.20271
    endloop
  endfacet
  facet normal -0 0.615235 0.788344
    outer loop
      vertex 79.957 7.02146 8.55568
      vertex 92.657 6.5932 8.8899
      vertex 92.657 7.02146 8.55568
    endloop
  endfacet
  facet normal 0 0.615235 0.788344
    outer loop
      vertex 92.657 6.5932 8.8899
      vertex 79.957 7.02146 8.55568
      vertex 79.957 6.5932 8.8899
    endloop
  endfacet
  facet normal -0 0.65317 0.757212
    outer loop
      vertex 79.957 7.43281 8.20085
      vertex 92.657 7.02146 8.55568
      vertex 92.657 7.43281 8.20085
    endloop
  endfacet
  facet normal 0 0.65317 0.757212
    outer loop
      vertex 92.657 7.02146 8.55568
      vertex 79.957 7.43281 8.20085
      vertex 79.957 7.02146 8.55568
    endloop
  endfacet
  facet normal -0 0.449686 0.893187
    outer loop
      vertex 79.957 5.21742 9.7611
      vertex 92.657 4.73218 10.0054
      vertex 92.657 5.21742 9.7611
    endloop
  endfacet
  facet normal 0 0.449686 0.893187
    outer loop
      vertex 92.657 4.73218 10.0054
      vertex 79.957 5.21742 9.7611
      vertex 79.957 4.73218 10.0054
    endloop
  endfacet
  facet normal -0 0.359879 0.932999
    outer loop
      vertex 79.957 4.23554 10.2255
      vertex 92.657 3.7287 10.421
      vertex 92.657 4.23554 10.2255
    endloop
  endfacet
  facet normal 0 0.359879 0.932999
    outer loop
      vertex 92.657 3.7287 10.421
      vertex 79.957 4.23554 10.2255
      vertex 79.957 3.7287 10.421
    endloop
  endfacet
  facet normal 0 0.757212 0.65317
    outer loop
      vertex 92.657 8.55568 7.02146
      vertex 79.957 8.20085 7.43281
      vertex 92.657 8.20085 7.43281
    endloop
  endfacet
  facet normal 0 0.757212 0.65317
    outer loop
      vertex 79.957 8.20085 7.43281
      vertex 92.657 8.55568 7.02146
      vertex 79.957 8.55568 7.02146
    endloop
  endfacet
  facet normal 0 0.914241 0.405172
    outer loop
      vertex 92.657 10.2255 4.23554
      vertex 79.957 10.0054 4.73218
      vertex 92.657 10.0054 4.73218
    endloop
  endfacet
  facet normal 0 0.914241 0.405172
    outer loop
      vertex 79.957 10.0054 4.73218
      vertex 92.657 10.2255 4.23554
      vertex 79.957 10.2255 4.23554
    endloop
  endfacet
  facet normal 0 0.949532 0.31367
    outer loop
      vertex 92.657 10.5914 3.21287
      vertex 79.957 10.421 3.7287
      vertex 92.657 10.421 3.7287
    endloop
  endfacet
  facet normal 0 0.949532 0.31367
    outer loop
      vertex 79.957 10.421 3.7287
      vertex 92.657 10.5914 3.21287
      vertex 79.957 10.5914 3.21287
    endloop
  endfacet
  facet normal 0 -0.724252 0.689535
    outer loop
      vertex 79.957 -8.20085 7.43281
      vertex 92.657 -7.82626 7.82626
      vertex 79.957 -7.82626 7.82626
    endloop
  endfacet
  facet normal 0 -0.724252 0.689535
    outer loop
      vertex 92.657 -7.82626 7.82626
      vertex 79.957 -8.20085 7.43281
      vertex 92.657 -8.20085 7.43281
    endloop
  endfacet
  facet normal 0 -0.893187 0.449686
    outer loop
      vertex 79.957 -10.0054 4.73218
      vertex 92.657 -9.7611 5.21742
      vertex 79.957 -9.7611 5.21742
    endloop
  endfacet
  facet normal 0 -0.893187 0.449686
    outer loop
      vertex 92.657 -9.7611 5.21742
      vertex 79.957 -10.0054 4.73218
      vertex 92.657 -10.0054 4.73218
    endloop
  endfacet
  facet normal 0 -0.932999 0.359879
    outer loop
      vertex 79.957 -10.421 3.7287
      vertex 92.657 -10.2255 4.23554
      vertex 79.957 -10.2255 4.23554
    endloop
  endfacet
  facet normal 0 -0.932999 0.359879
    outer loop
      vertex 92.657 -10.2255 4.23554
      vertex 79.957 -10.421 3.7287
      vertex 92.657 -10.421 3.7287
    endloop
  endfacet
  facet normal 0 -0.98527 0.171007
    outer loop
      vertex 79.957 -10.9482 1.62401
      vertex 92.657 -10.8553 2.15926
      vertex 79.957 -10.8553 2.15926
    endloop
  endfacet
  facet normal 0 -0.98527 0.171007
    outer loop
      vertex 92.657 -10.8553 2.15926
      vertex 79.957 -10.9482 1.62401
      vertex 92.657 -10.9482 1.62401
    endloop
  endfacet
  facet normal 0 -0.65317 0.757212
    outer loop
      vertex 79.957 -7.02146 8.55568
      vertex 92.657 -7.43281 8.20085
      vertex 92.657 -7.02146 8.55568
    endloop
  endfacet
  facet normal 0 -0.65317 0.757212
    outer loop
      vertex 92.657 -7.43281 8.20085
      vertex 79.957 -7.02146 8.55568
      vertex 79.957 -7.43281 8.20085
    endloop
  endfacet
  facet normal 0 -0.405172 0.914241
    outer loop
      vertex 79.957 -4.23554 10.2255
      vertex 92.657 -4.73218 10.0054
      vertex 92.657 -4.23554 10.2255
    endloop
  endfacet
  facet normal 0 -0.405172 0.914241
    outer loop
      vertex 92.657 -4.73218 10.0054
      vertex 79.957 -4.23554 10.2255
      vertex 79.957 -4.73218 10.0054
    endloop
  endfacet
  facet normal 0 -0.219058 0.975712
    outer loop
      vertex 79.957 -2.15926 10.8553
      vertex 92.657 -2.6893 10.7363
      vertex 92.657 -2.15926 10.8553
    endloop
  endfacet
  facet normal 0 -0.219058 0.975712
    outer loop
      vertex 92.657 -2.6893 10.7363
      vertex 79.957 -2.15926 10.8553
      vertex 79.957 -2.6893 10.7363
    endloop
  endfacet
  facet normal 0 0.932999 0.359879
    outer loop
      vertex 134.99 10.421 3.7287
      vertex 122.29 10.2255 4.23554
      vertex 134.99 10.2255 4.23554
    endloop
  endfacet
  facet normal 0 0.932999 0.359879
    outer loop
      vertex 122.29 10.2255 4.23554
      vertex 134.99 10.421 3.7287
      vertex 122.29 10.421 3.7287
    endloop
  endfacet
  facet normal -0 0.405172 0.914241
    outer loop
      vertex 122.29 4.73218 10.0054
      vertex 134.99 4.23554 10.2255
      vertex 134.99 4.73218 10.0054
    endloop
  endfacet
  facet normal 0 0.405172 0.914241
    outer loop
      vertex 134.99 4.23554 10.2255
      vertex 122.29 4.73218 10.0054
      vertex 122.29 4.23554 10.2255
    endloop
  endfacet
  facet normal 0 -0.359879 0.932999
    outer loop
      vertex 122.29 -3.7287 10.421
      vertex 134.99 -4.23554 10.2255
      vertex 134.99 -3.7287 10.421
    endloop
  endfacet
  facet normal 0 -0.359879 0.932999
    outer loop
      vertex 134.99 -4.23554 10.2255
      vertex 122.29 -3.7287 10.421
      vertex 122.29 -4.23554 10.2255
    endloop
  endfacet
  facet normal 0 -0.914241 0.405172
    outer loop
      vertex 122.29 -10.2255 4.23554
      vertex 134.99 -10.0054 4.73218
      vertex 122.29 -10.0054 4.73218
    endloop
  endfacet
  facet normal 0 -0.914241 0.405172
    outer loop
      vertex 134.99 -10.0054 4.73218
      vertex 122.29 -10.2255 4.23554
      vertex 134.99 -10.2255 4.23554
    endloop
  endfacet
  facet normal -0 0.689535 0.724252
    outer loop
      vertex 122.29 7.82626 7.82626
      vertex 134.99 7.43281 8.20085
      vertex 134.99 7.82626 7.82626
    endloop
  endfacet
  facet normal 0 0.689535 0.724252
    outer loop
      vertex 134.99 7.43281 8.20085
      vertex 122.29 7.82626 7.82626
      vertex 122.29 7.43281 8.20085
    endloop
  endfacet
  facet normal 0 0.98527 0.171007
    outer loop
      vertex 134.99 10.9482 1.62401
      vertex 122.29 10.8553 2.15926
      vertex 134.99 10.8553 2.15926
    endloop
  endfacet
  facet normal 0 0.98527 0.171007
    outer loop
      vertex 122.29 10.8553 2.15926
      vertex 134.99 10.9482 1.62401
      vertex 122.29 10.9482 1.62401
    endloop
  endfacet
  facet normal 0 -0.171007 0.98527
    outer loop
      vertex 122.29 -1.62401 10.9482
      vertex 134.99 -2.15926 10.8553
      vertex 134.99 -1.62401 10.9482
    endloop
  endfacet
  facet normal 0 -0.171007 0.98527
    outer loop
      vertex 134.99 -2.15926 10.8553
      vertex 122.29 -1.62401 10.9482
      vertex 122.29 -2.15926 10.8553
    endloop
  endfacet
  facet normal -0 0.0244826 0.9997
    outer loop
      vertex 122.29 0.54308 11.0547
      vertex 134.99 0 11.068
      vertex 134.99 0.54308 11.0547
    endloop
  endfacet
  facet normal 0 0.0244826 0.9997
    outer loop
      vertex 134.99 0 11.068
      vertex 122.29 0.54308 11.0547
      vertex 122.29 0 11.068
    endloop
  endfacet
  facet normal -0 0.219058 0.975712
    outer loop
      vertex 122.29 2.6893 10.7363
      vertex 134.99 2.15926 10.8553
      vertex 134.99 2.6893 10.7363
    endloop
  endfacet
  facet normal 0 0.219058 0.975712
    outer loop
      vertex 134.99 2.15926 10.8553
      vertex 122.29 2.6893 10.7363
      vertex 122.29 2.15926 10.8553
    endloop
  endfacet
  facet normal -0 0.575813 0.817581
    outer loop
      vertex 122.29 6.5932 8.8899
      vertex 134.99 6.14905 9.20271
      vertex 134.99 6.5932 8.8899
    endloop
  endfacet
  facet normal 0 0.575813 0.817581
    outer loop
      vertex 134.99 6.14905 9.20271
      vertex 122.29 6.5932 8.8899
      vertex 122.29 6.14905 9.20271
    endloop
  endfacet
  facet normal 0 0.997286 0.0736317
    outer loop
      vertex 134.99 11.0547 0.54308
      vertex 122.29 11.0147 1.08485
      vertex 134.99 11.0147 1.08485
    endloop
  endfacet
  facet normal 0 0.997286 0.0736317
    outer loop
      vertex 122.29 11.0147 1.08485
      vertex 134.99 11.0547 0.54308
      vertex 122.29 11.0547 0.54308
    endloop
  endfacet
  facet normal 0 0.844856 0.534993
    outer loop
      vertex 134.99 9.49334 5.69009
      vertex 122.29 9.20271 6.14905
      vertex 134.99 9.20271 6.14905
    endloop
  endfacet
  facet normal 0 0.844856 0.534993
    outer loop
      vertex 122.29 9.20271 6.14905
      vertex 134.99 9.49334 5.69009
      vertex 122.29 9.49334 5.69009
    endloop
  endfacet
  facet normal 0 0.893187 0.449686
    outer loop
      vertex 134.99 10.0054 4.73218
      vertex 122.29 9.7611 5.21742
      vertex 134.99 9.7611 5.21742
    endloop
  endfacet
  facet normal 0 0.893187 0.449686
    outer loop
      vertex 122.29 9.7611 5.21742
      vertex 134.99 10.0054 4.73218
      vertex 122.29 10.0054 4.73218
    endloop
  endfacet
  facet normal -1 0 0
    outer loop
      vertex 122.29 10.6551 0.523454
      vertex 122.29 11.0547 0.54308
      vertex 122.29 11.068 0
    endloop
  endfacet
  facet normal -1 -0 0
    outer loop
      vertex 122.29 11.0547 0.54308
      vertex 122.29 10.6551 0.523454
      vertex 122.29 11.0147 1.08485
    endloop
  endfacet
  facet normal -1 -0 0
    outer loop
      vertex 122.29 11.0147 1.08485
      vertex 122.29 10.6166 1.04565
      vertex 122.29 10.9482 1.62401
    endloop
  endfacet
  facet normal -1 0 0
    outer loop
      vertex 122.29 10.5525 1.56532
      vertex 122.29 10.9482 1.62401
      vertex 122.29 10.6166 1.04565
    endloop
  endfacet
  facet normal -1 0 0
    outer loop
      vertex 122.29 10.6551 0.523454
      vertex 122.29 11.068 0
      vertex 122.29 10.668 0
    endloop
  endfacet
  facet normal -1 0 0
    outer loop
      vertex 122.29 11.0147 1.08485
      vertex 122.29 10.6551 0.523454
      vertex 122.29 10.6166 1.04565
    endloop
  endfacet
  facet normal -1 -0 0
    outer loop
      vertex 122.29 10.9482 1.62401
      vertex 122.29 10.5525 1.56532
      vertex 122.29 10.8553 2.15926
    endloop
  endfacet
  facet normal -1 0 0
    outer loop
      vertex 122.29 10.463 2.08122
      vertex 122.29 10.8553 2.15926
      vertex 122.29 10.5525 1.56532
    endloop
  endfacet
  facet normal -1 -0 0
    outer loop
      vertex 122.29 10.8553 2.15926
      vertex 122.29 10.463 2.08122
      vertex 122.29 10.7363 2.6893
    endloop
  endfacet
  facet normal -1 0 0
    outer loop
      vertex 122.29 10.3483 2.59211
      vertex 122.29 10.7363 2.6893
      vertex 122.29 10.463 2.08122
    endloop
  endfacet
  facet normal -1 -0 0
    outer loop
      vertex 122.29 10.7363 2.6893
      vertex 122.29 10.3483 2.59211
      vertex 122.29 10.5914 3.21287
    endloop
  endfacet
  facet normal -1 0 0
    outer loop
      vertex 122.29 10.2086 3.09676
      vertex 122.29 10.5914 3.21287
      vertex 122.29 10.3483 2.59211
    endloop
  endfacet
  facet normal -1 -0 0
    outer loop
      vertex 122.29 10.5914 3.21287
      vertex 122.29 10.2086 3.09676
      vertex 122.29 10.421 3.7287
    endloop
  endfacet
  facet normal -1 0 0
    outer loop
      vertex 122.29 10.0444 3.59394
      vertex 122.29 10.421 3.7287
      vertex 122.29 10.2086 3.09676
    endloop
  endfacet
  facet normal -1 -0 0
    outer loop
      vertex 122.29 10.421 3.7287
      vertex 122.29 10.0444 3.59394
      vertex 122.29 10.2255 4.23554
    endloop
  endfacet
  facet normal -1 0 0
    outer loop
      vertex 122.29 9.85595 4.08247
      vertex 122.29 10.2255 4.23554
      vertex 122.29 10.0444 3.59394
    endloop
  endfacet
  facet normal -1 -0 0
    outer loop
      vertex 122.29 10.2255 4.23554
      vertex 122.29 9.85595 4.08247
      vertex 122.29 10.0054 4.73218
    endloop
  endfacet
  facet normal -1 0 0
    outer loop
      vertex 122.29 9.64376 4.56116
      vertex 122.29 10.0054 4.73218
      vertex 122.29 9.85595 4.08247
    endloop
  endfacet
  facet normal -1 -0 0
    outer loop
      vertex 122.29 10.0054 4.73218
      vertex 122.29 9.64376 4.56116
      vertex 122.29 9.7611 5.21742
    endloop
  endfacet
  facet normal -1 0 0
    outer loop
      vertex 122.29 9.40834 5.02886
      vertex 122.29 9.7611 5.21742
      vertex 122.29 9.64376 4.56116
    endloop
  endfacet
  facet normal -1 -0 0
    outer loop
      vertex 122.29 9.7611 5.21742
      vertex 122.29 9.40834 5.02886
      vertex 122.29 9.49334 5.69009
    endloop
  endfacet
  facet normal -1 0 0
    outer loop
      vertex 122.29 9.15025 5.48445
      vertex 122.29 9.49334 5.69009
      vertex 122.29 9.40834 5.02886
    endloop
  endfacet
  facet normal -1 -0 0
    outer loop
      vertex 122.29 9.49334 5.69009
      vertex 122.29 9.15025 5.48445
      vertex 122.29 9.20271 6.14905
    endloop
  endfacet
  facet normal -1 0 0
    outer loop
      vertex 122.29 8.87012 5.92682
      vertex 122.29 9.20271 6.14905
      vertex 122.29 9.15025 5.48445
    endloop
  endfacet
  facet normal -1 -0 0
    outer loop
      vertex 122.29 9.20271 6.14905
      vertex 122.29 8.87012 5.92682
      vertex 122.29 8.8899 6.5932
    endloop
  endfacet
  facet normal -1 0 0
    outer loop
      vertex 122.29 8.56862 6.35492
      vertex 122.29 8.8899 6.5932
      vertex 122.29 8.87012 5.92682
    endloop
  endfacet
  facet normal -1 0 0
    outer loop
      vertex 122.29 8.56862 6.35492
      vertex 122.29 8.55568 7.02146
      vertex 122.29 8.8899 6.5932
    endloop
  endfacet
  facet normal -1 0 0
    outer loop
      vertex 122.29 8.24648 6.76771
      vertex 122.29 8.55568 7.02146
      vertex 122.29 8.56862 6.35492
    endloop
  endfacet
  facet normal -1 0 0
    outer loop
      vertex 122.29 8.24648 6.76771
      vertex 122.29 8.20085 7.43281
      vertex 122.29 8.55568 7.02146
    endloop
  endfacet
  facet normal -1 0 0
    outer loop
      vertex 122.29 7.90447 7.16419
      vertex 122.29 8.20085 7.43281
      vertex 122.29 8.24648 6.76771
    endloop
  endfacet
  facet normal -1 0 0
    outer loop
      vertex 122.29 7.90447 7.16419
      vertex 122.29 7.82626 7.82626
      vertex 122.29 8.20085 7.43281
    endloop
  endfacet
  facet normal -1 0 0
    outer loop
      vertex 122.29 7.54342 7.54342
      vertex 122.29 7.82626 7.82626
      vertex 122.29 7.90447 7.16419
    endloop
  endfacet
  facet normal -1 0 0
    outer loop
      vertex 122.29 7.54342 7.54342
      vertex 122.29 7.43281 8.20085
      vertex 122.29 7.82626 7.82626
    endloop
  endfacet
  facet normal -1 0 0
    outer loop
      vertex 122.29 7.16419 7.90447
      vertex 122.29 7.43281 8.20085
      vertex 122.29 7.54342 7.54342
    endloop
  endfacet
  facet normal -1 0 0
    outer loop
      vertex 122.29 7.16419 7.90447
      vertex 122.29 7.02146 8.55568
      vertex 122.29 7.43281 8.20085
    endloop
  endfacet
  facet normal -1 0 0
    outer loop
      vertex 122.29 6.76771 8.24648
      vertex 122.29 7.02146 8.55568
      vertex 122.29 7.16419 7.90447
    endloop
  endfacet
  facet normal -1 0 0
    outer loop
      vertex 122.29 6.76771 8.24648
      vertex 122.29 6.5932 8.8899
      vertex 122.29 7.02146 8.55568
    endloop
  endfacet
  facet normal -1 0 0
    outer loop
      vertex 122.29 6.35492 8.56862
      vertex 122.29 6.5932 8.8899
      vertex 122.29 6.76771 8.24648
    endloop
  endfacet
  facet normal -1 0 0
    outer loop
      vertex 122.29 6.35492 8.56862
      vertex 122.29 6.14905 9.20271
      vertex 122.29 6.5932 8.8899
    endloop
  endfacet
  facet normal -1 0 0
    outer loop
      vertex 122.29 5.92682 8.87012
      vertex 122.29 6.14905 9.20271
      vertex 122.29 6.35492 8.56862
    endloop
  endfacet
  facet normal -1 0 0
    outer loop
      vertex 122.29 5.92682 8.87012
      vertex 122.29 5.69009 9.49334
      vertex 122.29 6.14905 9.20271
    endloop
  endfacet
  facet normal -1 0 0
    outer loop
      vertex 122.29 5.48445 9.15025
      vertex 122.29 5.69009 9.49334
      vertex 122.29 5.92682 8.87012
    endloop
  endfacet
  facet normal -1 0 0
    outer loop
      vertex 122.29 5.48445 9.15025
      vertex 122.29 5.21742 9.7611
      vertex 122.29 5.69009 9.49334
    endloop
  endfacet
  facet normal -1 0 0
    outer loop
      vertex 122.29 5.02886 9.40834
      vertex 122.29 5.21742 9.7611
      vertex 122.29 5.48445 9.15025
    endloop
  endfacet
  facet normal -1 0 0
    outer loop
      vertex 122.29 5.02886 9.40834
      vertex 122.29 4.73218 10.0054
      vertex 122.29 5.21742 9.7611
    endloop
  endfacet
  facet normal -1 0 0
    outer loop
      vertex 122.29 4.56116 9.64376
      vertex 122.29 4.73218 10.0054
      vertex 122.29 5.02886 9.40834
    endloop
  endfacet
  facet normal -1 0 0
    outer loop
      vertex 122.29 4.56116 9.64376
      vertex 122.29 4.23554 10.2255
      vertex 122.29 4.73218 10.0054
    endloop
  endfacet
  facet normal -1 0 0
    outer loop
      vertex 122.29 4.08247 9.85595
      vertex 122.29 4.23554 10.2255
      vertex 122.29 4.56116 9.64376
    endloop
  endfacet
  facet normal -1 0 0
    outer loop
      vertex 122.29 4.08247 9.85595
      vertex 122.29 3.7287 10.421
      vertex 122.29 4.23554 10.2255
    endloop
  endfacet
  facet normal -1 0 0
    outer loop
      vertex 122.29 3.59394 10.0444
      vertex 122.29 3.7287 10.421
      vertex 122.29 4.08247 9.85595
    endloop
  endfacet
  facet normal -1 0 0
    outer loop
      vertex 122.29 3.59394 10.0444
      vertex 122.29 3.21287 10.5914
      vertex 122.29 3.7287 10.421
    endloop
  endfacet
  facet normal -1 0 0
    outer loop
      vertex 122.29 3.09676 10.2086
      vertex 122.29 3.21287 10.5914
      vertex 122.29 3.59394 10.0444
    endloop
  endfacet
  facet normal -1 0 0
    outer loop
      vertex 122.29 3.09676 10.2086
      vertex 122.29 2.6893 10.7363
      vertex 122.29 3.21287 10.5914
    endloop
  endfacet
  facet normal -1 0 0
    outer loop
      vertex 122.29 2.59211 10.3483
      vertex 122.29 2.6893 10.7363
      vertex 122.29 3.09676 10.2086
    endloop
  endfacet
  facet normal -1 0 0
    outer loop
      vertex 122.29 2.59211 10.3483
      vertex 122.29 2.15926 10.8553
      vertex 122.29 2.6893 10.7363
    endloop
  endfacet
  facet normal -1 0 0
    outer loop
      vertex 122.29 2.08122 10.463
      vertex 122.29 2.15926 10.8553
      vertex 122.29 2.59211 10.3483
    endloop
  endfacet
  facet normal -1 0 0
    outer loop
      vertex 122.29 2.08122 10.463
      vertex 122.29 1.62401 10.9482
      vertex 122.29 2.15926 10.8553
    endloop
  endfacet
  facet normal -1 0 0
    outer loop
      vertex 122.29 1.56532 10.5525
      vertex 122.29 1.62401 10.9482
      vertex 122.29 2.08122 10.463
    endloop
  endfacet
  facet normal -1 0 0
    outer loop
      vertex 122.29 1.56532 10.5525
      vertex 122.29 1.08485 11.0147
      vertex 122.29 1.62401 10.9482
    endloop
  endfacet
  facet normal -1 0 0
    outer loop
      vertex 122.29 1.04565 10.6166
      vertex 122.29 1.08485 11.0147
      vertex 122.29 1.56532 10.5525
    endloop
  endfacet
  facet normal -1 0 0
    outer loop
      vertex 122.29 1.04565 10.6166
      vertex 122.29 0.54308 11.0547
      vertex 122.29 1.08485 11.0147
    endloop
  endfacet
  facet normal -1 0 0
    outer loop
      vertex 122.29 0.523454 10.6551
      vertex 122.29 0.54308 11.0547
      vertex 122.29 1.04565 10.6166
    endloop
  endfacet
  facet normal -1 0 0
    outer loop
      vertex 122.29 0 10.668
      vertex 122.29 0.54308 11.0547
      vertex 122.29 0.523454 10.6551
    endloop
  endfacet
  facet normal -1 0 0
    outer loop
      vertex 122.29 0 10.668
      vertex 122.29 0 11.068
      vertex 122.29 0.54308 11.0547
    endloop
  endfacet
  facet normal -1 0 0
    outer loop
      vertex 122.29 -0.523454 10.6551
      vertex 122.29 0 11.068
      vertex 122.29 0 10.668
    endloop
  endfacet
  facet normal -1 0 0
    outer loop
      vertex 122.29 -0.523454 10.6551
      vertex 122.29 -0.54308 11.0547
      vertex 122.29 0 11.068
    endloop
  endfacet
  facet normal -1 0 0
    outer loop
      vertex 122.29 -1.04565 10.6166
      vertex 122.29 -0.54308 11.0547
      vertex 122.29 -0.523454 10.6551
    endloop
  endfacet
  facet normal -1 0 0
    outer loop
      vertex 122.29 -1.04565 10.6166
      vertex 122.29 -1.08485 11.0147
      vertex 122.29 -0.54308 11.0547
    endloop
  endfacet
  facet normal -1 0 0
    outer loop
      vertex 122.29 -1.56532 10.5525
      vertex 122.29 -1.08485 11.0147
      vertex 122.29 -1.04565 10.6166
    endloop
  endfacet
  facet normal -1 0 0
    outer loop
      vertex 122.29 -1.56532 10.5525
      vertex 122.29 -1.62401 10.9482
      vertex 122.29 -1.08485 11.0147
    endloop
  endfacet
  facet normal -1 0 0
    outer loop
      vertex 122.29 -2.08122 10.463
      vertex 122.29 -1.62401 10.9482
      vertex 122.29 -1.56532 10.5525
    endloop
  endfacet
  facet normal -1 0 0
    outer loop
      vertex 122.29 -2.08122 10.463
      vertex 122.29 -2.15926 10.8553
      vertex 122.29 -1.62401 10.9482
    endloop
  endfacet
  facet normal -1 0 0
    outer loop
      vertex 122.29 -2.59211 10.3483
      vertex 122.29 -2.15926 10.8553
      vertex 122.29 -2.08122 10.463
    endloop
  endfacet
  facet normal -1 0 0
    outer loop
      vertex 122.29 -2.59211 10.3483
      vertex 122.29 -2.6893 10.7363
      vertex 122.29 -2.15926 10.8553
    endloop
  endfacet
  facet normal -1 0 0
    outer loop
      vertex 122.29 -3.09676 10.2086
      vertex 122.29 -2.6893 10.7363
      vertex 122.29 -2.59211 10.3483
    endloop
  endfacet
  facet normal -1 0 0
    outer loop
      vertex 122.29 -3.09676 10.2086
      vertex 122.29 -3.21287 10.5914
      vertex 122.29 -2.6893 10.7363
    endloop
  endfacet
  facet normal -1 0 0
    outer loop
      vertex 122.29 -3.59394 10.0444
      vertex 122.29 -3.21287 10.5914
      vertex 122.29 -3.09676 10.2086
    endloop
  endfacet
  facet normal -1 0 0
    outer loop
      vertex 122.29 -3.59394 10.0444
      vertex 122.29 -3.7287 10.421
      vertex 122.29 -3.21287 10.5914
    endloop
  endfacet
  facet normal -1 0 0
    outer loop
      vertex 122.29 -4.08247 9.85595
      vertex 122.29 -3.7287 10.421
      vertex 122.29 -3.59394 10.0444
    endloop
  endfacet
  facet normal -1 0 0
    outer loop
      vertex 122.29 -4.08247 9.85595
      vertex 122.29 -4.23554 10.2255
      vertex 122.29 -3.7287 10.421
    endloop
  endfacet
  facet normal -1 0 0
    outer loop
      vertex 122.29 -4.56116 9.64376
      vertex 122.29 -4.23554 10.2255
      vertex 122.29 -4.08247 9.85595
    endloop
  endfacet
  facet normal -1 0 0
    outer loop
      vertex 122.29 -4.56116 9.64376
      vertex 122.29 -4.73218 10.0054
      vertex 122.29 -4.23554 10.2255
    endloop
  endfacet
  facet normal -1 0 0
    outer loop
      vertex 122.29 -5.02886 9.40834
      vertex 122.29 -4.73218 10.0054
      vertex 122.29 -4.56116 9.64376
    endloop
  endfacet
  facet normal -1 0 0
    outer loop
      vertex 122.29 -5.02886 9.40834
      vertex 122.29 -5.21742 9.7611
      vertex 122.29 -4.73218 10.0054
    endloop
  endfacet
  facet normal -1 0 0
    outer loop
      vertex 122.29 -5.48445 9.15025
      vertex 122.29 -5.21742 9.7611
      vertex 122.29 -5.02886 9.40834
    endloop
  endfacet
  facet normal -1 0 0
    outer loop
      vertex 122.29 -5.48445 9.15025
      vertex 122.29 -5.69009 9.49334
      vertex 122.29 -5.21742 9.7611
    endloop
  endfacet
  facet normal -1 0 0
    outer loop
      vertex 122.29 -5.92682 8.87012
      vertex 122.29 -5.69009 9.49334
      vertex 122.29 -5.48445 9.15025
    endloop
  endfacet
  facet normal -1 0 0
    outer loop
      vertex 122.29 -5.92682 8.87012
      vertex 122.29 -6.14905 9.20271
      vertex 122.29 -5.69009 9.49334
    endloop
  endfacet
  facet normal -1 0 0
    outer loop
      vertex 122.29 -6.35492 8.56862
      vertex 122.29 -6.14905 9.20271
      vertex 122.29 -5.92682 8.87012
    endloop
  endfacet
  facet normal -1 0 0
    outer loop
      vertex 122.29 -6.35492 8.56862
      vertex 122.29 -6.5932 8.8899
      vertex 122.29 -6.14905 9.20271
    endloop
  endfacet
  facet normal -1 0 0
    outer loop
      vertex 122.29 -6.76771 8.24648
      vertex 122.29 -6.5932 8.8899
      vertex 122.29 -6.35492 8.56862
    endloop
  endfacet
  facet normal -1 0 0
    outer loop
      vertex 122.29 -6.76771 8.24648
      vertex 122.29 -7.02146 8.55568
      vertex 122.29 -6.5932 8.8899
    endloop
  endfacet
  facet normal -1 0 0
    outer loop
      vertex 122.29 -7.16419 7.90447
      vertex 122.29 -7.02146 8.55568
      vertex 122.29 -6.76771 8.24648
    endloop
  endfacet
  facet normal -1 0 0
    outer loop
      vertex 122.29 -7.16419 7.90447
      vertex 122.29 -7.43281 8.20085
      vertex 122.29 -7.02146 8.55568
    endloop
  endfacet
  facet normal -1 0 0
    outer loop
      vertex 122.29 -7.54342 7.54342
      vertex 122.29 -7.43281 8.20085
      vertex 122.29 -7.16419 7.90447
    endloop
  endfacet
  facet normal -1 0 0
    outer loop
      vertex 122.29 -7.54342 7.54342
      vertex 122.29 -7.82626 7.82626
      vertex 122.29 -7.43281 8.20085
    endloop
  endfacet
  facet normal -1 0 0
    outer loop
      vertex 122.29 -7.90447 7.16419
      vertex 122.29 -7.82626 7.82626
      vertex 122.29 -7.54342 7.54342
    endloop
  endfacet
  facet normal -1 0 0
    outer loop
      vertex 122.29 -7.90447 7.16419
      vertex 122.29 -8.20085 7.43281
      vertex 122.29 -7.82626 7.82626
    endloop
  endfacet
  facet normal -1 0 0
    outer loop
      vertex 122.29 -8.24648 6.76771
      vertex 122.29 -8.20085 7.43281
      vertex 122.29 -7.90447 7.16419
    endloop
  endfacet
  facet normal -1 0 0
    outer loop
      vertex 122.29 -8.24648 6.76771
      vertex 122.29 -8.55568 7.02146
      vertex 122.29 -8.20085 7.43281
    endloop
  endfacet
  facet normal -1 0 0
    outer loop
      vertex 122.29 -8.56862 6.35492
      vertex 122.29 -8.55568 7.02146
      vertex 122.29 -8.24648 6.76771
    endloop
  endfacet
  facet normal -1 0 0
    outer loop
      vertex 122.29 -8.8899 6.5932
      vertex 122.29 -8.56862 6.35492
      vertex 122.29 -8.87012 5.92682
    endloop
  endfacet
  facet normal -1 0 0
    outer loop
      vertex 122.29 -8.56862 6.35492
      vertex 122.29 -8.8899 6.5932
      vertex 122.29 -8.55568 7.02146
    endloop
  endfacet
  facet normal -1 0 0
    outer loop
      vertex 122.29 -9.20271 6.14905
      vertex 122.29 -8.87012 5.92682
      vertex 122.29 -9.15025 5.48445
    endloop
  endfacet
  facet normal -1 0 0
    outer loop
      vertex 122.29 -8.87012 5.92682
      vertex 122.29 -9.20271 6.14905
      vertex 122.29 -8.8899 6.5932
    endloop
  endfacet
  facet normal -1 0 0
    outer loop
      vertex 122.29 -9.49334 5.69009
      vertex 122.29 -9.15025 5.48445
      vertex 122.29 -9.40834 5.02886
    endloop
  endfacet
  facet normal -1 0 0
    outer loop
      vertex 122.29 -9.15025 5.48445
      vertex 122.29 -9.49334 5.69009
      vertex 122.29 -9.20271 6.14905
    endloop
  endfacet
  facet normal -1 0 0
    outer loop
      vertex 122.29 -9.7611 5.21742
      vertex 122.29 -9.40834 5.02886
      vertex 122.29 -9.64376 4.56116
    endloop
  endfacet
  facet normal -1 0 0
    outer loop
      vertex 122.29 -9.40834 5.02886
      vertex 122.29 -9.7611 5.21742
      vertex 122.29 -9.49334 5.69009
    endloop
  endfacet
  facet normal -1 0 0
    outer loop
      vertex 122.29 -10.0054 4.73218
      vertex 122.29 -9.64376 4.56116
      vertex 122.29 -9.85595 4.08247
    endloop
  endfacet
  facet normal -1 0 0
    outer loop
      vertex 122.29 -9.64376 4.56116
      vertex 122.29 -10.0054 4.73218
      vertex 122.29 -9.7611 5.21742
    endloop
  endfacet
  facet normal -1 0 0
    outer loop
      vertex 122.29 -10.2255 4.23554
      vertex 122.29 -9.85595 4.08247
      vertex 122.29 -10.0444 3.59394
    endloop
  endfacet
  facet normal -1 0 0
    outer loop
      vertex 122.29 -10.421 3.7287
      vertex 122.29 -10.0444 3.59394
      vertex 122.29 -10.2086 3.09676
    endloop
  endfacet
  facet normal -1 0 0
    outer loop
      vertex 122.29 -9.85595 4.08247
      vertex 122.29 -10.2255 4.23554
      vertex 122.29 -10.0054 4.73218
    endloop
  endfacet
  facet normal -1 0 0
    outer loop
      vertex 122.29 -10.5914 3.21287
      vertex 122.29 -10.2086 3.09676
      vertex 122.29 -10.3483 2.59211
    endloop
  endfacet
  facet normal -1 0 0
    outer loop
      vertex 122.29 -10.0444 3.59394
      vertex 122.29 -10.421 3.7287
      vertex 122.29 -10.2255 4.23554
    endloop
  endfacet
  facet normal -1 0 0
    outer loop
      vertex 122.29 -10.7363 2.6893
      vertex 122.29 -10.3483 2.59211
      vertex 122.29 -10.463 2.08122
    endloop
  endfacet
  facet normal -1 0 0
    outer loop
      vertex 122.29 -10.8553 2.15926
      vertex 122.29 -10.463 2.08122
      vertex 122.29 -10.5525 1.56532
    endloop
  endfacet
  facet normal -1 0 0
    outer loop
      vertex 122.29 -10.2086 3.09676
      vertex 122.29 -10.5914 3.21287
      vertex 122.29 -10.421 3.7287
    endloop
  endfacet
  facet normal -1 0 0
    outer loop
      vertex 122.29 -10.9482 1.62401
      vertex 122.29 -10.5525 1.56532
      vertex 122.29 -10.6166 1.04565
    endloop
  endfacet
  facet normal -1 0 0
    outer loop
      vertex 122.29 -11.0147 1.08485
      vertex 122.29 -10.6166 1.04565
      vertex 122.29 -10.6551 0.523454
    endloop
  endfacet
  facet normal -1 0 0
    outer loop
      vertex 122.29 -11.0547 0.54308
      vertex 122.29 -10.6551 0.523454
      vertex 122.29 -10.668 0
    endloop
  endfacet
  facet normal -1 0 0
    outer loop
      vertex 122.29 -10.3483 2.59211
      vertex 122.29 -10.7363 2.6893
      vertex 122.29 -10.5914 3.21287
    endloop
  endfacet
  facet normal -1 0 0
    outer loop
      vertex 122.29 -10.463 2.08122
      vertex 122.29 -10.8553 2.15926
      vertex 122.29 -10.7363 2.6893
    endloop
  endfacet
  facet normal -1 0 0
    outer loop
      vertex 122.29 -10.5525 1.56532
      vertex 122.29 -10.9482 1.62401
      vertex 122.29 -10.8553 2.15926
    endloop
  endfacet
  facet normal -1 0 0
    outer loop
      vertex 122.29 -10.6166 1.04565
      vertex 122.29 -11.0147 1.08485
      vertex 122.29 -10.9482 1.62401
    endloop
  endfacet
  facet normal -1 0 0
    outer loop
      vertex 122.29 -10.6551 0.523454
      vertex 122.29 -11.0547 0.54308
      vertex 122.29 -11.0147 1.08485
    endloop
  endfacet
  facet normal -1 0 -0
    outer loop
      vertex 122.29 -11.0547 0.54308
      vertex 122.29 -10.668 0
      vertex 122.29 -11.068 0
    endloop
  endfacet
  facet normal 0 -0.9997 0.0244826
    outer loop
      vertex 122.29 -11.068 0
      vertex 134.99 -11.0547 0.54308
      vertex 122.29 -11.0547 0.54308
    endloop
  endfacet
  facet normal 0 -0.9997 0.0244826
    outer loop
      vertex 134.99 -11.0547 0.54308
      vertex 122.29 -11.068 0
      vertex 134.99 -11.068 0
    endloop
  endfacet
  facet normal 0 -0.949532 0.31367
    outer loop
      vertex 122.29 -10.5914 3.21287
      vertex 134.99 -10.421 3.7287
      vertex 122.29 -10.421 3.7287
    endloop
  endfacet
  facet normal 0 -0.949532 0.31367
    outer loop
      vertex 134.99 -10.421 3.7287
      vertex 122.29 -10.5914 3.21287
      vertex 134.99 -10.5914 3.21287
    endloop
  endfacet
  facet normal 0 -0.963772 0.266728
    outer loop
      vertex 122.29 -10.7363 2.6893
      vertex 134.99 -10.5914 3.21287
      vertex 122.29 -10.5914 3.21287
    endloop
  endfacet
  facet normal 0 -0.963772 0.266728
    outer loop
      vertex 134.99 -10.5914 3.21287
      vertex 122.29 -10.7363 2.6893
      vertex 134.99 -10.7363 2.6893
    endloop
  endfacet
  facet normal 0 -0.817581 0.575813
    outer loop
      vertex 122.29 -9.20271 6.14905
      vertex 134.99 -8.8899 6.5932
      vertex 122.29 -8.8899 6.5932
    endloop
  endfacet
  facet normal 0 -0.817581 0.575813
    outer loop
      vertex 134.99 -8.8899 6.5932
      vertex 122.29 -9.20271 6.14905
      vertex 134.99 -9.20271 6.14905
    endloop
  endfacet
  facet normal 0 -0.757212 0.65317
    outer loop
      vertex 122.29 -8.55568 7.02146
      vertex 134.99 -8.20085 7.43281
      vertex 122.29 -8.20085 7.43281
    endloop
  endfacet
  facet normal 0 -0.757212 0.65317
    outer loop
      vertex 134.99 -8.20085 7.43281
      vertex 122.29 -8.55568 7.02146
      vertex 134.99 -8.55568 7.02146
    endloop
  endfacet
  facet normal 0 -0.534993 0.844856
    outer loop
      vertex 122.29 -5.69009 9.49334
      vertex 134.99 -6.14905 9.20271
      vertex 134.99 -5.69009 9.49334
    endloop
  endfacet
  facet normal 0 -0.534993 0.844856
    outer loop
      vertex 134.99 -6.14905 9.20271
      vertex 122.29 -5.69009 9.49334
      vertex 122.29 -6.14905 9.20271
    endloop
  endfacet
  facet normal 0 -0.65317 0.757212
    outer loop
      vertex 122.29 -7.02146 8.55568
      vertex 134.99 -7.43281 8.20085
      vertex 134.99 -7.02146 8.55568
    endloop
  endfacet
  facet normal 0 -0.65317 0.757212
    outer loop
      vertex 134.99 -7.43281 8.20085
      vertex 122.29 -7.02146 8.55568
      vertex 122.29 -7.43281 8.20085
    endloop
  endfacet
  facet normal -0 0.122412 0.992479
    outer loop
      vertex 122.29 1.62401 10.9482
      vertex 134.99 1.08485 11.0147
      vertex 134.99 1.62401 10.9482
    endloop
  endfacet
  facet normal 0 0.122412 0.992479
    outer loop
      vertex 134.99 1.08485 11.0147
      vertex 122.29 1.62401 10.9482
      vertex 122.29 1.08485 11.0147
    endloop
  endfacet
  facet normal -0 0.31367 0.949532
    outer loop
      vertex 122.29 3.7287 10.421
      vertex 134.99 3.21287 10.5914
      vertex 134.99 3.7287 10.421
    endloop
  endfacet
  facet normal 0 0.31367 0.949532
    outer loop
      vertex 134.99 3.21287 10.5914
      vertex 122.29 3.7287 10.421
      vertex 122.29 3.21287 10.5914
    endloop
  endfacet
  facet normal -0 0.359879 0.932999
    outer loop
      vertex 122.29 4.23554 10.2255
      vertex 134.99 3.7287 10.421
      vertex 134.99 4.23554 10.2255
    endloop
  endfacet
  facet normal 0 0.359879 0.932999
    outer loop
      vertex 134.99 3.7287 10.421
      vertex 122.29 4.23554 10.2255
      vertex 122.29 3.7287 10.421
    endloop
  endfacet
  facet normal -0 0.171007 0.98527
    outer loop
      vertex 122.29 2.15926 10.8553
      vertex 134.99 1.62401 10.9482
      vertex 134.99 2.15926 10.8553
    endloop
  endfacet
  facet normal 0 0.171007 0.98527
    outer loop
      vertex 134.99 1.62401 10.9482
      vertex 122.29 2.15926 10.8553
      vertex 122.29 1.62401 10.9482
    endloop
  endfacet
  facet normal -0 0.0736317 0.997286
    outer loop
      vertex 122.29 1.08485 11.0147
      vertex 134.99 0.54308 11.0547
      vertex 134.99 1.08485 11.0147
    endloop
  endfacet
  facet normal 0 0.0736317 0.997286
    outer loop
      vertex 134.99 0.54308 11.0547
      vertex 122.29 1.08485 11.0147
      vertex 122.29 0.54308 11.0547
    endloop
  endfacet
  facet normal -0 0.266728 0.963772
    outer loop
      vertex 122.29 3.21287 10.5914
      vertex 134.99 2.6893 10.7363
      vertex 134.99 3.21287 10.5914
    endloop
  endfacet
  facet normal 0 0.266728 0.963772
    outer loop
      vertex 134.99 2.6893 10.7363
      vertex 122.29 3.21287 10.5914
      vertex 122.29 2.6893 10.7363
    endloop
  endfacet
  facet normal -0 0.492892 0.87009
    outer loop
      vertex 122.29 5.69009 9.49334
      vertex 134.99 5.21742 9.7611
      vertex 134.99 5.69009 9.49334
    endloop
  endfacet
  facet normal 0 0.492892 0.87009
    outer loop
      vertex 134.99 5.21742 9.7611
      vertex 122.29 5.69009 9.49334
      vertex 122.29 5.21742 9.7611
    endloop
  endfacet
  facet normal -0 0.534993 0.844856
    outer loop
      vertex 122.29 6.14905 9.20271
      vertex 134.99 5.69009 9.49334
      vertex 134.99 6.14905 9.20271
    endloop
  endfacet
  facet normal 0 0.534993 0.844856
    outer loop
      vertex 134.99 5.69009 9.49334
      vertex 122.29 6.14905 9.20271
      vertex 122.29 5.69009 9.49334
    endloop
  endfacet
  facet normal -0 0.449686 0.893187
    outer loop
      vertex 122.29 5.21742 9.7611
      vertex 134.99 4.73218 10.0054
      vertex 134.99 5.21742 9.7611
    endloop
  endfacet
  facet normal 0 0.449686 0.893187
    outer loop
      vertex 134.99 4.73218 10.0054
      vertex 122.29 5.21742 9.7611
      vertex 122.29 4.73218 10.0054
    endloop
  endfacet
  facet normal -0 0.65317 0.757212
    outer loop
      vertex 122.29 7.43281 8.20085
      vertex 134.99 7.02146 8.55568
      vertex 134.99 7.43281 8.20085
    endloop
  endfacet
  facet normal 0 0.65317 0.757212
    outer loop
      vertex 134.99 7.02146 8.55568
      vertex 122.29 7.43281 8.20085
      vertex 122.29 7.02146 8.55568
    endloop
  endfacet
  facet normal -0 0.615235 0.788344
    outer loop
      vertex 122.29 7.02146 8.55568
      vertex 134.99 6.5932 8.8899
      vertex 134.99 7.02146 8.55568
    endloop
  endfacet
  facet normal 0 0.615235 0.788344
    outer loop
      vertex 134.99 6.5932 8.8899
      vertex 122.29 7.02146 8.55568
      vertex 122.29 6.5932 8.8899
    endloop
  endfacet
  facet normal 0 0.963772 0.266728
    outer loop
      vertex 134.99 10.7363 2.6893
      vertex 122.29 10.5914 3.21287
      vertex 134.99 10.5914 3.21287
    endloop
  endfacet
  facet normal 0 0.963772 0.266728
    outer loop
      vertex 122.29 10.5914 3.21287
      vertex 134.99 10.7363 2.6893
      vertex 122.29 10.7363 2.6893
    endloop
  endfacet
  facet normal 0 0.975712 0.219058
    outer loop
      vertex 134.99 10.8553 2.15926
      vertex 122.29 10.7363 2.6893
      vertex 134.99 10.7363 2.6893
    endloop
  endfacet
  facet normal 0 0.975712 0.219058
    outer loop
      vertex 122.29 10.7363 2.6893
      vertex 134.99 10.8553 2.15926
      vertex 122.29 10.8553 2.15926
    endloop
  endfacet
  facet normal 0 0.949532 0.31367
    outer loop
      vertex 134.99 10.5914 3.21287
      vertex 122.29 10.421 3.7287
      vertex 134.99 10.421 3.7287
    endloop
  endfacet
  facet normal 0 0.949532 0.31367
    outer loop
      vertex 122.29 10.421 3.7287
      vertex 134.99 10.5914 3.21287
      vertex 122.29 10.5914 3.21287
    endloop
  endfacet
  facet normal 0 0.992479 0.122412
    outer loop
      vertex 134.99 11.0147 1.08485
      vertex 122.29 10.9482 1.62401
      vertex 134.99 10.9482 1.62401
    endloop
  endfacet
  facet normal 0 0.992479 0.122412
    outer loop
      vertex 122.29 10.9482 1.62401
      vertex 134.99 11.0147 1.08485
      vertex 122.29 11.0147 1.08485
    endloop
  endfacet
  facet normal 0 0.9997 0.0244826
    outer loop
      vertex 134.99 11.068 0
      vertex 122.29 11.0547 0.54308
      vertex 134.99 11.0547 0.54308
    endloop
  endfacet
  facet normal 0 0.9997 0.0244826
    outer loop
      vertex 122.29 11.0547 0.54308
      vertex 134.99 11.068 0
      vertex 122.29 11.068 0
    endloop
  endfacet
  facet normal 0 0.87009 0.492892
    outer loop
      vertex 134.99 9.7611 5.21742
      vertex 122.29 9.49334 5.69009
      vertex 134.99 9.49334 5.69009
    endloop
  endfacet
  facet normal 0 0.87009 0.492892
    outer loop
      vertex 122.29 9.49334 5.69009
      vertex 134.99 9.7611 5.21742
      vertex 122.29 9.7611 5.21742
    endloop
  endfacet
  facet normal 0 0.914241 0.405172
    outer loop
      vertex 134.99 10.2255 4.23554
      vertex 122.29 10.0054 4.73218
      vertex 134.99 10.0054 4.73218
    endloop
  endfacet
  facet normal 0 0.914241 0.405172
    outer loop
      vertex 122.29 10.0054 4.73218
      vertex 134.99 10.2255 4.23554
      vertex 122.29 10.2255 4.23554
    endloop
  endfacet
  facet normal 0 0.788344 0.615235
    outer loop
      vertex 134.99 8.8899 6.5932
      vertex 122.29 8.55568 7.02146
      vertex 134.99 8.55568 7.02146
    endloop
  endfacet
  facet normal 0 0.788344 0.615235
    outer loop
      vertex 122.29 8.55568 7.02146
      vertex 134.99 8.8899 6.5932
      vertex 122.29 8.8899 6.5932
    endloop
  endfacet
  facet normal 0 0.757212 0.65317
    outer loop
      vertex 134.99 8.55568 7.02146
      vertex 122.29 8.20085 7.43281
      vertex 134.99 8.20085 7.43281
    endloop
  endfacet
  facet normal 0 0.757212 0.65317
    outer loop
      vertex 122.29 8.20085 7.43281
      vertex 134.99 8.55568 7.02146
      vertex 122.29 8.55568 7.02146
    endloop
  endfacet
  facet normal 0 0.817581 0.575813
    outer loop
      vertex 134.99 9.20271 6.14905
      vertex 122.29 8.8899 6.5932
      vertex 134.99 8.8899 6.5932
    endloop
  endfacet
  facet normal 0 0.817581 0.575813
    outer loop
      vertex 122.29 8.8899 6.5932
      vertex 134.99 9.20271 6.14905
      vertex 122.29 9.20271 6.14905
    endloop
  endfacet
  facet normal 0 0.724252 0.689535
    outer loop
      vertex 134.99 8.20085 7.43281
      vertex 122.29 7.82626 7.82626
      vertex 134.99 7.82626 7.82626
    endloop
  endfacet
  facet normal 0 0.724252 0.689535
    outer loop
      vertex 122.29 7.82626 7.82626
      vertex 134.99 8.20085 7.43281
      vertex 122.29 8.20085 7.43281
    endloop
  endfacet
  facet normal 0 -0.932999 0.359879
    outer loop
      vertex 122.29 -10.421 3.7287
      vertex 134.99 -10.2255 4.23554
      vertex 122.29 -10.2255 4.23554
    endloop
  endfacet
  facet normal 0 -0.932999 0.359879
    outer loop
      vertex 134.99 -10.2255 4.23554
      vertex 122.29 -10.421 3.7287
      vertex 134.99 -10.421 3.7287
    endloop
  endfacet
  facet normal 0 -0.992479 0.122412
    outer loop
      vertex 122.29 -11.0147 1.08485
      vertex 134.99 -10.9482 1.62401
      vertex 122.29 -10.9482 1.62401
    endloop
  endfacet
  facet normal 0 -0.992479 0.122412
    outer loop
      vertex 134.99 -10.9482 1.62401
      vertex 122.29 -11.0147 1.08485
      vertex 134.99 -11.0147 1.08485
    endloop
  endfacet
  facet normal 0 -0.975712 0.219058
    outer loop
      vertex 122.29 -10.8553 2.15926
      vertex 134.99 -10.7363 2.6893
      vertex 122.29 -10.7363 2.6893
    endloop
  endfacet
  facet normal 0 -0.975712 0.219058
    outer loop
      vertex 134.99 -10.7363 2.6893
      vertex 122.29 -10.8553 2.15926
      vertex 134.99 -10.8553 2.15926
    endloop
  endfacet
  facet normal 0 -0.87009 0.492892
    outer loop
      vertex 122.29 -9.7611 5.21742
      vertex 134.99 -9.49334 5.69009
      vertex 122.29 -9.49334 5.69009
    endloop
  endfacet
  facet normal 0 -0.87009 0.492892
    outer loop
      vertex 134.99 -9.49334 5.69009
      vertex 122.29 -9.7611 5.21742
      vertex 134.99 -9.7611 5.21742
    endloop
  endfacet
  facet normal 0 -0.219058 0.975712
    outer loop
      vertex 122.29 -2.15926 10.8553
      vertex 134.99 -2.6893 10.7363
      vertex 134.99 -2.15926 10.8553
    endloop
  endfacet
  facet normal 0 -0.219058 0.975712
    outer loop
      vertex 134.99 -2.6893 10.7363
      vertex 122.29 -2.15926 10.8553
      vertex 122.29 -2.6893 10.7363
    endloop
  endfacet
  facet normal 0 -0.266728 0.963772
    outer loop
      vertex 122.29 -2.6893 10.7363
      vertex 134.99 -3.21287 10.5914
      vertex 134.99 -2.6893 10.7363
    endloop
  endfacet
  facet normal 0 -0.266728 0.963772
    outer loop
      vertex 134.99 -3.21287 10.5914
      vertex 122.29 -2.6893 10.7363
      vertex 122.29 -3.21287 10.5914
    endloop
  endfacet
  facet normal 0 -0.31367 0.949532
    outer loop
      vertex 122.29 -3.21287 10.5914
      vertex 134.99 -3.7287 10.421
      vertex 134.99 -3.21287 10.5914
    endloop
  endfacet
  facet normal 0 -0.31367 0.949532
    outer loop
      vertex 134.99 -3.7287 10.421
      vertex 122.29 -3.21287 10.5914
      vertex 122.29 -3.7287 10.421
    endloop
  endfacet
  facet normal 0 -0.0244826 0.9997
    outer loop
      vertex 122.29 0 11.068
      vertex 134.99 -0.54308 11.0547
      vertex 134.99 0 11.068
    endloop
  endfacet
  facet normal 0 -0.0244826 0.9997
    outer loop
      vertex 134.99 -0.54308 11.0547
      vertex 122.29 0 11.068
      vertex 122.29 -0.54308 11.0547
    endloop
  endfacet
  facet normal 0 -0.122412 0.992479
    outer loop
      vertex 122.29 -1.08485 11.0147
      vertex 134.99 -1.62401 10.9482
      vertex 134.99 -1.08485 11.0147
    endloop
  endfacet
  facet normal 0 -0.122412 0.992479
    outer loop
      vertex 134.99 -1.62401 10.9482
      vertex 122.29 -1.08485 11.0147
      vertex 122.29 -1.62401 10.9482
    endloop
  endfacet
  facet normal 0 -0.0736317 0.997286
    outer loop
      vertex 122.29 -0.54308 11.0547
      vertex 134.99 -1.08485 11.0147
      vertex 134.99 -0.54308 11.0547
    endloop
  endfacet
  facet normal 0 -0.0736317 0.997286
    outer loop
      vertex 134.99 -1.08485 11.0147
      vertex 122.29 -0.54308 11.0547
      vertex 122.29 -1.08485 11.0147
    endloop
  endfacet
  facet normal 0 -0.405172 0.914241
    outer loop
      vertex 122.29 -4.23554 10.2255
      vertex 134.99 -4.73218 10.0054
      vertex 134.99 -4.23554 10.2255
    endloop
  endfacet
  facet normal 0 -0.405172 0.914241
    outer loop
      vertex 134.99 -4.73218 10.0054
      vertex 122.29 -4.23554 10.2255
      vertex 122.29 -4.73218 10.0054
    endloop
  endfacet
  facet normal 0 -0.492892 0.87009
    outer loop
      vertex 122.29 -5.21742 9.7611
      vertex 134.99 -5.69009 9.49334
      vertex 134.99 -5.21742 9.7611
    endloop
  endfacet
  facet normal 0 -0.492892 0.87009
    outer loop
      vertex 134.99 -5.69009 9.49334
      vertex 122.29 -5.21742 9.7611
      vertex 122.29 -5.69009 9.49334
    endloop
  endfacet
  facet normal 0 -0.449686 0.893187
    outer loop
      vertex 122.29 -4.73218 10.0054
      vertex 134.99 -5.21742 9.7611
      vertex 134.99 -4.73218 10.0054
    endloop
  endfacet
  facet normal 0 -0.449686 0.893187
    outer loop
      vertex 134.99 -5.21742 9.7611
      vertex 122.29 -4.73218 10.0054
      vertex 122.29 -5.21742 9.7611
    endloop
  endfacet
  facet normal 0 -0.575813 0.817581
    outer loop
      vertex 122.29 -6.14905 9.20271
      vertex 134.99 -6.5932 8.8899
      vertex 134.99 -6.14905 9.20271
    endloop
  endfacet
  facet normal 0 -0.575813 0.817581
    outer loop
      vertex 134.99 -6.5932 8.8899
      vertex 122.29 -6.14905 9.20271
      vertex 122.29 -6.5932 8.8899
    endloop
  endfacet
  facet normal 0 -0.615235 0.788344
    outer loop
      vertex 122.29 -6.5932 8.8899
      vertex 134.99 -7.02146 8.55568
      vertex 134.99 -6.5932 8.8899
    endloop
  endfacet
  facet normal 0 -0.615235 0.788344
    outer loop
      vertex 134.99 -7.02146 8.55568
      vertex 122.29 -6.5932 8.8899
      vertex 122.29 -7.02146 8.55568
    endloop
  endfacet
  facet normal 0 -0.689535 0.724252
    outer loop
      vertex 122.29 -7.43281 8.20085
      vertex 134.99 -7.82626 7.82626
      vertex 134.99 -7.43281 8.20085
    endloop
  endfacet
  facet normal 0 -0.689535 0.724252
    outer loop
      vertex 134.99 -7.82626 7.82626
      vertex 122.29 -7.43281 8.20085
      vertex 122.29 -7.82626 7.82626
    endloop
  endfacet
  facet normal 1 0 0
    outer loop
      vertex 134.99 10.6551 0.523454
      vertex 134.99 11.0547 0.54308
      vertex 134.99 11.0147 1.08485
    endloop
  endfacet
  facet normal 1 0 0
    outer loop
      vertex 134.99 10.6166 1.04565
      vertex 134.99 11.0147 1.08485
      vertex 134.99 10.9482 1.62401
    endloop
  endfacet
  facet normal 1 0 0
    outer loop
      vertex 134.99 10.5525 1.56532
      vertex 134.99 10.9482 1.62401
      vertex 134.99 10.8553 2.15926
    endloop
  endfacet
  facet normal 1 0 0
    outer loop
      vertex 134.99 10.463 2.08122
      vertex 134.99 10.8553 2.15926
      vertex 134.99 10.7363 2.6893
    endloop
  endfacet
  facet normal 1 0 -0
    outer loop
      vertex 134.99 10.6551 0.523454
      vertex 134.99 11.0147 1.08485
      vertex 134.99 10.6166 1.04565
    endloop
  endfacet
  facet normal 1 0 0
    outer loop
      vertex 134.99 11.068 0
      vertex 134.99 10.6551 0.523454
      vertex 134.99 10.668 0
    endloop
  endfacet
  facet normal 1 0 0
    outer loop
      vertex 134.99 11.0547 0.54308
      vertex 134.99 10.6551 0.523454
      vertex 134.99 11.068 0
    endloop
  endfacet
  facet normal 1 0 0
    outer loop
      vertex 134.99 10.3483 2.59211
      vertex 134.99 10.7363 2.6893
      vertex 134.99 10.5914 3.21287
    endloop
  endfacet
  facet normal 1 0 0
    outer loop
      vertex 134.99 10.9482 1.62401
      vertex 134.99 10.5525 1.56532
      vertex 134.99 10.6166 1.04565
    endloop
  endfacet
  facet normal 1 0 0
    outer loop
      vertex 134.99 10.8553 2.15926
      vertex 134.99 10.463 2.08122
      vertex 134.99 10.5525 1.56532
    endloop
  endfacet
  facet normal 1 0 0
    outer loop
      vertex 134.99 10.2086 3.09676
      vertex 134.99 10.5914 3.21287
      vertex 134.99 10.421 3.7287
    endloop
  endfacet
  facet normal 1 0 0
    outer loop
      vertex 134.99 10.7363 2.6893
      vertex 134.99 10.3483 2.59211
      vertex 134.99 10.463 2.08122
    endloop
  endfacet
  facet normal 1 0 0
    outer loop
      vertex 134.99 10.0444 3.59394
      vertex 134.99 10.421 3.7287
      vertex 134.99 10.2255 4.23554
    endloop
  endfacet
  facet normal 1 0 0
    outer loop
      vertex 134.99 10.5914 3.21287
      vertex 134.99 10.2086 3.09676
      vertex 134.99 10.3483 2.59211
    endloop
  endfacet
  facet normal 1 0 0
    outer loop
      vertex 134.99 10.421 3.7287
      vertex 134.99 10.0444 3.59394
      vertex 134.99 10.2086 3.09676
    endloop
  endfacet
  facet normal 1 0 0
    outer loop
      vertex 134.99 9.85595 4.08247
      vertex 134.99 10.2255 4.23554
      vertex 134.99 10.0054 4.73218
    endloop
  endfacet
  facet normal 1 0 0
    outer loop
      vertex 134.99 10.2255 4.23554
      vertex 134.99 9.85595 4.08247
      vertex 134.99 10.0444 3.59394
    endloop
  endfacet
  facet normal 1 0 0
    outer loop
      vertex 134.99 9.64376 4.56116
      vertex 134.99 10.0054 4.73218
      vertex 134.99 9.7611 5.21742
    endloop
  endfacet
  facet normal 1 0 0
    outer loop
      vertex 134.99 10.0054 4.73218
      vertex 134.99 9.64376 4.56116
      vertex 134.99 9.85595 4.08247
    endloop
  endfacet
  facet normal 1 0 0
    outer loop
      vertex 134.99 9.40834 5.02886
      vertex 134.99 9.7611 5.21742
      vertex 134.99 9.49334 5.69009
    endloop
  endfacet
  facet normal 1 0 0
    outer loop
      vertex 134.99 9.7611 5.21742
      vertex 134.99 9.40834 5.02886
      vertex 134.99 9.64376 4.56116
    endloop
  endfacet
  facet normal 1 0 0
    outer loop
      vertex 134.99 9.15025 5.48445
      vertex 134.99 9.49334 5.69009
      vertex 134.99 9.20271 6.14905
    endloop
  endfacet
  facet normal 1 0 0
    outer loop
      vertex 134.99 9.49334 5.69009
      vertex 134.99 9.15025 5.48445
      vertex 134.99 9.40834 5.02886
    endloop
  endfacet
  facet normal 1 0 0
    outer loop
      vertex 134.99 8.87012 5.92682
      vertex 134.99 9.20271 6.14905
      vertex 134.99 8.8899 6.5932
    endloop
  endfacet
  facet normal 1 0 0
    outer loop
      vertex 134.99 9.20271 6.14905
      vertex 134.99 8.87012 5.92682
      vertex 134.99 9.15025 5.48445
    endloop
  endfacet
  facet normal 1 0 0
    outer loop
      vertex 134.99 8.8899 6.5932
      vertex 134.99 8.56862 6.35492
      vertex 134.99 8.87012 5.92682
    endloop
  endfacet
  facet normal 1 0 0
    outer loop
      vertex 134.99 8.55568 7.02146
      vertex 134.99 8.56862 6.35492
      vertex 134.99 8.8899 6.5932
    endloop
  endfacet
  facet normal 1 0 0
    outer loop
      vertex 134.99 8.55568 7.02146
      vertex 134.99 8.24648 6.76771
      vertex 134.99 8.56862 6.35492
    endloop
  endfacet
  facet normal 1 0 0
    outer loop
      vertex 134.99 8.20085 7.43281
      vertex 134.99 8.24648 6.76771
      vertex 134.99 8.55568 7.02146
    endloop
  endfacet
  facet normal 1 0 0
    outer loop
      vertex 134.99 8.20085 7.43281
      vertex 134.99 7.90447 7.16419
      vertex 134.99 8.24648 6.76771
    endloop
  endfacet
  facet normal 1 0 0
    outer loop
      vertex 134.99 7.82626 7.82626
      vertex 134.99 7.90447 7.16419
      vertex 134.99 8.20085 7.43281
    endloop
  endfacet
  facet normal 1 0 0
    outer loop
      vertex 134.99 7.82626 7.82626
      vertex 134.99 7.54342 7.54342
      vertex 134.99 7.90447 7.16419
    endloop
  endfacet
  facet normal 1 0 0
    outer loop
      vertex 134.99 7.43281 8.20085
      vertex 134.99 7.54342 7.54342
      vertex 134.99 7.82626 7.82626
    endloop
  endfacet
  facet normal 1 0 0
    outer loop
      vertex 134.99 7.43281 8.20085
      vertex 134.99 7.16419 7.90447
      vertex 134.99 7.54342 7.54342
    endloop
  endfacet
  facet normal 1 0 0
    outer loop
      vertex 134.99 7.02146 8.55568
      vertex 134.99 7.16419 7.90447
      vertex 134.99 7.43281 8.20085
    endloop
  endfacet
  facet normal 1 0 0
    outer loop
      vertex 134.99 7.02146 8.55568
      vertex 134.99 6.76771 8.24648
      vertex 134.99 7.16419 7.90447
    endloop
  endfacet
  facet normal 1 0 0
    outer loop
      vertex 134.99 6.5932 8.8899
      vertex 134.99 6.76771 8.24648
      vertex 134.99 7.02146 8.55568
    endloop
  endfacet
  facet normal 1 0 0
    outer loop
      vertex 134.99 6.5932 8.8899
      vertex 134.99 6.35492 8.56862
      vertex 134.99 6.76771 8.24648
    endloop
  endfacet
  facet normal 1 0 0
    outer loop
      vertex 134.99 6.14905 9.20271
      vertex 134.99 6.35492 8.56862
      vertex 134.99 6.5932 8.8899
    endloop
  endfacet
  facet normal 1 0 0
    outer loop
      vertex 134.99 6.14905 9.20271
      vertex 134.99 5.92682 8.87012
      vertex 134.99 6.35492 8.56862
    endloop
  endfacet
  facet normal 1 0 0
    outer loop
      vertex 134.99 5.69009 9.49334
      vertex 134.99 5.92682 8.87012
      vertex 134.99 6.14905 9.20271
    endloop
  endfacet
  facet normal 1 0 0
    outer loop
      vertex 134.99 5.69009 9.49334
      vertex 134.99 5.48445 9.15025
      vertex 134.99 5.92682 8.87012
    endloop
  endfacet
  facet normal 1 0 0
    outer loop
      vertex 134.99 5.21742 9.7611
      vertex 134.99 5.48445 9.15025
      vertex 134.99 5.69009 9.49334
    endloop
  endfacet
  facet normal 1 0 0
    outer loop
      vertex 134.99 5.21742 9.7611
      vertex 134.99 5.02886 9.40834
      vertex 134.99 5.48445 9.15025
    endloop
  endfacet
  facet normal 1 0 0
    outer loop
      vertex 134.99 4.73218 10.0054
      vertex 134.99 5.02886 9.40834
      vertex 134.99 5.21742 9.7611
    endloop
  endfacet
  facet normal 1 0 0
    outer loop
      vertex 134.99 4.73218 10.0054
      vertex 134.99 4.56116 9.64376
      vertex 134.99 5.02886 9.40834
    endloop
  endfacet
  facet normal 1 0 0
    outer loop
      vertex 134.99 4.23554 10.2255
      vertex 134.99 4.56116 9.64376
      vertex 134.99 4.73218 10.0054
    endloop
  endfacet
  facet normal 1 0 0
    outer loop
      vertex 134.99 4.23554 10.2255
      vertex 134.99 4.08247 9.85595
      vertex 134.99 4.56116 9.64376
    endloop
  endfacet
  facet normal 1 0 0
    outer loop
      vertex 134.99 3.7287 10.421
      vertex 134.99 4.08247 9.85595
      vertex 134.99 4.23554 10.2255
    endloop
  endfacet
  facet normal 1 0 0
    outer loop
      vertex 134.99 3.7287 10.421
      vertex 134.99 3.59394 10.0444
      vertex 134.99 4.08247 9.85595
    endloop
  endfacet
  facet normal 1 0 0
    outer loop
      vertex 134.99 3.21287 10.5914
      vertex 134.99 3.59394 10.0444
      vertex 134.99 3.7287 10.421
    endloop
  endfacet
  facet normal 1 0 0
    outer loop
      vertex 134.99 3.21287 10.5914
      vertex 134.99 3.09676 10.2086
      vertex 134.99 3.59394 10.0444
    endloop
  endfacet
  facet normal 1 0 0
    outer loop
      vertex 134.99 2.6893 10.7363
      vertex 134.99 3.09676 10.2086
      vertex 134.99 3.21287 10.5914
    endloop
  endfacet
  facet normal 1 0 0
    outer loop
      vertex 134.99 2.6893 10.7363
      vertex 134.99 2.59211 10.3483
      vertex 134.99 3.09676 10.2086
    endloop
  endfacet
  facet normal 1 0 0
    outer loop
      vertex 134.99 2.15926 10.8553
      vertex 134.99 2.59211 10.3483
      vertex 134.99 2.6893 10.7363
    endloop
  endfacet
  facet normal 1 0 0
    outer loop
      vertex 134.99 2.15926 10.8553
      vertex 134.99 2.08122 10.463
      vertex 134.99 2.59211 10.3483
    endloop
  endfacet
  facet normal 1 0 0
    outer loop
      vertex 134.99 1.62401 10.9482
      vertex 134.99 2.08122 10.463
      vertex 134.99 2.15926 10.8553
    endloop
  endfacet
  facet normal 1 0 0
    outer loop
      vertex 134.99 1.62401 10.9482
      vertex 134.99 1.56532 10.5525
      vertex 134.99 2.08122 10.463
    endloop
  endfacet
  facet normal 1 0 0
    outer loop
      vertex 134.99 1.08485 11.0147
      vertex 134.99 1.56532 10.5525
      vertex 134.99 1.62401 10.9482
    endloop
  endfacet
  facet normal 1 0 0
    outer loop
      vertex 134.99 1.08485 11.0147
      vertex 134.99 1.04565 10.6166
      vertex 134.99 1.56532 10.5525
    endloop
  endfacet
  facet normal 1 0 0
    outer loop
      vertex 134.99 0.54308 11.0547
      vertex 134.99 1.04565 10.6166
      vertex 134.99 1.08485 11.0147
    endloop
  endfacet
  facet normal 1 0 0
    outer loop
      vertex 134.99 0.54308 11.0547
      vertex 134.99 0.523454 10.6551
      vertex 134.99 1.04565 10.6166
    endloop
  endfacet
  facet normal 1 0 0
    outer loop
      vertex 134.99 0 11.068
      vertex 134.99 0.523454 10.6551
      vertex 134.99 0.54308 11.0547
    endloop
  endfacet
  facet normal 1 0 0
    outer loop
      vertex 134.99 0 11.068
      vertex 134.99 0 10.668
      vertex 134.99 0.523454 10.6551
    endloop
  endfacet
  facet normal 1 0 0
    outer loop
      vertex 134.99 0 11.068
      vertex 134.99 -0.523454 10.6551
      vertex 134.99 0 10.668
    endloop
  endfacet
  facet normal 1 -0 0
    outer loop
      vertex 134.99 -0.54308 11.0547
      vertex 134.99 -0.523454 10.6551
      vertex 134.99 0 11.068
    endloop
  endfacet
  facet normal 1 0 0
    outer loop
      vertex 134.99 -0.54308 11.0547
      vertex 134.99 -1.04565 10.6166
      vertex 134.99 -0.523454 10.6551
    endloop
  endfacet
  facet normal 1 -0 0
    outer loop
      vertex 134.99 -1.08485 11.0147
      vertex 134.99 -1.04565 10.6166
      vertex 134.99 -0.54308 11.0547
    endloop
  endfacet
  facet normal 1 0 0
    outer loop
      vertex 134.99 -1.08485 11.0147
      vertex 134.99 -1.56532 10.5525
      vertex 134.99 -1.04565 10.6166
    endloop
  endfacet
  facet normal 1 -0 0
    outer loop
      vertex 134.99 -1.62401 10.9482
      vertex 134.99 -1.56532 10.5525
      vertex 134.99 -1.08485 11.0147
    endloop
  endfacet
  facet normal 1 0 0
    outer loop
      vertex 134.99 -1.62401 10.9482
      vertex 134.99 -2.08122 10.463
      vertex 134.99 -1.56532 10.5525
    endloop
  endfacet
  facet normal 1 -0 0
    outer loop
      vertex 134.99 -2.15926 10.8553
      vertex 134.99 -2.08122 10.463
      vertex 134.99 -1.62401 10.9482
    endloop
  endfacet
  facet normal 1 0 0
    outer loop
      vertex 134.99 -2.15926 10.8553
      vertex 134.99 -2.59211 10.3483
      vertex 134.99 -2.08122 10.463
    endloop
  endfacet
  facet normal 1 -0 0
    outer loop
      vertex 134.99 -2.6893 10.7363
      vertex 134.99 -2.59211 10.3483
      vertex 134.99 -2.15926 10.8553
    endloop
  endfacet
  facet normal 1 0 0
    outer loop
      vertex 134.99 -2.6893 10.7363
      vertex 134.99 -3.09676 10.2086
      vertex 134.99 -2.59211 10.3483
    endloop
  endfacet
  facet normal 1 -0 0
    outer loop
      vertex 134.99 -3.21287 10.5914
      vertex 134.99 -3.09676 10.2086
      vertex 134.99 -2.6893 10.7363
    endloop
  endfacet
  facet normal 1 0 0
    outer loop
      vertex 134.99 -3.21287 10.5914
      vertex 134.99 -3.59394 10.0444
      vertex 134.99 -3.09676 10.2086
    endloop
  endfacet
  facet normal 1 -0 0
    outer loop
      vertex 134.99 -3.7287 10.421
      vertex 134.99 -3.59394 10.0444
      vertex 134.99 -3.21287 10.5914
    endloop
  endfacet
  facet normal 1 0 0
    outer loop
      vertex 134.99 -3.7287 10.421
      vertex 134.99 -4.08247 9.85595
      vertex 134.99 -3.59394 10.0444
    endloop
  endfacet
  facet normal 1 -0 0
    outer loop
      vertex 134.99 -4.23554 10.2255
      vertex 134.99 -4.08247 9.85595
      vertex 134.99 -3.7287 10.421
    endloop
  endfacet
  facet normal 1 0 0
    outer loop
      vertex 134.99 -4.23554 10.2255
      vertex 134.99 -4.56116 9.64376
      vertex 134.99 -4.08247 9.85595
    endloop
  endfacet
  facet normal 1 -0 0
    outer loop
      vertex 134.99 -4.73218 10.0054
      vertex 134.99 -4.56116 9.64376
      vertex 134.99 -4.23554 10.2255
    endloop
  endfacet
  facet normal 1 0 0
    outer loop
      vertex 134.99 -4.73218 10.0054
      vertex 134.99 -5.02886 9.40834
      vertex 134.99 -4.56116 9.64376
    endloop
  endfacet
  facet normal 1 -0 0
    outer loop
      vertex 134.99 -5.21742 9.7611
      vertex 134.99 -5.02886 9.40834
      vertex 134.99 -4.73218 10.0054
    endloop
  endfacet
  facet normal 1 0 0
    outer loop
      vertex 134.99 -5.21742 9.7611
      vertex 134.99 -5.48445 9.15025
      vertex 134.99 -5.02886 9.40834
    endloop
  endfacet
  facet normal 1 -0 0
    outer loop
      vertex 134.99 -5.69009 9.49334
      vertex 134.99 -5.48445 9.15025
      vertex 134.99 -5.21742 9.7611
    endloop
  endfacet
  facet normal 1 0 0
    outer loop
      vertex 134.99 -5.69009 9.49334
      vertex 134.99 -5.92682 8.87012
      vertex 134.99 -5.48445 9.15025
    endloop
  endfacet
  facet normal 1 -0 0
    outer loop
      vertex 134.99 -6.14905 9.20271
      vertex 134.99 -5.92682 8.87012
      vertex 134.99 -5.69009 9.49334
    endloop
  endfacet
  facet normal 1 0 0
    outer loop
      vertex 134.99 -6.14905 9.20271
      vertex 134.99 -6.35492 8.56862
      vertex 134.99 -5.92682 8.87012
    endloop
  endfacet
  facet normal 1 -0 0
    outer loop
      vertex 134.99 -6.5932 8.8899
      vertex 134.99 -6.35492 8.56862
      vertex 134.99 -6.14905 9.20271
    endloop
  endfacet
  facet normal 1 0 0
    outer loop
      vertex 134.99 -6.5932 8.8899
      vertex 134.99 -6.76771 8.24648
      vertex 134.99 -6.35492 8.56862
    endloop
  endfacet
  facet normal 1 -0 0
    outer loop
      vertex 134.99 -7.02146 8.55568
      vertex 134.99 -6.76771 8.24648
      vertex 134.99 -6.5932 8.8899
    endloop
  endfacet
  facet normal 1 0 0
    outer loop
      vertex 134.99 -7.02146 8.55568
      vertex 134.99 -7.16419 7.90447
      vertex 134.99 -6.76771 8.24648
    endloop
  endfacet
  facet normal 1 -0 0
    outer loop
      vertex 134.99 -7.43281 8.20085
      vertex 134.99 -7.16419 7.90447
      vertex 134.99 -7.02146 8.55568
    endloop
  endfacet
  facet normal 1 0 0
    outer loop
      vertex 134.99 -7.43281 8.20085
      vertex 134.99 -7.54342 7.54342
      vertex 134.99 -7.16419 7.90447
    endloop
  endfacet
  facet normal 1 -0 0
    outer loop
      vertex 134.99 -7.82626 7.82626
      vertex 134.99 -7.54342 7.54342
      vertex 134.99 -7.43281 8.20085
    endloop
  endfacet
  facet normal 1 0 0
    outer loop
      vertex 134.99 -7.82626 7.82626
      vertex 134.99 -7.90447 7.16419
      vertex 134.99 -7.54342 7.54342
    endloop
  endfacet
  facet normal 1 -0 0
    outer loop
      vertex 134.99 -8.20085 7.43281
      vertex 134.99 -7.90447 7.16419
      vertex 134.99 -7.82626 7.82626
    endloop
  endfacet
  facet normal 1 0 0
    outer loop
      vertex 134.99 -8.20085 7.43281
      vertex 134.99 -8.24648 6.76771
      vertex 134.99 -7.90447 7.16419
    endloop
  endfacet
  facet normal 1 -0 0
    outer loop
      vertex 134.99 -8.55568 7.02146
      vertex 134.99 -8.24648 6.76771
      vertex 134.99 -8.20085 7.43281
    endloop
  endfacet
  facet normal 1 0 0
    outer loop
      vertex 134.99 -8.55568 7.02146
      vertex 134.99 -8.56862 6.35492
      vertex 134.99 -8.24648 6.76771
    endloop
  endfacet
  facet normal 1 -0 0
    outer loop
      vertex 134.99 -8.8899 6.5932
      vertex 134.99 -8.56862 6.35492
      vertex 134.99 -8.55568 7.02146
    endloop
  endfacet
  facet normal 1 0 0
    outer loop
      vertex 134.99 -8.56862 6.35492
      vertex 134.99 -8.8899 6.5932
      vertex 134.99 -8.87012 5.92682
    endloop
  endfacet
  facet normal 1 -0 0
    outer loop
      vertex 134.99 -9.20271 6.14905
      vertex 134.99 -8.87012 5.92682
      vertex 134.99 -8.8899 6.5932
    endloop
  endfacet
  facet normal 1 0 0
    outer loop
      vertex 134.99 -8.87012 5.92682
      vertex 134.99 -9.20271 6.14905
      vertex 134.99 -9.15025 5.48445
    endloop
  endfacet
  facet normal 1 -0 0
    outer loop
      vertex 134.99 -9.49334 5.69009
      vertex 134.99 -9.15025 5.48445
      vertex 134.99 -9.20271 6.14905
    endloop
  endfacet
  facet normal 1 0 0
    outer loop
      vertex 134.99 -9.15025 5.48445
      vertex 134.99 -9.49334 5.69009
      vertex 134.99 -9.40834 5.02886
    endloop
  endfacet
  facet normal 1 -0 0
    outer loop
      vertex 134.99 -9.7611 5.21742
      vertex 134.99 -9.40834 5.02886
      vertex 134.99 -9.49334 5.69009
    endloop
  endfacet
  facet normal 1 0 0
    outer loop
      vertex 134.99 -9.40834 5.02886
      vertex 134.99 -9.7611 5.21742
      vertex 134.99 -9.64376 4.56116
    endloop
  endfacet
  facet normal 1 -0 0
    outer loop
      vertex 134.99 -10.0054 4.73218
      vertex 134.99 -9.64376 4.56116
      vertex 134.99 -9.7611 5.21742
    endloop
  endfacet
  facet normal 1 0 0
    outer loop
      vertex 134.99 -9.64376 4.56116
      vertex 134.99 -10.0054 4.73218
      vertex 134.99 -9.85595 4.08247
    endloop
  endfacet
  facet normal 1 -0 0
    outer loop
      vertex 134.99 -10.2255 4.23554
      vertex 134.99 -9.85595 4.08247
      vertex 134.99 -10.0054 4.73218
    endloop
  endfacet
  facet normal 1 0 0
    outer loop
      vertex 134.99 -9.85595 4.08247
      vertex 134.99 -10.2255 4.23554
      vertex 134.99 -10.0444 3.59394
    endloop
  endfacet
  facet normal 1 -0 0
    outer loop
      vertex 134.99 -10.421 3.7287
      vertex 134.99 -10.0444 3.59394
      vertex 134.99 -10.2255 4.23554
    endloop
  endfacet
  facet normal 1 0 0
    outer loop
      vertex 134.99 -10.0444 3.59394
      vertex 134.99 -10.421 3.7287
      vertex 134.99 -10.2086 3.09676
    endloop
  endfacet
  facet normal 1 -0 0
    outer loop
      vertex 134.99 -10.5914 3.21287
      vertex 134.99 -10.2086 3.09676
      vertex 134.99 -10.421 3.7287
    endloop
  endfacet
  facet normal 1 0 0
    outer loop
      vertex 134.99 -10.2086 3.09676
      vertex 134.99 -10.5914 3.21287
      vertex 134.99 -10.3483 2.59211
    endloop
  endfacet
  facet normal 1 -0 0
    outer loop
      vertex 134.99 -10.7363 2.6893
      vertex 134.99 -10.3483 2.59211
      vertex 134.99 -10.5914 3.21287
    endloop
  endfacet
  facet normal 1 0 0
    outer loop
      vertex 134.99 -10.3483 2.59211
      vertex 134.99 -10.7363 2.6893
      vertex 134.99 -10.463 2.08122
    endloop
  endfacet
  facet normal 1 -0 0
    outer loop
      vertex 134.99 -10.8553 2.15926
      vertex 134.99 -10.463 2.08122
      vertex 134.99 -10.7363 2.6893
    endloop
  endfacet
  facet normal 1 0 0
    outer loop
      vertex 134.99 -10.463 2.08122
      vertex 134.99 -10.8553 2.15926
      vertex 134.99 -10.5525 1.56532
    endloop
  endfacet
  facet normal 1 -0 0
    outer loop
      vertex 134.99 -10.9482 1.62401
      vertex 134.99 -10.5525 1.56532
      vertex 134.99 -10.8553 2.15926
    endloop
  endfacet
  facet normal 1 0 0
    outer loop
      vertex 134.99 -10.5525 1.56532
      vertex 134.99 -10.9482 1.62401
      vertex 134.99 -10.6166 1.04565
    endloop
  endfacet
  facet normal 1 -0 0
    outer loop
      vertex 134.99 -11.0147 1.08485
      vertex 134.99 -10.6166 1.04565
      vertex 134.99 -10.9482 1.62401
    endloop
  endfacet
  facet normal 1 0 0
    outer loop
      vertex 134.99 -10.6166 1.04565
      vertex 134.99 -11.0147 1.08485
      vertex 134.99 -10.6551 0.523454
    endloop
  endfacet
  facet normal 1 -0 0
    outer loop
      vertex 134.99 -11.0547 0.54308
      vertex 134.99 -10.6551 0.523454
      vertex 134.99 -11.0147 1.08485
    endloop
  endfacet
  facet normal 1 0 0
    outer loop
      vertex 134.99 -10.6551 0.523454
      vertex 134.99 -11.0547 0.54308
      vertex 134.99 -10.668 0
    endloop
  endfacet
  facet normal 1 0 0
    outer loop
      vertex 134.99 -10.668 0
      vertex 134.99 -11.0547 0.54308
      vertex 134.99 -11.068 0
    endloop
  endfacet
  facet normal 0 -0.997286 0.0736317
    outer loop
      vertex 122.29 -11.0547 0.54308
      vertex 134.99 -11.0147 1.08485
      vertex 122.29 -11.0147 1.08485
    endloop
  endfacet
  facet normal 0 -0.997286 0.0736317
    outer loop
      vertex 134.99 -11.0147 1.08485
      vertex 122.29 -11.0547 0.54308
      vertex 134.99 -11.0547 0.54308
    endloop
  endfacet
  facet normal 0 -0.98527 0.171007
    outer loop
      vertex 122.29 -10.9482 1.62401
      vertex 134.99 -10.8553 2.15926
      vertex 122.29 -10.8553 2.15926
    endloop
  endfacet
  facet normal 0 -0.98527 0.171007
    outer loop
      vertex 134.99 -10.8553 2.15926
      vertex 122.29 -10.9482 1.62401
      vertex 134.99 -10.9482 1.62401
    endloop
  endfacet
  facet normal 0 -0.893187 0.449686
    outer loop
      vertex 122.29 -10.0054 4.73218
      vertex 134.99 -9.7611 5.21742
      vertex 122.29 -9.7611 5.21742
    endloop
  endfacet
  facet normal 0 -0.893187 0.449686
    outer loop
      vertex 134.99 -9.7611 5.21742
      vertex 122.29 -10.0054 4.73218
      vertex 134.99 -10.0054 4.73218
    endloop
  endfacet
  facet normal 0 -0.844856 0.534993
    outer loop
      vertex 122.29 -9.49334 5.69009
      vertex 134.99 -9.20271 6.14905
      vertex 122.29 -9.20271 6.14905
    endloop
  endfacet
  facet normal 0 -0.844856 0.534993
    outer loop
      vertex 134.99 -9.20271 6.14905
      vertex 122.29 -9.49334 5.69009
      vertex 134.99 -9.49334 5.69009
    endloop
  endfacet
  facet normal 0 -0.788344 0.615235
    outer loop
      vertex 122.29 -8.8899 6.5932
      vertex 134.99 -8.55568 7.02146
      vertex 122.29 -8.55568 7.02146
    endloop
  endfacet
  facet normal 0 -0.788344 0.615235
    outer loop
      vertex 134.99 -8.55568 7.02146
      vertex 122.29 -8.8899 6.5932
      vertex 134.99 -8.8899 6.5932
    endloop
  endfacet
  facet normal 0 -0.724252 0.689535
    outer loop
      vertex 122.29 -8.20085 7.43281
      vertex 134.99 -7.82626 7.82626
      vertex 122.29 -7.82626 7.82626
    endloop
  endfacet
  facet normal 0 -0.724252 0.689535
    outer loop
      vertex 134.99 -7.82626 7.82626
      vertex 122.29 -8.20085 7.43281
      vertex 134.99 -8.20085 7.43281
    endloop
  endfacet
  facet normal -1 0 0
    outer loop
      vertex 0.599999 9.12104 0
      vertex 0.599999 8.32104 1
      vertex 0.599999 9.12104 1
    endloop
  endfacet
  facet normal -1 0 0
    outer loop
      vertex 0.599999 8.32104 1
      vertex 0.599999 -3.82104 5
      vertex 0.599999 8.32104 5
    endloop
  endfacet
  facet normal -1 0 0
    outer loop
      vertex 0.599999 -8.32104 1
      vertex 0.599999 8.32104 1
      vertex 0.599999 9.12104 0
    endloop
  endfacet
  facet normal -1 0 0
    outer loop
      vertex 0.599999 8.32104 1
      vertex 0.599999 -8.32104 1
      vertex 0.599999 -3.82104 5
    endloop
  endfacet
  facet normal -1 0 0
    outer loop
      vertex 0.599999 -9.12104 0
      vertex 0.599999 -8.32104 1
      vertex 0.599999 9.12104 0
    endloop
  endfacet
  facet normal -1 -0 0
    outer loop
      vertex 0.599999 -8.32104 1
      vertex 0.599999 -9.12104 0
      vertex 0.599999 -9.12104 1
    endloop
  endfacet
  facet normal -1 0 0
    outer loop
      vertex 0.599999 -3.82104 5
      vertex 0.599999 -8.32104 1
      vertex 0.599999 -8.32104 1.2
    endloop
  endfacet
  facet normal -0 0 1
    outer loop
      vertex 0.599999 -8.32104 1
      vertex 8 -9.12104 1
      vertex 8 -8.32104 1
    endloop
  endfacet
  facet normal 0 0 1
    outer loop
      vertex 8 -9.12104 1
      vertex 0.599999 -8.32104 1
      vertex 0.599999 -9.12104 1
    endloop
  endfacet
  facet normal 0 -1 0
    outer loop
      vertex 0.599999 -9.12104 0
      vertex 8 -9.12104 1
      vertex 0.599999 -9.12104 1
    endloop
  endfacet
  facet normal 0 -1 -0
    outer loop
      vertex 8 -9.12104 1
      vertex 0.599999 -9.12104 0
      vertex 8 -9.12104 0
    endloop
  endfacet
  facet normal 0 -1 0
    outer loop
      vertex 0.599999 -8.32104 1
      vertex 8 -8.32104 1.2
      vertex 0.599999 -8.32104 1.2
    endloop
  endfacet
  facet normal 0 -1 -0
    outer loop
      vertex 8 -8.32104 1.2
      vertex 0.599999 -8.32104 1
      vertex 8 -8.32104 1
    endloop
  endfacet
  facet normal -0 0 1
    outer loop
      vertex 0.599999 9.12104 1
      vertex 8 8.32104 1
      vertex 8 9.12104 1
    endloop
  endfacet
  facet normal 0 0 1
    outer loop
      vertex 8 8.32104 1
      vertex 0.599999 9.12104 1
      vertex 0.599999 8.32104 1
    endloop
  endfacet
  facet normal 0 1 -0
    outer loop
      vertex 8 8.32104 1
      vertex 0.599999 8.32104 5
      vertex 8 8.32104 5
    endloop
  endfacet
  facet normal 0 1 0
    outer loop
      vertex 0.599999 8.32104 5
      vertex 8 8.32104 1
      vertex 0.599999 8.32104 1
    endloop
  endfacet
  facet normal 0 1 -0
    outer loop
      vertex 8 9.12104 0
      vertex 0.599999 9.12104 1
      vertex 8 9.12104 1
    endloop
  endfacet
  facet normal 0 1 0
    outer loop
      vertex 0.599999 9.12104 1
      vertex 8 9.12104 0
      vertex 0.599999 9.12104 0
    endloop
  endfacet
  facet normal -0 0 1
    outer loop
      vertex 0.599999 8.32104 5
      vertex 8 -3.82104 5
      vertex 8 8.32104 5
    endloop
  endfacet
  facet normal 0 0 1
    outer loop
      vertex 8 -3.82104 5
      vertex 0.599999 8.32104 5
      vertex 0.599999 -3.82104 5
    endloop
  endfacet
  facet normal 0 -0.645181 0.76403
    outer loop
      vertex 0.599999 -3.82104 5
      vertex 8 -8.32104 1.2
      vertex 8 -3.82104 5
    endloop
  endfacet
  facet normal 0 -0.645181 0.76403
    outer loop
      vertex 8 -8.32104 1.2
      vertex 0.599999 -3.82104 5
      vertex 0.599999 -8.32104 1.2
    endloop
  endfacet
  facet normal -0 0 1
    outer loop
      vertex 164.614 -8.32104 1
      vertex 172.014 -9.12104 1
      vertex 172.014 -8.32104 1
    endloop
  endfacet
  facet normal 0 0 1
    outer loop
      vertex 172.014 -9.12104 1
      vertex 164.614 -8.32104 1
      vertex 164.614 -9.12104 1
    endloop
  endfacet
  facet normal 1 0 0
    outer loop
      vertex 172.014 8.32104 5
      vertex 172.014 -3.82104 5
      vertex 172.014 8.32104 1
    endloop
  endfacet
  facet normal 1 -0 0
    outer loop
      vertex 172.014 8.32104 1
      vertex 172.014 9.12104 0
      vertex 172.014 9.12104 1
    endloop
  endfacet
  facet normal 1 0 0
    outer loop
      vertex 172.014 -8.32104 1
      vertex 172.014 8.32104 1
      vertex 172.014 -3.82104 5
    endloop
  endfacet
  facet normal 1 0 0
    outer loop
      vertex 172.014 -8.32104 1
      vertex 172.014 -3.82104 5
      vertex 172.014 -8.32104 1.2
    endloop
  endfacet
  facet normal 1 0 0
    outer loop
      vertex 172.014 8.32104 1
      vertex 172.014 -8.32104 1
      vertex 172.014 9.12104 0
    endloop
  endfacet
  facet normal 1 0 0
    outer loop
      vertex 172.014 -9.12104 0
      vertex 172.014 -8.32104 1
      vertex 172.014 -9.12104 1
    endloop
  endfacet
  facet normal 1 0 0
    outer loop
      vertex 172.014 -8.32104 1
      vertex 172.014 -9.12104 0
      vertex 172.014 9.12104 0
    endloop
  endfacet
  facet normal 0 -1 0
    outer loop
      vertex 164.614 -8.32104 1
      vertex 172.014 -8.32104 1.2
      vertex 164.614 -8.32104 1.2
    endloop
  endfacet
  facet normal 0 -1 -0
    outer loop
      vertex 172.014 -8.32104 1.2
      vertex 164.614 -8.32104 1
      vertex 172.014 -8.32104 1
    endloop
  endfacet
  facet normal 0 -1 0
    outer loop
      vertex 164.614 -9.12104 0
      vertex 172.014 -9.12104 1
      vertex 164.614 -9.12104 1
    endloop
  endfacet
  facet normal 0 -1 -0
    outer loop
      vertex 172.014 -9.12104 1
      vertex 164.614 -9.12104 0
      vertex 172.014 -9.12104 0
    endloop
  endfacet
  facet normal -0 0 1
    outer loop
      vertex 164.614 9.12104 1
      vertex 172.014 8.32104 1
      vertex 172.014 9.12104 1
    endloop
  endfacet
  facet normal 0 0 1
    outer loop
      vertex 172.014 8.32104 1
      vertex 164.614 9.12104 1
      vertex 164.614 8.32104 1
    endloop
  endfacet
  facet normal 0 1 -0
    outer loop
      vertex 172.014 9.12104 0
      vertex 164.614 9.12104 1
      vertex 172.014 9.12104 1
    endloop
  endfacet
  facet normal 0 1 0
    outer loop
      vertex 164.614 9.12104 1
      vertex 172.014 9.12104 0
      vertex 164.614 9.12104 0
    endloop
  endfacet
  facet normal 0 1 -0
    outer loop
      vertex 172.014 8.32104 1
      vertex 164.614 8.32104 5
      vertex 172.014 8.32104 5
    endloop
  endfacet
  facet normal 0 1 0
    outer loop
      vertex 164.614 8.32104 5
      vertex 172.014 8.32104 1
      vertex 164.614 8.32104 1
    endloop
  endfacet
  facet normal -0 0 1
    outer loop
      vertex 164.614 8.32104 5
      vertex 172.014 -3.82104 5
      vertex 172.014 8.32104 5
    endloop
  endfacet
  facet normal 0 0 1
    outer loop
      vertex 172.014 -3.82104 5
      vertex 164.614 8.32104 5
      vertex 164.614 -3.82104 5
    endloop
  endfacet
  facet normal 0 -0.645181 0.76403
    outer loop
      vertex 164.614 -3.82104 5
      vertex 172.014 -8.32104 1.2
      vertex 172.014 -3.82104 5
    endloop
  endfacet
  facet normal 0 -0.645181 0.76403
    outer loop
      vertex 172.014 -8.32104 1.2
      vertex 164.614 -3.82104 5
      vertex 164.614 -8.32104 1.2
    endloop
  endfacet
endsolid OpenSCAD_Model
