solid OpenSCAD_Model
  facet normal 0.999465 -0 0.0327192
    outer loop
      vertex 8.73983 -6 4.01066
      vertex 8.75 -5.2 3.7
      vertex 8.73983 -5.2 4.01066
    endloop
  endfacet
  facet normal 0.999465 0 0.0327192
    outer loop
      vertex 8.75 -5.2 3.7
      vertex 8.73983 -6 4.01066
      vertex 8.75 -6 3.7
    endloop
  endfacet
  facet normal 0.68358 0 0.729875
    outer loop
      vertex 7.13189 -5.2 7.27124
      vertex 7.35876 -6 7.05876
      vertex 7.35876 -5.2 7.05876
    endloop
  endfacet
  facet normal 0.68358 0 0.729875
    outer loop
      vertex 7.35876 -6 7.05876
      vertex 7.13189 -5.2 7.27124
      vertex 7.13189 -6 7.27124
    endloop
  endfacet
  facet normal -0.91086 0 0.412715
    outer loop
      vertex -0.388428 -6 5.51775
      vertex -0.260145 -5.2 5.80087
      vertex -0.388428 -5.2 5.51775
    endloop
  endfacet
  facet normal -0.91086 0 0.412715
    outer loop
      vertex -0.260145 -5.2 5.80087
      vertex -0.388428 -6 5.51775
      vertex -0.260145 -6 5.80087
    endloop
  endfacet
  facet normal 0.973878 -0 0.22707
    outer loop
      vertex 8.58815 -6 4.92939
      vertex 8.65873 -5.2 4.62668
      vertex 8.58815 -5.2 4.92939
    endloop
  endfacet
  facet normal 0.973878 0 0.22707
    outer loop
      vertex 8.65873 -5.2 4.62668
      vertex 8.58815 -6 4.92939
      vertex 8.65873 -6 4.62668
    endloop
  endfacet
  facet normal 0.412734 0 0.910852
    outer loop
      vertex 5.81775 -5.2 8.08843
      vertex 6.10087 -6 7.96014
      vertex 6.10087 -5.2 7.96014
    endloop
  endfacet
  facet normal 0.412734 0 0.910852
    outer loop
      vertex 6.10087 -6 7.96014
      vertex 5.81775 -5.2 8.08843
      vertex 5.81775 -6 8.08843
    endloop
  endfacet
  facet normal -0.162886 0 0.986645
    outer loop
      vertex 3.07332 -5.2 8.35873
      vertex 3.38 -6 8.40936
      vertex 3.38 -5.2 8.40936
    endloop
  endfacet
  facet normal -0.162886 0 0.986645
    outer loop
      vertex 3.38 -6 8.40936
      vertex 3.07332 -5.2 8.35873
      vertex 3.07332 -6 8.35873
    endloop
  endfacet
  facet normal 0.995184 -0 0.0980256
    outer loop
      vertex 8.70936 -6 4.32
      vertex 8.73983 -5.2 4.01066
      vertex 8.70936 -5.2 4.32
    endloop
  endfacet
  facet normal 0.995184 0 0.0980256
    outer loop
      vertex 8.73983 -5.2 4.01066
      vertex 8.70936 -6 4.32
      vertex 8.73983 -6 4.01066
    endloop
  endfacet
  facet normal 0.986645 -0 0.162886
    outer loop
      vertex 8.65873 -6 4.62668
      vertex 8.70936 -5.2 4.32
      vertex 8.65873 -5.2 4.62668
    endloop
  endfacet
  facet normal 0.986645 0 0.162886
    outer loop
      vertex 8.70936 -5.2 4.32
      vertex 8.65873 -6 4.62668
      vertex 8.70936 -6 4.32
    endloop
  endfacet
  facet normal 0.849203 -0 0.528066
    outer loop
      vertex 7.94948 -6 6.33896
      vertex 8.11362 -5.2 6.075
      vertex 7.94948 -5.2 6.33896
    endloop
  endfacet
  facet normal 0.849203 0 0.528066
    outer loop
      vertex 8.11362 -5.2 6.075
      vertex 7.94948 -6 6.33896
      vertex 8.11362 -6 6.075
    endloop
  endfacet
  facet normal 0.910864 -0 0.412707
    outer loop
      vertex 8.26015 -6 5.80087
      vertex 8.38843 -5.2 5.51775
      vertex 8.26015 -5.2 5.80087
    endloop
  endfacet
  facet normal 0.910864 0 0.412707
    outer loop
      vertex 8.38843 -5.2 5.51775
      vertex 8.26015 -6 5.80087
      vertex 8.38843 -6 5.51775
    endloop
  endfacet
  facet normal 0.729875 -0 0.68358
    outer loop
      vertex 7.35876 -6 7.05876
      vertex 7.57124 -5.2 6.83189
      vertex 7.35876 -5.2 7.05876
    endloop
  endfacet
  facet normal 0.729875 0 0.68358
    outer loop
      vertex 7.57124 -5.2 6.83189
      vertex 7.35876 -6 7.05876
      vertex 7.57124 -6 6.83189
    endloop
  endfacet
  facet normal 0.58247 0 0.812852
    outer loop
      vertex 6.63896 -5.2 7.64948
      vertex 6.89162 -6 7.46843
      vertex 6.89162 -5.2 7.46843
    endloop
  endfacet
  facet normal 0.58247 0 0.812852
    outer loop
      vertex 6.89162 -6 7.46843
      vertex 6.63896 -5.2 7.64948
      vertex 6.63896 -6 7.64948
    endloop
  endfacet
  facet normal 0.0327192 0 0.999465
    outer loop
      vertex 4 -5.2 8.45
      vertex 4.31066 -6 8.43983
      vertex 4.31066 -5.2 8.43983
    endloop
  endfacet
  facet normal 0.0327192 0 0.999465
    outer loop
      vertex 4.31066 -6 8.43983
      vertex 4 -5.2 8.45
      vertex 4 -6 8.45
    endloop
  endfacet
  facet normal 0.352248 0 0.935907
    outer loop
      vertex 5.52684 -5.2 8.19792
      vertex 5.81775 -6 8.08843
      vertex 5.81775 -5.2 8.08843
    endloop
  endfacet
  facet normal 0.352248 0 0.935907
    outer loop
      vertex 5.81775 -6 8.08843
      vertex 5.52684 -5.2 8.19792
      vertex 5.52684 -6 8.19792
    endloop
  endfacet
  facet normal 0.22707 0 0.973878
    outer loop
      vertex 4.92668 -5.2 8.35873
      vertex 5.22939 -6 8.28815
      vertex 5.22939 -5.2 8.28815
    endloop
  endfacet
  facet normal 0.22707 0 0.973878
    outer loop
      vertex 5.22939 -6 8.28815
      vertex 4.92668 -5.2 8.35873
      vertex 4.92668 -6 8.35873
    endloop
  endfacet
  facet normal -0.999464 0 0.0327224
    outer loop
      vertex -0.75 -6 3.7
      vertex -0.739829 -5.2 4.01066
      vertex -0.75 -5.2 3.7
    endloop
  endfacet
  facet normal -0.999464 0 0.0327224
    outer loop
      vertex -0.739829 -5.2 4.01066
      vertex -0.75 -6 3.7
      vertex -0.739829 -6 4.01066
    endloop
  endfacet
  facet normal -0.935908 0 0.352245
    outer loop
      vertex -0.497917 -6 5.22684
      vertex -0.388428 -5.2 5.51775
      vertex -0.497917 -5.2 5.22684
    endloop
  endfacet
  facet normal -0.935908 0 0.352245
    outer loop
      vertex -0.388428 -5.2 5.51775
      vertex -0.497917 -6 5.22684
      vertex -0.388428 -6 5.51775
    endloop
  endfacet
  facet normal -0.973876 0 0.227079
    outer loop
      vertex -0.65873 -6 4.62668
      vertex -0.588147 -5.2 4.92939
      vertex -0.65873 -5.2 4.62668
    endloop
  endfacet
  facet normal -0.973876 0 0.227079
    outer loop
      vertex -0.588147 -5.2 4.92939
      vertex -0.65873 -6 4.62668
      vertex -0.588147 -6 4.92939
    endloop
  endfacet
  facet normal -0.729872 0 0.683584
    outer loop
      vertex 0.428761 -6 6.83189
      vertex 0.641243 -5.2 7.05876
      vertex 0.428761 -5.2 6.83189
    endloop
  endfacet
  facet normal -0.729872 0 0.683584
    outer loop
      vertex 0.641243 -5.2 7.05876
      vertex 0.428761 -6 6.83189
      vertex 0.641243 -6 7.05876
    endloop
  endfacet
  facet normal -0.0980256 0 0.995184
    outer loop
      vertex 3.38 -5.2 8.40936
      vertex 3.68934 -6 8.43983
      vertex 3.68934 -5.2 8.43983
    endloop
  endfacet
  facet normal -0.0980256 0 0.995184
    outer loop
      vertex 3.68934 -6 8.43983
      vertex 3.38 -5.2 8.40936
      vertex 3.38 -6 8.40936
    endloop
  endfacet
  facet normal -0.528066 0 0.849203
    outer loop
      vertex 1.36104 -5.2 7.64948
      vertex 1.625 -6 7.81362
      vertex 1.625 -5.2 7.81362
    endloop
  endfacet
  facet normal -0.528066 0 0.849203
    outer loop
      vertex 1.625 -6 7.81362
      vertex 1.36104 -5.2 7.64948
      vertex 1.36104 -6 7.64948
    endloop
  endfacet
  facet normal -0.412734 0 0.910852
    outer loop
      vertex 1.89913 -5.2 7.96014
      vertex 2.18225 -6 8.08843
      vertex 2.18225 -5.2 8.08843
    endloop
  endfacet
  facet normal -0.412734 0 0.910852
    outer loop
      vertex 2.18225 -6 8.08843
      vertex 1.89913 -5.2 7.96014
      vertex 1.89913 -6 7.96014
    endloop
  endfacet
  facet normal 0.935907 0 -0.352248
    outer loop
      vertex 8.49792 -6 2.17316
      vertex 8.38843 -5.2 1.88225
      vertex 8.49792 -5.2 2.17316
    endloop
  endfacet
  facet normal 0.935907 0 -0.352248
    outer loop
      vertex 8.38843 -5.2 1.88225
      vertex 8.49792 -6 2.17316
      vertex 8.38843 -6 1.88225
    endloop
  endfacet
  facet normal 0.0327192 0 -0.999465
    outer loop
      vertex 4 -6 -1.05
      vertex 4.31066 -5.2 -1.03983
      vertex 4.31066 -6 -1.03983
    endloop
  endfacet
  facet normal 0.0327192 0 -0.999465
    outer loop
      vertex 4.31066 -5.2 -1.03983
      vertex 4 -6 -1.05
      vertex 4 -5.2 -1.05
    endloop
  endfacet
  facet normal 0.412715 0 -0.91086
    outer loop
      vertex 5.81775 -6 -0.688428
      vertex 6.10087 -5.2 -0.560145
      vertex 6.10087 -6 -0.560145
    endloop
  endfacet
  facet normal 0.412715 0 -0.91086
    outer loop
      vertex 6.10087 -5.2 -0.560145
      vertex 5.81775 -6 -0.688428
      vertex 5.81775 -5.2 -0.688428
    endloop
  endfacet
  facet normal 0.729868 0 -0.683588
    outer loop
      vertex 7.57124 -6 0.568108
      vertex 7.35876 -5.2 0.341243
      vertex 7.57124 -5.2 0.568108
    endloop
  endfacet
  facet normal 0.729868 0 -0.683588
    outer loop
      vertex 7.35876 -5.2 0.341243
      vertex 7.57124 -6 0.568108
      vertex 7.35876 -6 0.341243
    endloop
  endfacet
  facet normal -0.352245 0 -0.935908
    outer loop
      vertex 2.18225 -6 -0.688428
      vertex 2.47316 -5.2 -0.797917
      vertex 2.47316 -6 -0.797917
    endloop
  endfacet
  facet normal -0.352245 0 -0.935908
    outer loop
      vertex 2.47316 -5.2 -0.797917
      vertex 2.18225 -6 -0.688428
      vertex 2.18225 -5.2 -0.688428
    endloop
  endfacet
  facet normal -0.683592 0 -0.729864
    outer loop
      vertex 0.641243 -6 0.341243
      vertex 0.868108 -5.2 0.128761
      vertex 0.868108 -6 0.128761
    endloop
  endfacet
  facet normal -0.683592 0 -0.729864
    outer loop
      vertex 0.868108 -5.2 0.128761
      vertex 0.641243 -6 0.341243
      vertex 0.641243 -5.2 0.341243
    endloop
  endfacet
  facet normal 0 -1 0
    outer loop
      vertex 4 -5.2 8.45
      vertex 4 -5.2 10.2
      vertex 3.57488 -5.2 10.1861
    endloop
  endfacet
  facet normal 0 -1 0
    outer loop
      vertex 3.68934 -5.2 8.43983
      vertex 3.57488 -5.2 10.1861
      vertex 3.15158 -5.2 10.1444
    endloop
  endfacet
  facet normal 0 -1 0
    outer loop
      vertex 4 -5.2 10.2
      vertex 4 -5.2 8.45
      vertex 4.42512 -5.2 10.1861
    endloop
  endfacet
  facet normal 0 -1 0
    outer loop
      vertex 3.38 -5.2 8.40936
      vertex 3.15158 -5.2 10.1444
      vertex 2.73191 -5.2 10.0751
    endloop
  endfacet
  facet normal 0 -1 0
    outer loop
      vertex 4.31066 -5.2 8.43983
      vertex 4.42512 -5.2 10.1861
      vertex 4 -5.2 8.45
    endloop
  endfacet
  facet normal 0 -1 0
    outer loop
      vertex 3.07332 -5.2 8.35873
      vertex 2.73191 -5.2 10.0751
      vertex 2.31768 -5.2 9.97852
    endloop
  endfacet
  facet normal 0 -1 -0
    outer loop
      vertex 4.42512 -5.2 10.1861
      vertex 4.31066 -5.2 8.43983
      vertex 4.84842 -5.2 10.1444
    endloop
  endfacet
  facet normal 0 -1 0
    outer loop
      vertex 2.77061 -5.2 8.28815
      vertex 2.31768 -5.2 9.97852
      vertex 1.91064 -5.2 9.85505
    endloop
  endfacet
  facet normal 0 -1 0
    outer loop
      vertex 4.62 -5.2 8.40936
      vertex 4.84842 -5.2 10.1444
      vertex 4.31066 -5.2 8.43983
    endloop
  endfacet
  facet normal 0 -1 0
    outer loop
      vertex 2.47316 -5.2 8.19792
      vertex 1.91064 -5.2 9.85505
      vertex 1.51256 -5.2 9.70522
    endloop
  endfacet
  facet normal 0 -1 -0
    outer loop
      vertex 4.84842 -5.2 10.1444
      vertex 4.62 -5.2 8.40936
      vertex 5.26809 -5.2 10.0751
    endloop
  endfacet
  facet normal 0 -1 0
    outer loop
      vertex 2.18225 -5.2 8.08843
      vertex 1.51256 -5.2 9.70522
      vertex 1.12512 -5.2 9.52967
    endloop
  endfacet
  facet normal 0 -1 0
    outer loop
      vertex 4.92668 -5.2 8.35873
      vertex 5.26809 -5.2 10.0751
      vertex 4.62 -5.2 8.40936
    endloop
  endfacet
  facet normal 0 -1 0
    outer loop
      vertex 1.89913 -5.2 7.96014
      vertex 1.12512 -5.2 9.52967
      vertex 0.75 -5.2 9.32916
    endloop
  endfacet
  facet normal 0 -1 -0
    outer loop
      vertex 5.26809 -5.2 10.0751
      vertex 4.92668 -5.2 8.35873
      vertex 5.68232 -5.2 9.97852
    endloop
  endfacet
  facet normal 0 -1 0
    outer loop
      vertex 1.625 -5.2 7.81362
      vertex 0.75 -5.2 9.32916
      vertex 0.388793 -5.2 9.10455
    endloop
  endfacet
  facet normal 0 -1 0
    outer loop
      vertex 5.22939 -5.2 8.28815
      vertex 5.68232 -5.2 9.97852
      vertex 4.92668 -5.2 8.35873
    endloop
  endfacet
  facet normal 0 -1 0
    outer loop
      vertex 1.36104 -5.2 7.64948
      vertex 0.388793 -5.2 9.10455
      vertex 0.0430498 -5.2 8.8568
    endloop
  endfacet
  facet normal 0 -1 -0
    outer loop
      vertex 5.68232 -5.2 9.97852
      vertex 5.22939 -5.2 8.28815
      vertex 6.08936 -5.2 9.85505
    endloop
  endfacet
  facet normal 0 -1 0
    outer loop
      vertex 1.10838 -5.2 7.46843
      vertex 0.0430498 -5.2 8.8568
      vertex -0.285748 -5.2 8.58696
    endloop
  endfacet
  facet normal 0 -1 0
    outer loop
      vertex 5.52684 -5.2 8.19792
      vertex 6.08936 -5.2 9.85505
      vertex 5.22939 -5.2 8.28815
    endloop
  endfacet
  facet normal 0 -1 -0
    outer loop
      vertex 6.08936 -5.2 9.85505
      vertex 5.52684 -5.2 8.19792
      vertex 6.48744 -5.2 9.70522
    endloop
  endfacet
  facet normal 0 -1 0
    outer loop
      vertex 3.57488 -5.2 10.1861
      vertex 3.68934 -5.2 8.43983
      vertex 4 -5.2 8.45
    endloop
  endfacet
  facet normal 0 -1 0
    outer loop
      vertex 3.15158 -5.2 10.1444
      vertex 3.38 -5.2 8.40936
      vertex 3.68934 -5.2 8.43983
    endloop
  endfacet
  facet normal 0 -1 0
    outer loop
      vertex 2.73191 -5.2 10.0751
      vertex 3.07332 -5.2 8.35873
      vertex 3.38 -5.2 8.40936
    endloop
  endfacet
  facet normal 0 -1 0
    outer loop
      vertex 0.868108 -5.2 7.27124
      vertex -0.285748 -5.2 8.58696
      vertex -0.596193 -5.2 8.29619
    endloop
  endfacet
  facet normal 0 -1 0
    outer loop
      vertex 2.31768 -5.2 9.97852
      vertex 2.77061 -5.2 8.28815
      vertex 3.07332 -5.2 8.35873
    endloop
  endfacet
  facet normal 0 -1 0
    outer loop
      vertex 1.91064 -5.2 9.85505
      vertex 2.47316 -5.2 8.19792
      vertex 2.77061 -5.2 8.28815
    endloop
  endfacet
  facet normal 0 -1 0
    outer loop
      vertex 1.51256 -5.2 9.70522
      vertex 2.18225 -5.2 8.08843
      vertex 2.47316 -5.2 8.19792
    endloop
  endfacet
  facet normal 0 -1 0
    outer loop
      vertex 0.641243 -5.2 7.05876
      vertex -0.596193 -5.2 8.29619
      vertex -0.886958 -5.2 7.98575
    endloop
  endfacet
  facet normal 0 -1 0
    outer loop
      vertex 1.12512 -5.2 9.52967
      vertex 1.89913 -5.2 7.96014
      vertex 2.18225 -5.2 8.08843
    endloop
  endfacet
  facet normal 0 -1 0
    outer loop
      vertex 0.75 -5.2 9.32916
      vertex 1.625 -5.2 7.81362
      vertex 1.89913 -5.2 7.96014
    endloop
  endfacet
  facet normal 0 -1 0
    outer loop
      vertex 0.428761 -5.2 6.83189
      vertex -0.886958 -5.2 7.98575
      vertex -1.1568 -5.2 7.65695
    endloop
  endfacet
  facet normal 0 -1 0
    outer loop
      vertex 0.388793 -5.2 9.10455
      vertex 1.36104 -5.2 7.64948
      vertex 1.625 -5.2 7.81362
    endloop
  endfacet
  facet normal 0 -1 0
    outer loop
      vertex 0.0430498 -5.2 8.8568
      vertex 1.10838 -5.2 7.46843
      vertex 1.36104 -5.2 7.64948
    endloop
  endfacet
  facet normal 0 -1 0
    outer loop
      vertex 0.231572 -5.2 6.59162
      vertex -1.1568 -5.2 7.65695
      vertex -1.40455 -5.2 7.31121
    endloop
  endfacet
  facet normal 0 -1 0
    outer loop
      vertex -0.285748 -5.2 8.58696
      vertex 0.868108 -5.2 7.27124
      vertex 1.10838 -5.2 7.46843
    endloop
  endfacet
  facet normal 0 -1 0
    outer loop
      vertex -0.596193 -5.2 8.29619
      vertex 0.641243 -5.2 7.05876
      vertex 0.868108 -5.2 7.27124
    endloop
  endfacet
  facet normal 0 -1 0
    outer loop
      vertex 0.0505199 -5.2 6.33896
      vertex -1.40455 -5.2 7.31121
      vertex -1.62916 -5.2 6.95
    endloop
  endfacet
  facet normal 0 -1 0
    outer loop
      vertex -0.886958 -5.2 7.98575
      vertex 0.428761 -5.2 6.83189
      vertex 0.641243 -5.2 7.05876
    endloop
  endfacet
  facet normal 0 -1 0
    outer loop
      vertex -1.1568 -5.2 7.65695
      vertex 0.231572 -5.2 6.59162
      vertex 0.428761 -5.2 6.83189
    endloop
  endfacet
  facet normal 0 -1 0
    outer loop
      vertex -0.11362 -5.2 6.075
      vertex -1.62916 -5.2 6.95
      vertex -1.82967 -5.2 6.57488
    endloop
  endfacet
  facet normal 0 -1 0
    outer loop
      vertex -1.40455 -5.2 7.31121
      vertex 0.0505199 -5.2 6.33896
      vertex 0.231572 -5.2 6.59162
    endloop
  endfacet
  facet normal 0 -1 0
    outer loop
      vertex -0.260145 -5.2 5.80087
      vertex -1.82967 -5.2 6.57488
      vertex -2.00522 -5.2 6.18744
    endloop
  endfacet
  facet normal 0 -1 0
    outer loop
      vertex -1.62916 -5.2 6.95
      vertex -0.11362 -5.2 6.075
      vertex 0.0505199 -5.2 6.33896
    endloop
  endfacet
  facet normal 0 -1 0
    outer loop
      vertex -1.82967 -5.2 6.57488
      vertex -0.260145 -5.2 5.80087
      vertex -0.11362 -5.2 6.075
    endloop
  endfacet
  facet normal 0 -1 0
    outer loop
      vertex -0.388428 -5.2 5.51775
      vertex -2.00522 -5.2 6.18744
      vertex -2.15505 -5.2 5.78936
    endloop
  endfacet
  facet normal 0 -1 0
    outer loop
      vertex -2.00522 -5.2 6.18744
      vertex -0.388428 -5.2 5.51775
      vertex -0.260145 -5.2 5.80087
    endloop
  endfacet
  facet normal 0 -1 0
    outer loop
      vertex -0.497917 -5.2 5.22684
      vertex -2.15505 -5.2 5.78936
      vertex -2.27852 -5.2 5.38232
    endloop
  endfacet
  facet normal 0 -1 0
    outer loop
      vertex -2.15505 -5.2 5.78936
      vertex -0.497917 -5.2 5.22684
      vertex -0.388428 -5.2 5.51775
    endloop
  endfacet
  facet normal 0 -1 0
    outer loop
      vertex -0.588147 -5.2 4.92939
      vertex -2.27852 -5.2 5.38232
      vertex -2.3751 -5.2 4.96809
    endloop
  endfacet
  facet normal 0 -1 0
    outer loop
      vertex -2.27852 -5.2 5.38232
      vertex -0.588147 -5.2 4.92939
      vertex -0.497917 -5.2 5.22684
    endloop
  endfacet
  facet normal 0 -1 0
    outer loop
      vertex -2.3751 -5.2 4.96809
      vertex -0.65873 -5.2 4.62668
      vertex -0.588147 -5.2 4.92939
    endloop
  endfacet
  facet normal 0 -1 0
    outer loop
      vertex -2.44439 -5.2 4.54842
      vertex -0.65873 -5.2 4.62668
      vertex -2.3751 -5.2 4.96809
    endloop
  endfacet
  facet normal 0 -1 0
    outer loop
      vertex -2.44439 -5.2 4.54842
      vertex -0.709363 -5.2 4.32
      vertex -0.65873 -5.2 4.62668
    endloop
  endfacet
  facet normal 0 -1 0
    outer loop
      vertex -2.48608 -5.2 4.12512
      vertex -0.709363 -5.2 4.32
      vertex -2.44439 -5.2 4.54842
    endloop
  endfacet
  facet normal 0 -1 0
    outer loop
      vertex -2.48608 -5.2 4.12512
      vertex -0.739829 -5.2 4.01066
      vertex -0.709363 -5.2 4.32
    endloop
  endfacet
  facet normal 0 -1 0
    outer loop
      vertex -2.48608 -5.2 4.12512
      vertex -0.75 -5.2 3.7
      vertex -0.739829 -5.2 4.01066
    endloop
  endfacet
  facet normal 0 -1 0
    outer loop
      vertex -2.5 -5.2 3.7
      vertex -0.75 -5.2 3.7
      vertex -2.48608 -5.2 4.12512
    endloop
  endfacet
  facet normal 0 -1 0
    outer loop
      vertex -2.5 -5.2 3.7
      vertex -0.739829 -5.2 3.38934
      vertex -0.75 -5.2 3.7
    endloop
  endfacet
  facet normal 0 -1 0
    outer loop
      vertex -2.48608 -5.2 3.27488
      vertex -0.739829 -5.2 3.38934
      vertex -2.5 -5.2 3.7
    endloop
  endfacet
  facet normal 0 -1 0
    outer loop
      vertex -2.48608 -5.2 3.27488
      vertex -0.709363 -5.2 3.08
      vertex -0.739829 -5.2 3.38934
    endloop
  endfacet
  facet normal 0 -1 0
    outer loop
      vertex -2.44439 -5.2 2.85158
      vertex -0.709363 -5.2 3.08
      vertex -2.48608 -5.2 3.27488
    endloop
  endfacet
  facet normal 0 -1 0
    outer loop
      vertex -2.44439 -5.2 2.85158
      vertex -0.65873 -5.2 2.77332
      vertex -0.709363 -5.2 3.08
    endloop
  endfacet
  facet normal 0 -1 0
    outer loop
      vertex -2.3751 -5.2 2.43191
      vertex -0.65873 -5.2 2.77332
      vertex -2.44439 -5.2 2.85158
    endloop
  endfacet
  facet normal 0 -1 -0
    outer loop
      vertex -0.65873 -5.2 2.77332
      vertex -2.3751 -5.2 2.43191
      vertex -0.588147 -5.2 2.47061
    endloop
  endfacet
  facet normal 0 -1 0
    outer loop
      vertex -2.27852 -5.2 2.01768
      vertex -0.588147 -5.2 2.47061
      vertex -2.3751 -5.2 2.43191
    endloop
  endfacet
  facet normal 0 -1 -0
    outer loop
      vertex -0.588147 -5.2 2.47061
      vertex -2.27852 -5.2 2.01768
      vertex -0.497917 -5.2 2.17316
    endloop
  endfacet
  facet normal 0 -1 0
    outer loop
      vertex -2.15505 -5.2 1.61064
      vertex -0.497917 -5.2 2.17316
      vertex -2.27852 -5.2 2.01768
    endloop
  endfacet
  facet normal 0 -1 -0
    outer loop
      vertex -0.497917 -5.2 2.17316
      vertex -2.15505 -5.2 1.61064
      vertex -0.388428 -5.2 1.88225
    endloop
  endfacet
  facet normal 0 -1 0
    outer loop
      vertex -2.00522 -5.2 1.21256
      vertex -0.388428 -5.2 1.88225
      vertex -2.15505 -5.2 1.61064
    endloop
  endfacet
  facet normal 0 -1 -0
    outer loop
      vertex -0.388428 -5.2 1.88225
      vertex -2.00522 -5.2 1.21256
      vertex -0.260145 -5.2 1.59913
    endloop
  endfacet
  facet normal 0 -1 0
    outer loop
      vertex -1.82967 -5.2 0.825123
      vertex -0.260145 -5.2 1.59913
      vertex -2.00522 -5.2 1.21256
    endloop
  endfacet
  facet normal 0 -1 -0
    outer loop
      vertex -0.260145 -5.2 1.59913
      vertex -1.82967 -5.2 0.825123
      vertex -0.11362 -5.2 1.325
    endloop
  endfacet
  facet normal 0 -1 0
    outer loop
      vertex -1.62916 -5.2 0.45
      vertex -0.11362 -5.2 1.325
      vertex -1.82967 -5.2 0.825123
    endloop
  endfacet
  facet normal 0 -1 -0
    outer loop
      vertex -0.11362 -5.2 1.325
      vertex -1.62916 -5.2 0.45
      vertex 0.0505199 -5.2 1.06104
    endloop
  endfacet
  facet normal 0 -1 0
    outer loop
      vertex -1.40455 -5.2 0.0887928
      vertex 0.0505199 -5.2 1.06104
      vertex -1.62916 -5.2 0.45
    endloop
  endfacet
  facet normal 0 -1 -0
    outer loop
      vertex 0.0505199 -5.2 1.06104
      vertex -1.40455 -5.2 0.0887928
      vertex 0.231572 -5.2 0.808384
    endloop
  endfacet
  facet normal 0 -1 0
    outer loop
      vertex -1.1568 -5.2 -0.256948
      vertex 0.231572 -5.2 0.808384
      vertex -1.40455 -5.2 0.0887928
    endloop
  endfacet
  facet normal 0 -1 -0
    outer loop
      vertex 0.231572 -5.2 0.808384
      vertex -1.1568 -5.2 -0.256948
      vertex 0.428761 -5.2 0.568108
    endloop
  endfacet
  facet normal 0 -1 0
    outer loop
      vertex -0.886958 -5.2 -0.585748
      vertex 0.428761 -5.2 0.568108
      vertex -1.1568 -5.2 -0.256948
    endloop
  endfacet
  facet normal 0 -1 -0
    outer loop
      vertex 0.428761 -5.2 0.568108
      vertex -0.886958 -5.2 -0.585748
      vertex 0.641243 -5.2 0.341243
    endloop
  endfacet
  facet normal 0 -1 0
    outer loop
      vertex -0.596193 -5.2 -0.896194
      vertex 0.641243 -5.2 0.341243
      vertex -0.886958 -5.2 -0.585748
    endloop
  endfacet
  facet normal 0 -1 -0
    outer loop
      vertex 0.641243 -5.2 0.341243
      vertex -0.596193 -5.2 -0.896194
      vertex 0.868108 -5.2 0.128761
    endloop
  endfacet
  facet normal 0 -1 0
    outer loop
      vertex -0.285748 -5.2 -1.18696
      vertex 0.868108 -5.2 0.128761
      vertex -0.596193 -5.2 -0.896194
    endloop
  endfacet
  facet normal 0 -1 -0
    outer loop
      vertex 0.868108 -5.2 0.128761
      vertex -0.285748 -5.2 -1.18696
      vertex 1.10838 -5.2 -0.0684278
    endloop
  endfacet
  facet normal 0 -1 0
    outer loop
      vertex 0.0430498 -5.2 -1.4568
      vertex 1.10838 -5.2 -0.0684278
      vertex -0.285748 -5.2 -1.18696
    endloop
  endfacet
  facet normal 0 -1 -0
    outer loop
      vertex 1.10838 -5.2 -0.0684278
      vertex 0.0430498 -5.2 -1.4568
      vertex 1.36104 -5.2 -0.24948
    endloop
  endfacet
  facet normal 0 -1 0
    outer loop
      vertex 0.388793 -5.2 -1.70455
      vertex 1.36104 -5.2 -0.24948
      vertex 0.0430498 -5.2 -1.4568
    endloop
  endfacet
  facet normal 0 -1 -0
    outer loop
      vertex 1.36104 -5.2 -0.24948
      vertex 0.388793 -5.2 -1.70455
      vertex 1.625 -5.2 -0.41362
    endloop
  endfacet
  facet normal 0 -1 0
    outer loop
      vertex 0.75 -5.2 -1.92916
      vertex 1.625 -5.2 -0.41362
      vertex 0.388793 -5.2 -1.70455
    endloop
  endfacet
  facet normal 0 -1 -0
    outer loop
      vertex 1.625 -5.2 -0.41362
      vertex 0.75 -5.2 -1.92916
      vertex 1.89913 -5.2 -0.560145
    endloop
  endfacet
  facet normal 0 -1 0
    outer loop
      vertex 1.12512 -5.2 -2.12967
      vertex 1.89913 -5.2 -0.560145
      vertex 0.75 -5.2 -1.92916
    endloop
  endfacet
  facet normal 0 -1 -0
    outer loop
      vertex 1.89913 -5.2 -0.560145
      vertex 1.12512 -5.2 -2.12967
      vertex 2.18225 -5.2 -0.688428
    endloop
  endfacet
  facet normal 0 -1 -0
    outer loop
      vertex 2.18225 -5.2 -0.688428
      vertex 1.51256 -5.2 -2.30522
      vertex 2.47316 -5.2 -0.797917
    endloop
  endfacet
  facet normal 0 -1 0
    outer loop
      vertex 1.51256 -5.2 -2.30522
      vertex 2.18225 -5.2 -0.688428
      vertex 1.12512 -5.2 -2.12967
    endloop
  endfacet
  facet normal 0 -1 0
    outer loop
      vertex 5.81775 -5.2 8.08843
      vertex 6.48744 -5.2 9.70522
      vertex 5.52684 -5.2 8.19792
    endloop
  endfacet
  facet normal 0 -1 -0
    outer loop
      vertex 6.48744 -5.2 9.70522
      vertex 5.81775 -5.2 8.08843
      vertex 6.87488 -5.2 9.52967
    endloop
  endfacet
  facet normal 0 -1 0
    outer loop
      vertex 6.10087 -5.2 7.96014
      vertex 6.87488 -5.2 9.52967
      vertex 5.81775 -5.2 8.08843
    endloop
  endfacet
  facet normal 0 -1 -0
    outer loop
      vertex 6.87488 -5.2 9.52967
      vertex 6.10087 -5.2 7.96014
      vertex 7.25 -5.2 9.32916
    endloop
  endfacet
  facet normal 0 -1 0
    outer loop
      vertex 6.375 -5.2 7.81362
      vertex 7.25 -5.2 9.32916
      vertex 6.10087 -5.2 7.96014
    endloop
  endfacet
  facet normal 0 -1 -0
    outer loop
      vertex 7.25 -5.2 9.32916
      vertex 6.375 -5.2 7.81362
      vertex 7.61121 -5.2 9.10455
    endloop
  endfacet
  facet normal 0 -1 0
    outer loop
      vertex 6.63896 -5.2 7.64948
      vertex 7.61121 -5.2 9.10455
      vertex 6.375 -5.2 7.81362
    endloop
  endfacet
  facet normal 0 -1 -0
    outer loop
      vertex 7.61121 -5.2 9.10455
      vertex 6.63896 -5.2 7.64948
      vertex 7.95695 -5.2 8.8568
    endloop
  endfacet
  facet normal 0 -1 0
    outer loop
      vertex 6.89162 -5.2 7.46843
      vertex 7.95695 -5.2 8.8568
      vertex 6.63896 -5.2 7.64948
    endloop
  endfacet
  facet normal 0 -1 -0
    outer loop
      vertex 7.95695 -5.2 8.8568
      vertex 6.89162 -5.2 7.46843
      vertex 8.28575 -5.2 8.58696
    endloop
  endfacet
  facet normal 0 -1 0
    outer loop
      vertex 7.13189 -5.2 7.27124
      vertex 8.28575 -5.2 8.58696
      vertex 6.89162 -5.2 7.46843
    endloop
  endfacet
  facet normal 0 -1 -0
    outer loop
      vertex 8.28575 -5.2 8.58696
      vertex 7.13189 -5.2 7.27124
      vertex 8.59619 -5.2 8.29619
    endloop
  endfacet
  facet normal 0 -1 0
    outer loop
      vertex 7.35876 -5.2 7.05876
      vertex 8.59619 -5.2 8.29619
      vertex 7.13189 -5.2 7.27124
    endloop
  endfacet
  facet normal 0 -1 -0
    outer loop
      vertex 8.59619 -5.2 8.29619
      vertex 7.35876 -5.2 7.05876
      vertex 8.88696 -5.2 7.98575
    endloop
  endfacet
  facet normal 0 -1 0
    outer loop
      vertex 7.57124 -5.2 6.83189
      vertex 8.88696 -5.2 7.98575
      vertex 7.35876 -5.2 7.05876
    endloop
  endfacet
  facet normal 0 -1 -0
    outer loop
      vertex 8.88696 -5.2 7.98575
      vertex 7.57124 -5.2 6.83189
      vertex 9.1568 -5.2 7.65695
    endloop
  endfacet
  facet normal 0 -1 0
    outer loop
      vertex 7.76843 -5.2 6.59162
      vertex 9.1568 -5.2 7.65695
      vertex 7.57124 -5.2 6.83189
    endloop
  endfacet
  facet normal 0 -1 -0
    outer loop
      vertex 9.1568 -5.2 7.65695
      vertex 7.76843 -5.2 6.59162
      vertex 9.40455 -5.2 7.31121
    endloop
  endfacet
  facet normal 0 -1 0
    outer loop
      vertex 7.94948 -5.2 6.33896
      vertex 9.40455 -5.2 7.31121
      vertex 7.76843 -5.2 6.59162
    endloop
  endfacet
  facet normal 0 -1 -0
    outer loop
      vertex 9.40455 -5.2 7.31121
      vertex 7.94948 -5.2 6.33896
      vertex 9.62916 -5.2 6.95
    endloop
  endfacet
  facet normal 0 -1 0
    outer loop
      vertex 8.11362 -5.2 6.075
      vertex 9.62916 -5.2 6.95
      vertex 7.94948 -5.2 6.33896
    endloop
  endfacet
  facet normal 0 -1 -0
    outer loop
      vertex 9.62916 -5.2 6.95
      vertex 8.11362 -5.2 6.075
      vertex 9.82967 -5.2 6.57488
    endloop
  endfacet
  facet normal 0 -1 0
    outer loop
      vertex 8.26015 -5.2 5.80087
      vertex 9.82967 -5.2 6.57488
      vertex 8.11362 -5.2 6.075
    endloop
  endfacet
  facet normal 0 -1 -0
    outer loop
      vertex 9.82967 -5.2 6.57488
      vertex 8.26015 -5.2 5.80087
      vertex 10.0052 -5.2 6.18744
    endloop
  endfacet
  facet normal 0 -1 0
    outer loop
      vertex 8.38843 -5.2 5.51775
      vertex 10.0052 -5.2 6.18744
      vertex 8.26015 -5.2 5.80087
    endloop
  endfacet
  facet normal 0 -1 -0
    outer loop
      vertex 10.0052 -5.2 6.18744
      vertex 8.38843 -5.2 5.51775
      vertex 10.155 -5.2 5.78936
    endloop
  endfacet
  facet normal 0 -1 0
    outer loop
      vertex 8.49792 -5.2 5.22684
      vertex 10.155 -5.2 5.78936
      vertex 8.38843 -5.2 5.51775
    endloop
  endfacet
  facet normal 0 -1 -0
    outer loop
      vertex 10.155 -5.2 5.78936
      vertex 8.49792 -5.2 5.22684
      vertex 10.2785 -5.2 5.38232
    endloop
  endfacet
  facet normal 0 -1 0
    outer loop
      vertex 8.58815 -5.2 4.92939
      vertex 10.2785 -5.2 5.38232
      vertex 8.49792 -5.2 5.22684
    endloop
  endfacet
  facet normal 0 -1 -0
    outer loop
      vertex 10.2785 -5.2 5.38232
      vertex 8.58815 -5.2 4.92939
      vertex 10.3751 -5.2 4.96809
    endloop
  endfacet
  facet normal 0 -1 0
    outer loop
      vertex 8.65873 -5.2 4.62668
      vertex 10.3751 -5.2 4.96809
      vertex 8.58815 -5.2 4.92939
    endloop
  endfacet
  facet normal 0 -1 0
    outer loop
      vertex 8.65873 -5.2 4.62668
      vertex 10.4444 -5.2 4.54842
      vertex 10.3751 -5.2 4.96809
    endloop
  endfacet
  facet normal 0 -1 0
    outer loop
      vertex 8.70936 -5.2 4.32
      vertex 10.4444 -5.2 4.54842
      vertex 8.65873 -5.2 4.62668
    endloop
  endfacet
  facet normal 0 -1 0
    outer loop
      vertex 8.70936 -5.2 4.32
      vertex 10.4861 -5.2 4.12512
      vertex 10.4444 -5.2 4.54842
    endloop
  endfacet
  facet normal 0 -1 0
    outer loop
      vertex 8.73983 -5.2 4.01066
      vertex 10.4861 -5.2 4.12512
      vertex 8.70936 -5.2 4.32
    endloop
  endfacet
  facet normal 0 -1 0
    outer loop
      vertex 8.75 -5.2 3.7
      vertex 10.4861 -5.2 4.12512
      vertex 8.73983 -5.2 4.01066
    endloop
  endfacet
  facet normal 0 -1 0
    outer loop
      vertex 8.75 -5.2 3.7
      vertex 10.5 -5.2 3.7
      vertex 10.4861 -5.2 4.12512
    endloop
  endfacet
  facet normal 0 -1 0
    outer loop
      vertex 8.73983 -5.2 3.38934
      vertex 10.5 -5.2 3.7
      vertex 8.75 -5.2 3.7
    endloop
  endfacet
  facet normal 0 -1 0
    outer loop
      vertex 8.73983 -5.2 3.38934
      vertex 10.4861 -5.2 3.27488
      vertex 10.5 -5.2 3.7
    endloop
  endfacet
  facet normal 0 -1 0
    outer loop
      vertex 8.70936 -5.2 3.08
      vertex 10.4861 -5.2 3.27488
      vertex 8.73983 -5.2 3.38934
    endloop
  endfacet
  facet normal 0 -1 0
    outer loop
      vertex 8.70936 -5.2 3.08
      vertex 10.4444 -5.2 2.85158
      vertex 10.4861 -5.2 3.27488
    endloop
  endfacet
  facet normal 0 -1 0
    outer loop
      vertex 8.65873 -5.2 2.77332
      vertex 10.4444 -5.2 2.85158
      vertex 8.70936 -5.2 3.08
    endloop
  endfacet
  facet normal 0 -1 0
    outer loop
      vertex 10.3751 -5.2 2.43191
      vertex 8.65873 -5.2 2.77332
      vertex 8.58815 -5.2 2.47061
    endloop
  endfacet
  facet normal 0 -1 0
    outer loop
      vertex 8.65873 -5.2 2.77332
      vertex 10.3751 -5.2 2.43191
      vertex 10.4444 -5.2 2.85158
    endloop
  endfacet
  facet normal 0 -1 0
    outer loop
      vertex 10.2785 -5.2 2.01768
      vertex 8.58815 -5.2 2.47061
      vertex 8.49792 -5.2 2.17316
    endloop
  endfacet
  facet normal 0 -1 0
    outer loop
      vertex 8.58815 -5.2 2.47061
      vertex 10.2785 -5.2 2.01768
      vertex 10.3751 -5.2 2.43191
    endloop
  endfacet
  facet normal 0 -1 0
    outer loop
      vertex 10.155 -5.2 1.61064
      vertex 8.49792 -5.2 2.17316
      vertex 8.38843 -5.2 1.88225
    endloop
  endfacet
  facet normal 0 -1 0
    outer loop
      vertex 8.49792 -5.2 2.17316
      vertex 10.155 -5.2 1.61064
      vertex 10.2785 -5.2 2.01768
    endloop
  endfacet
  facet normal 0 -1 0
    outer loop
      vertex 10.0052 -5.2 1.21256
      vertex 8.38843 -5.2 1.88225
      vertex 8.26015 -5.2 1.59913
    endloop
  endfacet
  facet normal 0 -1 0
    outer loop
      vertex 9.82967 -5.2 0.825123
      vertex 8.26015 -5.2 1.59913
      vertex 8.11362 -5.2 1.325
    endloop
  endfacet
  facet normal 0 -1 0
    outer loop
      vertex 8.38843 -5.2 1.88225
      vertex 10.0052 -5.2 1.21256
      vertex 10.155 -5.2 1.61064
    endloop
  endfacet
  facet normal 0 -1 0
    outer loop
      vertex 9.62916 -5.2 0.45
      vertex 8.11362 -5.2 1.325
      vertex 7.94948 -5.2 1.06104
    endloop
  endfacet
  facet normal 0 -1 0
    outer loop
      vertex 8.26015 -5.2 1.59913
      vertex 9.82967 -5.2 0.825123
      vertex 10.0052 -5.2 1.21256
    endloop
  endfacet
  facet normal 0 -1 0
    outer loop
      vertex 9.40455 -5.2 0.0887928
      vertex 7.94948 -5.2 1.06104
      vertex 7.76843 -5.2 0.808384
    endloop
  endfacet
  facet normal 0 -1 0
    outer loop
      vertex 9.1568 -5.2 -0.256948
      vertex 7.76843 -5.2 0.808384
      vertex 7.57124 -5.2 0.568108
    endloop
  endfacet
  facet normal 0 -1 0
    outer loop
      vertex 8.11362 -5.2 1.325
      vertex 9.62916 -5.2 0.45
      vertex 9.82967 -5.2 0.825123
    endloop
  endfacet
  facet normal 0 -1 0
    outer loop
      vertex 8.88696 -5.2 -0.585748
      vertex 7.57124 -5.2 0.568108
      vertex 7.35876 -5.2 0.341243
    endloop
  endfacet
  facet normal 0 -1 0
    outer loop
      vertex 8.59619 -5.2 -0.896194
      vertex 7.35876 -5.2 0.341243
      vertex 7.13189 -5.2 0.128761
    endloop
  endfacet
  facet normal 0 -1 0
    outer loop
      vertex 7.94948 -5.2 1.06104
      vertex 9.40455 -5.2 0.0887928
      vertex 9.62916 -5.2 0.45
    endloop
  endfacet
  facet normal 0 -1 0
    outer loop
      vertex 8.28575 -5.2 -1.18696
      vertex 7.13189 -5.2 0.128761
      vertex 6.89162 -5.2 -0.0684278
    endloop
  endfacet
  facet normal 0 -1 0
    outer loop
      vertex 7.95695 -5.2 -1.4568
      vertex 6.89162 -5.2 -0.0684278
      vertex 6.63896 -5.2 -0.24948
    endloop
  endfacet
  facet normal 0 -1 0
    outer loop
      vertex 7.76843 -5.2 0.808384
      vertex 9.1568 -5.2 -0.256948
      vertex 9.40455 -5.2 0.0887928
    endloop
  endfacet
  facet normal 0 -1 0
    outer loop
      vertex 7.61121 -5.2 -1.70455
      vertex 6.63896 -5.2 -0.24948
      vertex 6.375 -5.2 -0.41362
    endloop
  endfacet
  facet normal 0 -1 0
    outer loop
      vertex 7.25 -5.2 -1.92916
      vertex 6.375 -5.2 -0.41362
      vertex 6.10087 -5.2 -0.560145
    endloop
  endfacet
  facet normal 0 -1 0
    outer loop
      vertex 7.57124 -5.2 0.568108
      vertex 8.88696 -5.2 -0.585748
      vertex 9.1568 -5.2 -0.256948
    endloop
  endfacet
  facet normal 0 -1 0
    outer loop
      vertex 6.87488 -5.2 -2.12967
      vertex 6.10087 -5.2 -0.560145
      vertex 5.81775 -5.2 -0.688428
    endloop
  endfacet
  facet normal 0 -1 0
    outer loop
      vertex 6.48744 -5.2 -2.30522
      vertex 5.81775 -5.2 -0.688428
      vertex 5.52684 -5.2 -0.797917
    endloop
  endfacet
  facet normal 0 -1 0
    outer loop
      vertex 6.08936 -5.2 -2.45505
      vertex 5.52684 -5.2 -0.797917
      vertex 5.22939 -5.2 -0.888147
    endloop
  endfacet
  facet normal 0 -1 0
    outer loop
      vertex 7.35876 -5.2 0.341243
      vertex 8.59619 -5.2 -0.896194
      vertex 8.88696 -5.2 -0.585748
    endloop
  endfacet
  facet normal 0 -1 0
    outer loop
      vertex 5.68232 -5.2 -2.57852
      vertex 5.22939 -5.2 -0.888147
      vertex 4.92668 -5.2 -0.95873
    endloop
  endfacet
  facet normal 0 -1 0
    outer loop
      vertex 5.26809 -5.2 -2.6751
      vertex 4.92668 -5.2 -0.95873
      vertex 4.62 -5.2 -1.00936
    endloop
  endfacet
  facet normal 0 -1 0
    outer loop
      vertex 4.84842 -5.2 -2.74439
      vertex 4.62 -5.2 -1.00936
      vertex 4.31066 -5.2 -1.03983
    endloop
  endfacet
  facet normal 0 -1 0
    outer loop
      vertex 7.13189 -5.2 0.128761
      vertex 8.28575 -5.2 -1.18696
      vertex 8.59619 -5.2 -0.896194
    endloop
  endfacet
  facet normal 0 -1 0
    outer loop
      vertex 4.42512 -5.2 -2.78608
      vertex 4.31066 -5.2 -1.03983
      vertex 4 -5.2 -1.05
    endloop
  endfacet
  facet normal 0 -1 0
    outer loop
      vertex 1.91064 -5.2 -2.45505
      vertex 2.47316 -5.2 -0.797917
      vertex 1.51256 -5.2 -2.30522
    endloop
  endfacet
  facet normal 0 -1 -0
    outer loop
      vertex 2.47316 -5.2 -0.797917
      vertex 1.91064 -5.2 -2.45505
      vertex 2.77061 -5.2 -0.888147
    endloop
  endfacet
  facet normal 0 -1 0
    outer loop
      vertex 6.89162 -5.2 -0.0684278
      vertex 7.95695 -5.2 -1.4568
      vertex 8.28575 -5.2 -1.18696
    endloop
  endfacet
  facet normal 0 -1 0
    outer loop
      vertex 2.31768 -5.2 -2.57852
      vertex 2.77061 -5.2 -0.888147
      vertex 1.91064 -5.2 -2.45505
    endloop
  endfacet
  facet normal 0 -1 0
    outer loop
      vertex 6.63896 -5.2 -0.24948
      vertex 7.61121 -5.2 -1.70455
      vertex 7.95695 -5.2 -1.4568
    endloop
  endfacet
  facet normal 0 -1 -0
    outer loop
      vertex 2.77061 -5.2 -0.888147
      vertex 2.31768 -5.2 -2.57852
      vertex 3.07332 -5.2 -0.95873
    endloop
  endfacet
  facet normal 0 -1 0
    outer loop
      vertex 6.375 -5.2 -0.41362
      vertex 7.25 -5.2 -1.92916
      vertex 7.61121 -5.2 -1.70455
    endloop
  endfacet
  facet normal 0 -1 0
    outer loop
      vertex 2.73191 -5.2 -2.6751
      vertex 3.07332 -5.2 -0.95873
      vertex 2.31768 -5.2 -2.57852
    endloop
  endfacet
  facet normal 0 -1 0
    outer loop
      vertex 6.10087 -5.2 -0.560145
      vertex 6.87488 -5.2 -2.12967
      vertex 7.25 -5.2 -1.92916
    endloop
  endfacet
  facet normal 0 -1 -0
    outer loop
      vertex 3.07332 -5.2 -0.95873
      vertex 2.73191 -5.2 -2.6751
      vertex 3.38 -5.2 -1.00936
    endloop
  endfacet
  facet normal 0 -1 0
    outer loop
      vertex 5.81775 -5.2 -0.688428
      vertex 6.48744 -5.2 -2.30522
      vertex 6.87488 -5.2 -2.12967
    endloop
  endfacet
  facet normal 0 -1 0
    outer loop
      vertex 3.15158 -5.2 -2.74439
      vertex 3.38 -5.2 -1.00936
      vertex 2.73191 -5.2 -2.6751
    endloop
  endfacet
  facet normal 0 -1 0
    outer loop
      vertex 5.52684 -5.2 -0.797917
      vertex 6.08936 -5.2 -2.45505
      vertex 6.48744 -5.2 -2.30522
    endloop
  endfacet
  facet normal 0 -1 -0
    outer loop
      vertex 3.38 -5.2 -1.00936
      vertex 3.15158 -5.2 -2.74439
      vertex 3.68934 -5.2 -1.03983
    endloop
  endfacet
  facet normal 0 -1 0
    outer loop
      vertex 5.22939 -5.2 -0.888147
      vertex 5.68232 -5.2 -2.57852
      vertex 6.08936 -5.2 -2.45505
    endloop
  endfacet
  facet normal 0 -1 0
    outer loop
      vertex 3.57488 -5.2 -2.78608
      vertex 3.68934 -5.2 -1.03983
      vertex 3.15158 -5.2 -2.74439
    endloop
  endfacet
  facet normal 0 -1 0
    outer loop
      vertex 4.92668 -5.2 -0.95873
      vertex 5.26809 -5.2 -2.6751
      vertex 5.68232 -5.2 -2.57852
    endloop
  endfacet
  facet normal 0 -1 -0
    outer loop
      vertex 3.68934 -5.2 -1.03983
      vertex 3.57488 -5.2 -2.78608
      vertex 4 -5.2 -1.05
    endloop
  endfacet
  facet normal 0 -1 0
    outer loop
      vertex 4.62 -5.2 -1.00936
      vertex 4.84842 -5.2 -2.74439
      vertex 5.26809 -5.2 -2.6751
    endloop
  endfacet
  facet normal 0 -1 0
    outer loop
      vertex 4 -5.2 -2.8
      vertex 4 -5.2 -1.05
      vertex 3.57488 -5.2 -2.78608
    endloop
  endfacet
  facet normal 0 -1 0
    outer loop
      vertex 4.31066 -5.2 -1.03983
      vertex 4.42512 -5.2 -2.78608
      vertex 4.84842 -5.2 -2.74439
    endloop
  endfacet
  facet normal 0 -1 0
    outer loop
      vertex 4 -5.2 -1.05
      vertex 4 -5.2 -2.8
      vertex 4.42512 -5.2 -2.78608
    endloop
  endfacet
  facet normal -0.91086 0 -0.412715
    outer loop
      vertex -0.260145 -6 1.59913
      vertex -0.388428 -5.2 1.88225
      vertex -0.260145 -5.2 1.59913
    endloop
  endfacet
  facet normal -0.91086 -0 -0.412715
    outer loop
      vertex -0.388428 -5.2 1.88225
      vertex -0.260145 -6 1.59913
      vertex -0.388428 -6 1.88225
    endloop
  endfacet
  facet normal 0.773002 -0 0.634404
    outer loop
      vertex 7.57124 -6 6.83189
      vertex 7.76843 -5.2 6.59162
      vertex 7.57124 -5.2 6.83189
    endloop
  endfacet
  facet normal 0.773002 0 0.634404
    outer loop
      vertex 7.76843 -5.2 6.59162
      vertex 7.57124 -6 6.83189
      vertex 7.76843 -6 6.59162
    endloop
  endfacet
  facet normal 0.812852 -0 0.58247
    outer loop
      vertex 7.76843 -6 6.59162
      vertex 7.94948 -5.2 6.33896
      vertex 7.76843 -5.2 6.59162
    endloop
  endfacet
  facet normal 0.812852 0 0.58247
    outer loop
      vertex 7.94948 -5.2 6.33896
      vertex 7.76843 -6 6.59162
      vertex 7.94948 -6 6.33896
    endloop
  endfacet
  facet normal 0.162886 0 0.986645
    outer loop
      vertex 4.62 -5.2 8.40936
      vertex 4.92668 -6 8.35873
      vertex 4.92668 -5.2 8.35873
    endloop
  endfacet
  facet normal 0.162886 0 0.986645
    outer loop
      vertex 4.92668 -6 8.35873
      vertex 4.62 -5.2 8.40936
      vertex 4.62 -6 8.40936
    endloop
  endfacet
  facet normal 0.471383 0 0.881929
    outer loop
      vertex 6.10087 -5.2 7.96014
      vertex 6.375 -6 7.81362
      vertex 6.375 -5.2 7.81362
    endloop
  endfacet
  facet normal 0.471383 0 0.881929
    outer loop
      vertex 6.375 -6 7.81362
      vertex 6.10087 -5.2 7.96014
      vertex 6.10087 -6 7.96014
    endloop
  endfacet
  facet normal 0.528066 0 0.849203
    outer loop
      vertex 6.375 -5.2 7.81362
      vertex 6.63896 -6 7.64948
      vertex 6.63896 -5.2 7.64948
    endloop
  endfacet
  facet normal 0.528066 0 0.849203
    outer loop
      vertex 6.63896 -6 7.64948
      vertex 6.375 -5.2 7.81362
      vertex 6.375 -6 7.81362
    endloop
  endfacet
  facet normal 0.290283 0 0.956941
    outer loop
      vertex 5.22939 -5.2 8.28815
      vertex 5.52684 -6 8.19792
      vertex 5.52684 -5.2 8.19792
    endloop
  endfacet
  facet normal 0.290283 0 0.956941
    outer loop
      vertex 5.52684 -6 8.19792
      vertex 5.22939 -5.2 8.28815
      vertex 5.22939 -6 8.28815
    endloop
  endfacet
  facet normal -0.986643 0 0.162895
    outer loop
      vertex -0.709363 -6 4.32
      vertex -0.65873 -5.2 4.62668
      vertex -0.709363 -5.2 4.32
    endloop
  endfacet
  facet normal -0.986643 0 0.162895
    outer loop
      vertex -0.65873 -5.2 4.62668
      vertex -0.709363 -6 4.32
      vertex -0.65873 -6 4.62668
    endloop
  endfacet
  facet normal -0.956941 0 0.290283
    outer loop
      vertex -0.588147 -6 4.92939
      vertex -0.497917 -5.2 5.22684
      vertex -0.588147 -5.2 4.92939
    endloop
  endfacet
  facet normal -0.956941 0 0.290283
    outer loop
      vertex -0.497917 -5.2 5.22684
      vertex -0.588147 -6 4.92939
      vertex -0.497917 -6 5.22684
    endloop
  endfacet
  facet normal 0 -1 0
    outer loop
      vertex 4 -6 6.45
      vertex 4 -6 8.45
      vertex 3.68934 -6 8.43983
    endloop
  endfacet
  facet normal 0 -1 0
    outer loop
      vertex 3.82014 -6 6.44411
      vertex 3.68934 -6 8.43983
      vertex 3.38 -6 8.40936
    endloop
  endfacet
  facet normal 0 -1 0
    outer loop
      vertex 4 -6 8.45
      vertex 4 -6 6.45
      vertex 4.31066 -6 8.43983
    endloop
  endfacet
  facet normal 0 -1 0
    outer loop
      vertex 3.64105 -6 6.42647
      vertex 3.38 -6 8.40936
      vertex 3.07332 -6 8.35873
    endloop
  endfacet
  facet normal 0 -1 0
    outer loop
      vertex 4.17986 -6 6.44411
      vertex 4.31066 -6 8.43983
      vertex 4 -6 6.45
    endloop
  endfacet
  facet normal 0 -1 0
    outer loop
      vertex 3.4635 -6 6.39716
      vertex 3.07332 -6 8.35873
      vertex 2.77061 -6 8.28815
    endloop
  endfacet
  facet normal 0 -1 -0
    outer loop
      vertex 4.31066 -6 8.43983
      vertex 4.17986 -6 6.44411
      vertex 4.62 -6 8.40936
    endloop
  endfacet
  facet normal 0 -1 0
    outer loop
      vertex 3.28825 -6 6.3563
      vertex 2.77061 -6 8.28815
      vertex 2.47316 -6 8.19792
    endloop
  endfacet
  facet normal 0 -1 0
    outer loop
      vertex 4.35895 -6 6.42647
      vertex 4.62 -6 8.40936
      vertex 4.17986 -6 6.44411
    endloop
  endfacet
  facet normal 0 -1 0
    outer loop
      vertex 3.11604 -6 6.30406
      vertex 2.47316 -6 8.19792
      vertex 2.18225 -6 8.08843
    endloop
  endfacet
  facet normal 0 -1 -0
    outer loop
      vertex 4.62 -6 8.40936
      vertex 4.35895 -6 6.42647
      vertex 4.92668 -6 8.35873
    endloop
  endfacet
  facet normal 0 -1 0
    outer loop
      vertex 2.94762 -6 6.24067
      vertex 2.18225 -6 8.08843
      vertex 1.89913 -6 7.96014
    endloop
  endfacet
  facet normal 0 -1 0
    outer loop
      vertex 4.5365 -6 6.39716
      vertex 4.92668 -6 8.35873
      vertex 4.35895 -6 6.42647
    endloop
  endfacet
  facet normal 0 -1 0
    outer loop
      vertex 2.78371 -6 6.1664
      vertex 1.89913 -6 7.96014
      vertex 1.625 -6 7.81362
    endloop
  endfacet
  facet normal 0 -1 -0
    outer loop
      vertex 4.92668 -6 8.35873
      vertex 4.5365 -6 6.39716
      vertex 5.22939 -6 8.28815
    endloop
  endfacet
  facet normal 0 -1 0
    outer loop
      vertex 2.625 -6 6.08157
      vertex 1.625 -6 7.81362
      vertex 1.36104 -6 7.64948
    endloop
  endfacet
  facet normal 0 -1 0
    outer loop
      vertex 4.71175 -6 6.3563
      vertex 5.22939 -6 8.28815
      vertex 4.5365 -6 6.39716
    endloop
  endfacet
  facet normal 0 -1 0
    outer loop
      vertex 2.47218 -6 5.98654
      vertex 1.36104 -6 7.64948
      vertex 1.10838 -6 7.46843
    endloop
  endfacet
  facet normal 0 -1 -0
    outer loop
      vertex 5.22939 -6 8.28815
      vertex 4.71175 -6 6.3563
      vertex 5.52684 -6 8.19792
    endloop
  endfacet
  facet normal 0 -1 0
    outer loop
      vertex 2.32591 -6 5.88172
      vertex 1.10838 -6 7.46843
      vertex 0.868108 -6 7.27124
    endloop
  endfacet
  facet normal 0 -1 0
    outer loop
      vertex 4.88396 -6 6.30406
      vertex 5.52684 -6 8.19792
      vertex 4.71175 -6 6.3563
    endloop
  endfacet
  facet normal 0 -1 0
    outer loop
      vertex 2.1868 -6 5.76756
      vertex 0.868108 -6 7.27124
      vertex 0.641243 -6 7.05876
    endloop
  endfacet
  facet normal 0 -1 -0
    outer loop
      vertex 5.52684 -6 8.19792
      vertex 4.88396 -6 6.30406
      vertex 5.81775 -6 8.08843
    endloop
  endfacet
  facet normal 0 -1 0
    outer loop
      vertex 2.05546 -6 5.64454
      vertex 0.641243 -6 7.05876
      vertex 0.428761 -6 6.83189
    endloop
  endfacet
  facet normal 0 -1 0
    outer loop
      vertex 5.05238 -6 6.24067
      vertex 5.81775 -6 8.08843
      vertex 4.88396 -6 6.30406
    endloop
  endfacet
  facet normal 0 -1 0
    outer loop
      vertex 1.93244 -6 5.5132
      vertex 0.428761 -6 6.83189
      vertex 0.231572 -6 6.59162
    endloop
  endfacet
  facet normal 0 -1 -0
    outer loop
      vertex 5.81775 -6 8.08843
      vertex 5.05238 -6 6.24067
      vertex 6.10087 -6 7.96014
    endloop
  endfacet
  facet normal 0 -1 0
    outer loop
      vertex 5.21629 -6 6.1664
      vertex 6.10087 -6 7.96014
      vertex 5.05238 -6 6.24067
    endloop
  endfacet
  facet normal 0 -1 0
    outer loop
      vertex 3.68934 -6 8.43983
      vertex 3.82014 -6 6.44411
      vertex 4 -6 6.45
    endloop
  endfacet
  facet normal 0 -1 0
    outer loop
      vertex 3.38 -6 8.40936
      vertex 3.64105 -6 6.42647
      vertex 3.82014 -6 6.44411
    endloop
  endfacet
  facet normal 0 -1 0
    outer loop
      vertex 3.07332 -6 8.35873
      vertex 3.4635 -6 6.39716
      vertex 3.64105 -6 6.42647
    endloop
  endfacet
  facet normal 0 -1 0
    outer loop
      vertex 2.77061 -6 8.28815
      vertex 3.28825 -6 6.3563
      vertex 3.4635 -6 6.39716
    endloop
  endfacet
  facet normal 0 -1 0
    outer loop
      vertex 1.81828 -6 5.37409
      vertex 0.231572 -6 6.59162
      vertex 0.0505199 -6 6.33896
    endloop
  endfacet
  facet normal 0 -1 0
    outer loop
      vertex 2.47316 -6 8.19792
      vertex 3.11604 -6 6.30406
      vertex 3.28825 -6 6.3563
    endloop
  endfacet
  facet normal 0 -1 0
    outer loop
      vertex 2.18225 -6 8.08843
      vertex 2.94762 -6 6.24067
      vertex 3.11604 -6 6.30406
    endloop
  endfacet
  facet normal 0 -1 0
    outer loop
      vertex 1.89913 -6 7.96014
      vertex 2.78371 -6 6.1664
      vertex 2.94762 -6 6.24067
    endloop
  endfacet
  facet normal 0 -1 0
    outer loop
      vertex 1.625 -6 7.81362
      vertex 2.625 -6 6.08157
      vertex 2.78371 -6 6.1664
    endloop
  endfacet
  facet normal 0 -1 0
    outer loop
      vertex 1.71346 -6 5.22782
      vertex 0.0505199 -6 6.33896
      vertex -0.11362 -6 6.075
    endloop
  endfacet
  facet normal 0 -1 0
    outer loop
      vertex 1.36104 -6 7.64948
      vertex 2.47218 -6 5.98654
      vertex 2.625 -6 6.08157
    endloop
  endfacet
  facet normal 0 -1 0
    outer loop
      vertex 1.10838 -6 7.46843
      vertex 2.32591 -6 5.88172
      vertex 2.47218 -6 5.98654
    endloop
  endfacet
  facet normal 0 -1 0
    outer loop
      vertex 1.61843 -6 5.075
      vertex -0.11362 -6 6.075
      vertex -0.260145 -6 5.80087
    endloop
  endfacet
  facet normal 0 -1 0
    outer loop
      vertex 0.868108 -6 7.27124
      vertex 2.1868 -6 5.76756
      vertex 2.32591 -6 5.88172
    endloop
  endfacet
  facet normal 0 -1 0
    outer loop
      vertex 0.641243 -6 7.05876
      vertex 2.05546 -6 5.64454
      vertex 2.1868 -6 5.76756
    endloop
  endfacet
  facet normal 0 -1 0
    outer loop
      vertex 1.5336 -6 4.91629
      vertex -0.260145 -6 5.80087
      vertex -0.388428 -6 5.51775
    endloop
  endfacet
  facet normal 0 -1 0
    outer loop
      vertex 0.428761 -6 6.83189
      vertex 1.93244 -6 5.5132
      vertex 2.05546 -6 5.64454
    endloop
  endfacet
  facet normal 0 -1 0
    outer loop
      vertex 0.231572 -6 6.59162
      vertex 1.81828 -6 5.37409
      vertex 1.93244 -6 5.5132
    endloop
  endfacet
  facet normal 0 -1 0
    outer loop
      vertex 0.0505199 -6 6.33896
      vertex 1.71346 -6 5.22782
      vertex 1.81828 -6 5.37409
    endloop
  endfacet
  facet normal 0 -1 0
    outer loop
      vertex 1.45933 -6 4.75238
      vertex -0.388428 -6 5.51775
      vertex -0.497917 -6 5.22684
    endloop
  endfacet
  facet normal 0 -1 0
    outer loop
      vertex -0.11362 -6 6.075
      vertex 1.61843 -6 5.075
      vertex 1.71346 -6 5.22782
    endloop
  endfacet
  facet normal 0 -1 0
    outer loop
      vertex 1.39594 -6 4.58396
      vertex -0.497917 -6 5.22684
      vertex -0.588147 -6 4.92939
    endloop
  endfacet
  facet normal 0 -1 0
    outer loop
      vertex -0.260145 -6 5.80087
      vertex 1.5336 -6 4.91629
      vertex 1.61843 -6 5.075
    endloop
  endfacet
  facet normal 0 -1 0
    outer loop
      vertex -0.388428 -6 5.51775
      vertex 1.45933 -6 4.75238
      vertex 1.5336 -6 4.91629
    endloop
  endfacet
  facet normal 0 -1 0
    outer loop
      vertex 1.3437 -6 4.41175
      vertex -0.588147 -6 4.92939
      vertex -0.65873 -6 4.62668
    endloop
  endfacet
  facet normal 0 -1 0
    outer loop
      vertex -0.497917 -6 5.22684
      vertex 1.39594 -6 4.58396
      vertex 1.45933 -6 4.75238
    endloop
  endfacet
  facet normal 0 -1 0
    outer loop
      vertex -0.588147 -6 4.92939
      vertex 1.3437 -6 4.41175
      vertex 1.39594 -6 4.58396
    endloop
  endfacet
  facet normal 0 -1 0
    outer loop
      vertex 1.30284 -6 4.2365
      vertex -0.65873 -6 4.62668
      vertex -0.709363 -6 4.32
    endloop
  endfacet
  facet normal 0 -1 0
    outer loop
      vertex -0.65873 -6 4.62668
      vertex 1.30284 -6 4.2365
      vertex 1.3437 -6 4.41175
    endloop
  endfacet
  facet normal 0 -1 0
    outer loop
      vertex -0.709363 -6 4.32
      vertex 1.27353 -6 4.05895
      vertex 1.30284 -6 4.2365
    endloop
  endfacet
  facet normal 0 -1 0
    outer loop
      vertex -0.739829 -6 4.01066
      vertex 1.27353 -6 4.05895
      vertex -0.709363 -6 4.32
    endloop
  endfacet
  facet normal 0 -1 0
    outer loop
      vertex -0.739829 -6 4.01066
      vertex 1.25589 -6 3.87986
      vertex 1.27353 -6 4.05895
    endloop
  endfacet
  facet normal 0 -1 0
    outer loop
      vertex -0.75 -6 3.7
      vertex 1.25589 -6 3.87986
      vertex -0.739829 -6 4.01066
    endloop
  endfacet
  facet normal 0 -1 0
    outer loop
      vertex -0.75 -6 3.7
      vertex 1.25 -6 3.7
      vertex 1.25589 -6 3.87986
    endloop
  endfacet
  facet normal 0 -1 0
    outer loop
      vertex -0.75 -6 3.7
      vertex 1.25589 -6 3.52014
      vertex 1.25 -6 3.7
    endloop
  endfacet
  facet normal 0 -1 0
    outer loop
      vertex -0.739829 -6 3.38934
      vertex 1.25589 -6 3.52014
      vertex -0.75 -6 3.7
    endloop
  endfacet
  facet normal 0 -1 0
    outer loop
      vertex -0.739829 -6 3.38934
      vertex 1.27353 -6 3.34105
      vertex 1.25589 -6 3.52014
    endloop
  endfacet
  facet normal 0 -1 0
    outer loop
      vertex -0.709363 -6 3.08
      vertex 1.27353 -6 3.34105
      vertex -0.739829 -6 3.38934
    endloop
  endfacet
  facet normal 0 -1 -0
    outer loop
      vertex 1.27353 -6 3.34105
      vertex -0.709363 -6 3.08
      vertex 1.30284 -6 3.1635
    endloop
  endfacet
  facet normal 0 -1 0
    outer loop
      vertex -0.65873 -6 2.77332
      vertex 1.30284 -6 3.1635
      vertex -0.709363 -6 3.08
    endloop
  endfacet
  facet normal 0 -1 -0
    outer loop
      vertex 1.30284 -6 3.1635
      vertex -0.65873 -6 2.77332
      vertex 1.3437 -6 2.98825
    endloop
  endfacet
  facet normal 0 -1 0
    outer loop
      vertex -0.588147 -6 2.47061
      vertex 1.3437 -6 2.98825
      vertex -0.65873 -6 2.77332
    endloop
  endfacet
  facet normal 0 -1 -0
    outer loop
      vertex 1.3437 -6 2.98825
      vertex -0.588147 -6 2.47061
      vertex 1.39594 -6 2.81604
    endloop
  endfacet
  facet normal 0 -1 0
    outer loop
      vertex -0.497917 -6 2.17316
      vertex 1.39594 -6 2.81604
      vertex -0.588147 -6 2.47061
    endloop
  endfacet
  facet normal 0 -1 -0
    outer loop
      vertex 1.39594 -6 2.81604
      vertex -0.497917 -6 2.17316
      vertex 1.45933 -6 2.64762
    endloop
  endfacet
  facet normal 0 -1 0
    outer loop
      vertex -0.388428 -6 1.88225
      vertex 1.45933 -6 2.64762
      vertex -0.497917 -6 2.17316
    endloop
  endfacet
  facet normal 0 -1 -0
    outer loop
      vertex 1.45933 -6 2.64762
      vertex -0.388428 -6 1.88225
      vertex 1.5336 -6 2.48371
    endloop
  endfacet
  facet normal 0 -1 0
    outer loop
      vertex -0.260145 -6 1.59913
      vertex 1.5336 -6 2.48371
      vertex -0.388428 -6 1.88225
    endloop
  endfacet
  facet normal 0 -1 -0
    outer loop
      vertex 1.5336 -6 2.48371
      vertex -0.260145 -6 1.59913
      vertex 1.61843 -6 2.325
    endloop
  endfacet
  facet normal 0 -1 0
    outer loop
      vertex -0.11362 -6 1.325
      vertex 1.61843 -6 2.325
      vertex -0.260145 -6 1.59913
    endloop
  endfacet
  facet normal 0 -1 -0
    outer loop
      vertex 1.61843 -6 2.325
      vertex -0.11362 -6 1.325
      vertex 1.71346 -6 2.17218
    endloop
  endfacet
  facet normal 0 -1 0
    outer loop
      vertex 0.0505199 -6 1.06104
      vertex 1.71346 -6 2.17218
      vertex -0.11362 -6 1.325
    endloop
  endfacet
  facet normal 0 -1 -0
    outer loop
      vertex 1.71346 -6 2.17218
      vertex 0.0505199 -6 1.06104
      vertex 1.81828 -6 2.02591
    endloop
  endfacet
  facet normal 0 -1 0
    outer loop
      vertex 0.231572 -6 0.808384
      vertex 1.81828 -6 2.02591
      vertex 0.0505199 -6 1.06104
    endloop
  endfacet
  facet normal 0 -1 -0
    outer loop
      vertex 1.81828 -6 2.02591
      vertex 0.231572 -6 0.808384
      vertex 1.93244 -6 1.8868
    endloop
  endfacet
  facet normal 0 -1 0
    outer loop
      vertex 0.428761 -6 0.568108
      vertex 1.93244 -6 1.8868
      vertex 0.231572 -6 0.808384
    endloop
  endfacet
  facet normal 0 -1 -0
    outer loop
      vertex 1.93244 -6 1.8868
      vertex 0.428761 -6 0.568108
      vertex 2.05546 -6 1.75546
    endloop
  endfacet
  facet normal 0 -1 0
    outer loop
      vertex 0.641243 -6 0.341243
      vertex 2.05546 -6 1.75546
      vertex 0.428761 -6 0.568108
    endloop
  endfacet
  facet normal 0 -1 -0
    outer loop
      vertex 2.05546 -6 1.75546
      vertex 0.641243 -6 0.341243
      vertex 2.1868 -6 1.63244
    endloop
  endfacet
  facet normal 0 -1 0
    outer loop
      vertex 0.868108 -6 0.128761
      vertex 2.1868 -6 1.63244
      vertex 0.641243 -6 0.341243
    endloop
  endfacet
  facet normal 0 -1 -0
    outer loop
      vertex 2.1868 -6 1.63244
      vertex 0.868108 -6 0.128761
      vertex 2.32591 -6 1.51828
    endloop
  endfacet
  facet normal 0 -1 0
    outer loop
      vertex 1.10838 -6 -0.0684278
      vertex 2.32591 -6 1.51828
      vertex 0.868108 -6 0.128761
    endloop
  endfacet
  facet normal 0 -1 -0
    outer loop
      vertex 2.32591 -6 1.51828
      vertex 1.10838 -6 -0.0684278
      vertex 2.47218 -6 1.41346
    endloop
  endfacet
  facet normal 0 -1 0
    outer loop
      vertex 1.36104 -6 -0.24948
      vertex 2.47218 -6 1.41346
      vertex 1.10838 -6 -0.0684278
    endloop
  endfacet
  facet normal 0 -1 -0
    outer loop
      vertex 2.47218 -6 1.41346
      vertex 1.36104 -6 -0.24948
      vertex 2.625 -6 1.31843
    endloop
  endfacet
  facet normal 0 -1 0
    outer loop
      vertex 1.625 -6 -0.41362
      vertex 2.625 -6 1.31843
      vertex 1.36104 -6 -0.24948
    endloop
  endfacet
  facet normal 0 -1 -0
    outer loop
      vertex 2.625 -6 1.31843
      vertex 1.625 -6 -0.41362
      vertex 2.78371 -6 1.2336
    endloop
  endfacet
  facet normal 0 -1 0
    outer loop
      vertex 1.89913 -6 -0.560145
      vertex 2.78371 -6 1.2336
      vertex 1.625 -6 -0.41362
    endloop
  endfacet
  facet normal 0 -1 -0
    outer loop
      vertex 6.10087 -6 7.96014
      vertex 5.21629 -6 6.1664
      vertex 6.375 -6 7.81362
    endloop
  endfacet
  facet normal 0 -1 0
    outer loop
      vertex 5.375 -6 6.08157
      vertex 6.375 -6 7.81362
      vertex 5.21629 -6 6.1664
    endloop
  endfacet
  facet normal 0 -1 -0
    outer loop
      vertex 6.375 -6 7.81362
      vertex 5.375 -6 6.08157
      vertex 6.63896 -6 7.64948
    endloop
  endfacet
  facet normal 0 -1 0
    outer loop
      vertex 5.52782 -6 5.98654
      vertex 6.63896 -6 7.64948
      vertex 5.375 -6 6.08157
    endloop
  endfacet
  facet normal 0 -1 -0
    outer loop
      vertex 6.63896 -6 7.64948
      vertex 5.52782 -6 5.98654
      vertex 6.89162 -6 7.46843
    endloop
  endfacet
  facet normal 0 -1 0
    outer loop
      vertex 5.67409 -6 5.88172
      vertex 6.89162 -6 7.46843
      vertex 5.52782 -6 5.98654
    endloop
  endfacet
  facet normal 0 -1 -0
    outer loop
      vertex 6.89162 -6 7.46843
      vertex 5.67409 -6 5.88172
      vertex 7.13189 -6 7.27124
    endloop
  endfacet
  facet normal 0 -1 0
    outer loop
      vertex 5.8132 -6 5.76756
      vertex 7.13189 -6 7.27124
      vertex 5.67409 -6 5.88172
    endloop
  endfacet
  facet normal 0 -1 -0
    outer loop
      vertex 7.13189 -6 7.27124
      vertex 5.8132 -6 5.76756
      vertex 7.35876 -6 7.05876
    endloop
  endfacet
  facet normal 0 -1 0
    outer loop
      vertex 5.94454 -6 5.64454
      vertex 7.35876 -6 7.05876
      vertex 5.8132 -6 5.76756
    endloop
  endfacet
  facet normal 0 -1 -0
    outer loop
      vertex 7.35876 -6 7.05876
      vertex 5.94454 -6 5.64454
      vertex 7.57124 -6 6.83189
    endloop
  endfacet
  facet normal 0 -1 0
    outer loop
      vertex 6.06756 -6 5.5132
      vertex 7.57124 -6 6.83189
      vertex 5.94454 -6 5.64454
    endloop
  endfacet
  facet normal 0 -1 -0
    outer loop
      vertex 7.57124 -6 6.83189
      vertex 6.06756 -6 5.5132
      vertex 7.76843 -6 6.59162
    endloop
  endfacet
  facet normal 0 -1 0
    outer loop
      vertex 6.18172 -6 5.37409
      vertex 7.76843 -6 6.59162
      vertex 6.06756 -6 5.5132
    endloop
  endfacet
  facet normal 0 -1 -0
    outer loop
      vertex 7.76843 -6 6.59162
      vertex 6.18172 -6 5.37409
      vertex 7.94948 -6 6.33896
    endloop
  endfacet
  facet normal 0 -1 0
    outer loop
      vertex 6.28654 -6 5.22782
      vertex 7.94948 -6 6.33896
      vertex 6.18172 -6 5.37409
    endloop
  endfacet
  facet normal 0 -1 -0
    outer loop
      vertex 7.94948 -6 6.33896
      vertex 6.28654 -6 5.22782
      vertex 8.11362 -6 6.075
    endloop
  endfacet
  facet normal 0 -1 0
    outer loop
      vertex 6.38157 -6 5.075
      vertex 8.11362 -6 6.075
      vertex 6.28654 -6 5.22782
    endloop
  endfacet
  facet normal 0 -1 -0
    outer loop
      vertex 8.11362 -6 6.075
      vertex 6.38157 -6 5.075
      vertex 8.26015 -6 5.80087
    endloop
  endfacet
  facet normal 0 -1 0
    outer loop
      vertex 6.4664 -6 4.91629
      vertex 8.26015 -6 5.80087
      vertex 6.38157 -6 5.075
    endloop
  endfacet
  facet normal 0 -1 -0
    outer loop
      vertex 8.26015 -6 5.80087
      vertex 6.4664 -6 4.91629
      vertex 8.38843 -6 5.51775
    endloop
  endfacet
  facet normal 0 -1 0
    outer loop
      vertex 6.54067 -6 4.75238
      vertex 8.38843 -6 5.51775
      vertex 6.4664 -6 4.91629
    endloop
  endfacet
  facet normal 0 -1 -0
    outer loop
      vertex 8.38843 -6 5.51775
      vertex 6.54067 -6 4.75238
      vertex 8.49792 -6 5.22684
    endloop
  endfacet
  facet normal 0 -1 0
    outer loop
      vertex 6.60406 -6 4.58396
      vertex 8.49792 -6 5.22684
      vertex 6.54067 -6 4.75238
    endloop
  endfacet
  facet normal 0 -1 -0
    outer loop
      vertex 8.49792 -6 5.22684
      vertex 6.60406 -6 4.58396
      vertex 8.58815 -6 4.92939
    endloop
  endfacet
  facet normal 0 -1 0
    outer loop
      vertex 6.6563 -6 4.41175
      vertex 8.58815 -6 4.92939
      vertex 6.60406 -6 4.58396
    endloop
  endfacet
  facet normal 0 -1 -0
    outer loop
      vertex 8.58815 -6 4.92939
      vertex 6.6563 -6 4.41175
      vertex 8.65873 -6 4.62668
    endloop
  endfacet
  facet normal 0 -1 0
    outer loop
      vertex 6.69716 -6 4.2365
      vertex 8.65873 -6 4.62668
      vertex 6.6563 -6 4.41175
    endloop
  endfacet
  facet normal 0 -1 -0
    outer loop
      vertex 8.65873 -6 4.62668
      vertex 6.69716 -6 4.2365
      vertex 8.70936 -6 4.32
    endloop
  endfacet
  facet normal 0 -1 0
    outer loop
      vertex 6.72647 -6 4.05895
      vertex 8.70936 -6 4.32
      vertex 6.69716 -6 4.2365
    endloop
  endfacet
  facet normal 0 -1 0
    outer loop
      vertex 6.72647 -6 4.05895
      vertex 8.73983 -6 4.01066
      vertex 8.70936 -6 4.32
    endloop
  endfacet
  facet normal 0 -1 0
    outer loop
      vertex 6.74411 -6 3.87986
      vertex 8.73983 -6 4.01066
      vertex 6.72647 -6 4.05895
    endloop
  endfacet
  facet normal 0 -1 0
    outer loop
      vertex 6.75 -6 3.7
      vertex 8.73983 -6 4.01066
      vertex 6.74411 -6 3.87986
    endloop
  endfacet
  facet normal 0 -1 0
    outer loop
      vertex 6.75 -6 3.7
      vertex 8.75 -6 3.7
      vertex 8.73983 -6 4.01066
    endloop
  endfacet
  facet normal 0 -1 0
    outer loop
      vertex 6.74411 -6 3.52014
      vertex 8.75 -6 3.7
      vertex 6.75 -6 3.7
    endloop
  endfacet
  facet normal 0 -1 0
    outer loop
      vertex 6.74411 -6 3.52014
      vertex 8.73983 -6 3.38934
      vertex 8.75 -6 3.7
    endloop
  endfacet
  facet normal 0 -1 0
    outer loop
      vertex 6.72647 -6 3.34105
      vertex 8.73983 -6 3.38934
      vertex 6.74411 -6 3.52014
    endloop
  endfacet
  facet normal 0 -1 0
    outer loop
      vertex 8.70936 -6 3.08
      vertex 6.72647 -6 3.34105
      vertex 6.69716 -6 3.1635
    endloop
  endfacet
  facet normal 0 -1 0
    outer loop
      vertex 6.72647 -6 3.34105
      vertex 8.70936 -6 3.08
      vertex 8.73983 -6 3.38934
    endloop
  endfacet
  facet normal 0 -1 0
    outer loop
      vertex 8.65873 -6 2.77332
      vertex 6.69716 -6 3.1635
      vertex 6.6563 -6 2.98825
    endloop
  endfacet
  facet normal 0 -1 0
    outer loop
      vertex 8.58815 -6 2.47061
      vertex 6.6563 -6 2.98825
      vertex 6.60406 -6 2.81604
    endloop
  endfacet
  facet normal 0 -1 0
    outer loop
      vertex 6.69716 -6 3.1635
      vertex 8.65873 -6 2.77332
      vertex 8.70936 -6 3.08
    endloop
  endfacet
  facet normal 0 -1 0
    outer loop
      vertex 8.49792 -6 2.17316
      vertex 6.60406 -6 2.81604
      vertex 6.54067 -6 2.64762
    endloop
  endfacet
  facet normal 0 -1 0
    outer loop
      vertex 8.38843 -6 1.88225
      vertex 6.54067 -6 2.64762
      vertex 6.4664 -6 2.48371
    endloop
  endfacet
  facet normal 0 -1 0
    outer loop
      vertex 6.6563 -6 2.98825
      vertex 8.58815 -6 2.47061
      vertex 8.65873 -6 2.77332
    endloop
  endfacet
  facet normal 0 -1 0
    outer loop
      vertex 8.26015 -6 1.59913
      vertex 6.4664 -6 2.48371
      vertex 6.38157 -6 2.325
    endloop
  endfacet
  facet normal 0 -1 0
    outer loop
      vertex 6.60406 -6 2.81604
      vertex 8.49792 -6 2.17316
      vertex 8.58815 -6 2.47061
    endloop
  endfacet
  facet normal 0 -1 0
    outer loop
      vertex 8.11362 -6 1.325
      vertex 6.38157 -6 2.325
      vertex 6.28654 -6 2.17218
    endloop
  endfacet
  facet normal 0 -1 0
    outer loop
      vertex 7.94948 -6 1.06104
      vertex 6.28654 -6 2.17218
      vertex 6.18172 -6 2.02591
    endloop
  endfacet
  facet normal 0 -1 0
    outer loop
      vertex 7.76843 -6 0.808384
      vertex 6.18172 -6 2.02591
      vertex 6.06756 -6 1.8868
    endloop
  endfacet
  facet normal 0 -1 0
    outer loop
      vertex 6.54067 -6 2.64762
      vertex 8.38843 -6 1.88225
      vertex 8.49792 -6 2.17316
    endloop
  endfacet
  facet normal 0 -1 0
    outer loop
      vertex 7.57124 -6 0.568108
      vertex 6.06756 -6 1.8868
      vertex 5.94454 -6 1.75546
    endloop
  endfacet
  facet normal 0 -1 0
    outer loop
      vertex 7.35876 -6 0.341243
      vertex 5.94454 -6 1.75546
      vertex 5.8132 -6 1.63244
    endloop
  endfacet
  facet normal 0 -1 0
    outer loop
      vertex 6.4664 -6 2.48371
      vertex 8.26015 -6 1.59913
      vertex 8.38843 -6 1.88225
    endloop
  endfacet
  facet normal 0 -1 0
    outer loop
      vertex 7.13189 -6 0.128761
      vertex 5.8132 -6 1.63244
      vertex 5.67409 -6 1.51828
    endloop
  endfacet
  facet normal 0 -1 0
    outer loop
      vertex 6.89162 -6 -0.0684278
      vertex 5.67409 -6 1.51828
      vertex 5.52782 -6 1.41346
    endloop
  endfacet
  facet normal 0 -1 0
    outer loop
      vertex 6.38157 -6 2.325
      vertex 8.11362 -6 1.325
      vertex 8.26015 -6 1.59913
    endloop
  endfacet
  facet normal 0 -1 0
    outer loop
      vertex 6.63896 -6 -0.24948
      vertex 5.52782 -6 1.41346
      vertex 5.375 -6 1.31843
    endloop
  endfacet
  facet normal 0 -1 0
    outer loop
      vertex 6.375 -6 -0.41362
      vertex 5.375 -6 1.31843
      vertex 5.21629 -6 1.2336
    endloop
  endfacet
  facet normal 0 -1 0
    outer loop
      vertex 6.10087 -6 -0.560145
      vertex 5.21629 -6 1.2336
      vertex 5.05238 -6 1.15933
    endloop
  endfacet
  facet normal 0 -1 0
    outer loop
      vertex 5.81775 -6 -0.688428
      vertex 5.05238 -6 1.15933
      vertex 4.88396 -6 1.09594
    endloop
  endfacet
  facet normal 0 -1 0
    outer loop
      vertex 6.28654 -6 2.17218
      vertex 7.94948 -6 1.06104
      vertex 8.11362 -6 1.325
    endloop
  endfacet
  facet normal 0 -1 0
    outer loop
      vertex 5.52684 -6 -0.797917
      vertex 4.88396 -6 1.09594
      vertex 4.71175 -6 1.0437
    endloop
  endfacet
  facet normal 0 -1 0
    outer loop
      vertex 5.22939 -6 -0.888147
      vertex 4.71175 -6 1.0437
      vertex 4.5365 -6 1.00284
    endloop
  endfacet
  facet normal 0 -1 0
    outer loop
      vertex 4.92668 -6 -0.95873
      vertex 4.5365 -6 1.00284
      vertex 4.35895 -6 0.973527
    endloop
  endfacet
  facet normal 0 -1 0
    outer loop
      vertex 4.62 -6 -1.00936
      vertex 4.35895 -6 0.973527
      vertex 4.17986 -6 0.955888
    endloop
  endfacet
  facet normal 0 -1 0
    outer loop
      vertex 4.31066 -6 -1.03983
      vertex 4.17986 -6 0.955888
      vertex 4 -6 0.95
    endloop
  endfacet
  facet normal 0 -1 -0
    outer loop
      vertex 2.78371 -6 1.2336
      vertex 1.89913 -6 -0.560145
      vertex 2.94762 -6 1.15933
    endloop
  endfacet
  facet normal 0 -1 0
    outer loop
      vertex 6.18172 -6 2.02591
      vertex 7.76843 -6 0.808384
      vertex 7.94948 -6 1.06104
    endloop
  endfacet
  facet normal 0 -1 0
    outer loop
      vertex 2.18225 -6 -0.688428
      vertex 2.94762 -6 1.15933
      vertex 1.89913 -6 -0.560145
    endloop
  endfacet
  facet normal 0 -1 0
    outer loop
      vertex 6.06756 -6 1.8868
      vertex 7.57124 -6 0.568108
      vertex 7.76843 -6 0.808384
    endloop
  endfacet
  facet normal 0 -1 -0
    outer loop
      vertex 2.94762 -6 1.15933
      vertex 2.18225 -6 -0.688428
      vertex 3.11604 -6 1.09594
    endloop
  endfacet
  facet normal 0 -1 0
    outer loop
      vertex 5.94454 -6 1.75546
      vertex 7.35876 -6 0.341243
      vertex 7.57124 -6 0.568108
    endloop
  endfacet
  facet normal 0 -1 0
    outer loop
      vertex 2.47316 -6 -0.797917
      vertex 3.11604 -6 1.09594
      vertex 2.18225 -6 -0.688428
    endloop
  endfacet
  facet normal 0 -1 0
    outer loop
      vertex 5.8132 -6 1.63244
      vertex 7.13189 -6 0.128761
      vertex 7.35876 -6 0.341243
    endloop
  endfacet
  facet normal 0 -1 -0
    outer loop
      vertex 3.11604 -6 1.09594
      vertex 2.47316 -6 -0.797917
      vertex 3.28825 -6 1.0437
    endloop
  endfacet
  facet normal 0 -1 0
    outer loop
      vertex 5.67409 -6 1.51828
      vertex 6.89162 -6 -0.0684278
      vertex 7.13189 -6 0.128761
    endloop
  endfacet
  facet normal 0 -1 0
    outer loop
      vertex 2.77061 -6 -0.888147
      vertex 3.28825 -6 1.0437
      vertex 2.47316 -6 -0.797917
    endloop
  endfacet
  facet normal 0 -1 0
    outer loop
      vertex 5.52782 -6 1.41346
      vertex 6.63896 -6 -0.24948
      vertex 6.89162 -6 -0.0684278
    endloop
  endfacet
  facet normal 0 -1 -0
    outer loop
      vertex 3.28825 -6 1.0437
      vertex 2.77061 -6 -0.888147
      vertex 3.4635 -6 1.00284
    endloop
  endfacet
  facet normal 0 -1 0
    outer loop
      vertex 5.375 -6 1.31843
      vertex 6.375 -6 -0.41362
      vertex 6.63896 -6 -0.24948
    endloop
  endfacet
  facet normal 0 -1 0
    outer loop
      vertex 3.07332 -6 -0.95873
      vertex 3.4635 -6 1.00284
      vertex 2.77061 -6 -0.888147
    endloop
  endfacet
  facet normal 0 -1 0
    outer loop
      vertex 5.21629 -6 1.2336
      vertex 6.10087 -6 -0.560145
      vertex 6.375 -6 -0.41362
    endloop
  endfacet
  facet normal 0 -1 -0
    outer loop
      vertex 3.4635 -6 1.00284
      vertex 3.07332 -6 -0.95873
      vertex 3.64105 -6 0.973527
    endloop
  endfacet
  facet normal 0 -1 0
    outer loop
      vertex 5.05238 -6 1.15933
      vertex 5.81775 -6 -0.688428
      vertex 6.10087 -6 -0.560145
    endloop
  endfacet
  facet normal 0 -1 0
    outer loop
      vertex 3.38 -6 -1.00936
      vertex 3.64105 -6 0.973527
      vertex 3.07332 -6 -0.95873
    endloop
  endfacet
  facet normal 0 -1 0
    outer loop
      vertex 4.88396 -6 1.09594
      vertex 5.52684 -6 -0.797917
      vertex 5.81775 -6 -0.688428
    endloop
  endfacet
  facet normal 0 -1 -0
    outer loop
      vertex 3.64105 -6 0.973527
      vertex 3.38 -6 -1.00936
      vertex 3.82014 -6 0.955888
    endloop
  endfacet
  facet normal 0 -1 0
    outer loop
      vertex 4.71175 -6 1.0437
      vertex 5.22939 -6 -0.888147
      vertex 5.52684 -6 -0.797917
    endloop
  endfacet
  facet normal 0 -1 0
    outer loop
      vertex 3.68934 -6 -1.03983
      vertex 3.82014 -6 0.955888
      vertex 3.38 -6 -1.00936
    endloop
  endfacet
  facet normal 0 -1 0
    outer loop
      vertex 4.5365 -6 1.00284
      vertex 4.92668 -6 -0.95873
      vertex 5.22939 -6 -0.888147
    endloop
  endfacet
  facet normal 0 -1 -0
    outer loop
      vertex 3.82014 -6 0.955888
      vertex 3.68934 -6 -1.03983
      vertex 4 -6 0.95
    endloop
  endfacet
  facet normal 0 -1 0
    outer loop
      vertex 4.35895 -6 0.973527
      vertex 4.62 -6 -1.00936
      vertex 4.92668 -6 -0.95873
    endloop
  endfacet
  facet normal 0 -1 0
    outer loop
      vertex 4 -6 -1.05
      vertex 4 -6 0.95
      vertex 3.68934 -6 -1.03983
    endloop
  endfacet
  facet normal 0 -1 0
    outer loop
      vertex 4.17986 -6 0.955888
      vertex 4.31066 -6 -1.03983
      vertex 4.62 -6 -1.00936
    endloop
  endfacet
  facet normal 0 -1 0
    outer loop
      vertex 4 -6 0.95
      vertex 4 -6 -1.05
      vertex 4.31066 -6 -1.03983
    endloop
  endfacet
  facet normal -0.849204 0 0.528066
    outer loop
      vertex -0.11362 -6 6.075
      vertex 0.0505199 -5.2 6.33896
      vertex -0.11362 -5.2 6.075
    endloop
  endfacet
  facet normal -0.849204 0 0.528066
    outer loop
      vertex 0.0505199 -5.2 6.33896
      vertex -0.11362 -6 6.075
      vertex 0.0505199 -6 6.33896
    endloop
  endfacet
  facet normal -0.881922 0 0.471395
    outer loop
      vertex -0.260145 -6 5.80087
      vertex -0.11362 -5.2 6.075
      vertex -0.260145 -5.2 5.80087
    endloop
  endfacet
  facet normal -0.881922 0 0.471395
    outer loop
      vertex -0.11362 -5.2 6.075
      vertex -0.260145 -6 5.80087
      vertex -0.11362 -6 6.075
    endloop
  endfacet
  facet normal -0.22707 0 0.973878
    outer loop
      vertex 2.77061 -5.2 8.28815
      vertex 3.07332 -6 8.35873
      vertex 3.07332 -5.2 8.35873
    endloop
  endfacet
  facet normal -0.22707 0 0.973878
    outer loop
      vertex 3.07332 -6 8.35873
      vertex 2.77061 -5.2 8.28815
      vertex 2.77061 -6 8.28815
    endloop
  endfacet
  facet normal -0.0327192 0 0.999465
    outer loop
      vertex 3.68934 -5.2 8.43983
      vertex 4 -6 8.45
      vertex 4 -5.2 8.45
    endloop
  endfacet
  facet normal -0.0327192 0 0.999465
    outer loop
      vertex 4 -6 8.45
      vertex 3.68934 -5.2 8.43983
      vertex 3.68934 -6 8.43983
    endloop
  endfacet
  facet normal -0.634401 0 0.773004
    outer loop
      vertex 0.868108 -5.2 7.27124
      vertex 1.10838 -6 7.46843
      vertex 1.10838 -5.2 7.46843
    endloop
  endfacet
  facet normal -0.634401 0 0.773004
    outer loop
      vertex 1.10838 -6 7.46843
      vertex 0.868108 -5.2 7.27124
      vertex 0.868108 -6 7.27124
    endloop
  endfacet
  facet normal -0.683588 0 0.729868
    outer loop
      vertex 0.641243 -5.2 7.05876
      vertex 0.868108 -6 7.27124
      vertex 0.868108 -5.2 7.27124
    endloop
  endfacet
  facet normal -0.683588 0 0.729868
    outer loop
      vertex 0.868108 -6 7.27124
      vertex 0.641243 -5.2 7.05876
      vertex 0.641243 -6 7.05876
    endloop
  endfacet
  facet normal -0.58247 0 0.812852
    outer loop
      vertex 1.10838 -5.2 7.46843
      vertex 1.36104 -6 7.64948
      vertex 1.36104 -5.2 7.64948
    endloop
  endfacet
  facet normal -0.58247 0 0.812852
    outer loop
      vertex 1.36104 -6 7.64948
      vertex 1.10838 -5.2 7.46843
      vertex 1.10838 -6 7.46843
    endloop
  endfacet
  facet normal 0.162886 0 -0.986645
    outer loop
      vertex 4.62 -6 -1.00936
      vertex 4.92668 -5.2 -0.95873
      vertex 4.92668 -6 -0.95873
    endloop
  endfacet
  facet normal 0.162886 0 -0.986645
    outer loop
      vertex 4.92668 -5.2 -0.95873
      vertex 4.62 -6 -1.00936
      vertex 4.62 -5.2 -1.00936
    endloop
  endfacet
  facet normal 0.227079 0 -0.973876
    outer loop
      vertex 4.92668 -6 -0.95873
      vertex 5.22939 -5.2 -0.888147
      vertex 5.22939 -6 -0.888147
    endloop
  endfacet
  facet normal 0.227079 0 -0.973876
    outer loop
      vertex 5.22939 -5.2 -0.888147
      vertex 4.92668 -6 -0.95873
      vertex 4.92668 -5.2 -0.95873
    endloop
  endfacet
  facet normal 0.582475 0 -0.812849
    outer loop
      vertex 6.63896 -6 -0.24948
      vertex 6.89162 -5.2 -0.0684278
      vertex 6.89162 -6 -0.0684278
    endloop
  endfacet
  facet normal 0.582475 0 -0.812849
    outer loop
      vertex 6.89162 -5.2 -0.0684278
      vertex 6.63896 -6 -0.24948
      vertex 6.63896 -5.2 -0.24948
    endloop
  endfacet
  facet normal 0.683584 0 -0.729872
    outer loop
      vertex 7.13189 -6 0.128761
      vertex 7.35876 -5.2 0.341243
      vertex 7.35876 -6 0.341243
    endloop
  endfacet
  facet normal 0.683584 0 -0.729872
    outer loop
      vertex 7.35876 -5.2 0.341243
      vertex 7.13189 -6 0.128761
      vertex 7.13189 -5.2 0.128761
    endloop
  endfacet
  facet normal 0.849203 0 -0.528066
    outer loop
      vertex 8.11362 -6 1.325
      vertex 7.94948 -5.2 1.06104
      vertex 8.11362 -5.2 1.325
    endloop
  endfacet
  facet normal 0.849203 0 -0.528066
    outer loop
      vertex 7.94948 -5.2 1.06104
      vertex 8.11362 -6 1.325
      vertex 7.94948 -6 1.06104
    endloop
  endfacet
  facet normal 0.910864 0 -0.412707
    outer loop
      vertex 8.38843 -6 1.88225
      vertex 8.26015 -5.2 1.59913
      vertex 8.38843 -5.2 1.88225
    endloop
  endfacet
  facet normal 0.910864 0 -0.412707
    outer loop
      vertex 8.26015 -5.2 1.59913
      vertex 8.38843 -6 1.88225
      vertex 8.26015 -6 1.59913
    endloop
  endfacet
  facet normal -0.162886 0 -0.986645
    outer loop
      vertex 3.07332 -6 -0.95873
      vertex 3.38 -5.2 -1.00936
      vertex 3.38 -6 -1.00936
    endloop
  endfacet
  facet normal -0.162886 0 -0.986645
    outer loop
      vertex 3.38 -5.2 -1.00936
      vertex 3.07332 -6 -0.95873
      vertex 3.07332 -5.2 -0.95873
    endloop
  endfacet
  facet normal -0.227079 0 -0.973876
    outer loop
      vertex 2.77061 -6 -0.888147
      vertex 3.07332 -5.2 -0.95873
      vertex 3.07332 -6 -0.95873
    endloop
  endfacet
  facet normal -0.227079 0 -0.973876
    outer loop
      vertex 3.07332 -5.2 -0.95873
      vertex 2.77061 -6 -0.888147
      vertex 2.77061 -5.2 -0.888147
    endloop
  endfacet
  facet normal -0.528066 0 -0.849203
    outer loop
      vertex 1.36104 -6 -0.24948
      vertex 1.625 -5.2 -0.41362
      vertex 1.625 -6 -0.41362
    endloop
  endfacet
  facet normal -0.528066 0 -0.849203
    outer loop
      vertex 1.625 -5.2 -0.41362
      vertex 1.36104 -6 -0.24948
      vertex 1.36104 -5.2 -0.24948
    endloop
  endfacet
  facet normal -0.412715 0 -0.91086
    outer loop
      vertex 1.89913 -6 -0.560145
      vertex 2.18225 -5.2 -0.688428
      vertex 2.18225 -6 -0.688428
    endloop
  endfacet
  facet normal -0.412715 0 -0.91086
    outer loop
      vertex 2.18225 -5.2 -0.688428
      vertex 1.89913 -6 -0.560145
      vertex 1.89913 -5.2 -0.560145
    endloop
  endfacet
  facet normal -0.973876 0 -0.227079
    outer loop
      vertex -0.588147 -6 2.47061
      vertex -0.65873 -5.2 2.77332
      vertex -0.588147 -5.2 2.47061
    endloop
  endfacet
  facet normal -0.973876 -0 -0.227079
    outer loop
      vertex -0.65873 -5.2 2.77332
      vertex -0.588147 -6 2.47061
      vertex -0.65873 -6 2.77332
    endloop
  endfacet
  facet normal -0.986643 0 -0.162895
    outer loop
      vertex -0.65873 -6 2.77332
      vertex -0.709363 -5.2 3.08
      vertex -0.65873 -5.2 2.77332
    endloop
  endfacet
  facet normal -0.986643 -0 -0.162895
    outer loop
      vertex -0.709363 -5.2 3.08
      vertex -0.65873 -6 2.77332
      vertex -0.709363 -6 3.08
    endloop
  endfacet
  facet normal -0.999464 0 -0.0327224
    outer loop
      vertex -0.739829 -6 3.38934
      vertex -0.75 -5.2 3.7
      vertex -0.739829 -5.2 3.38934
    endloop
  endfacet
  facet normal -0.999464 -0 -0.0327224
    outer loop
      vertex -0.75 -5.2 3.7
      vertex -0.739829 -6 3.38934
      vertex -0.75 -6 3.7
    endloop
  endfacet
  facet normal -0.729864 0 -0.683592
    outer loop
      vertex 0.641243 -6 0.341243
      vertex 0.428761 -5.2 0.568108
      vertex 0.641243 -5.2 0.341243
    endloop
  endfacet
  facet normal -0.729864 -0 -0.683592
    outer loop
      vertex 0.428761 -5.2 0.568108
      vertex 0.641243 -6 0.341243
      vertex 0.428761 -6 0.568108
    endloop
  endfacet
  facet normal -0.812845 0 -0.582481
    outer loop
      vertex 0.231572 -6 0.808384
      vertex 0.0505199 -5.2 1.06104
      vertex 0.231572 -5.2 0.808384
    endloop
  endfacet
  facet normal -0.812845 -0 -0.582481
    outer loop
      vertex 0.0505199 -5.2 1.06104
      vertex 0.231572 -6 0.808384
      vertex 0.0505199 -6 1.06104
    endloop
  endfacet
  facet normal 0.956941 -0 0.290283
    outer loop
      vertex 8.49792 -6 5.22684
      vertex 8.58815 -5.2 4.92939
      vertex 8.49792 -5.2 5.22684
    endloop
  endfacet
  facet normal 0.956941 0 0.290283
    outer loop
      vertex 8.58815 -5.2 4.92939
      vertex 8.49792 -6 5.22684
      vertex 8.58815 -6 4.92939
    endloop
  endfacet
  facet normal 0.935907 -0 0.352248
    outer loop
      vertex 8.38843 -6 5.51775
      vertex 8.49792 -5.2 5.22684
      vertex 8.38843 -5.2 5.51775
    endloop
  endfacet
  facet normal 0.935907 0 0.352248
    outer loop
      vertex 8.49792 -5.2 5.22684
      vertex 8.38843 -6 5.51775
      vertex 8.49792 -6 5.22684
    endloop
  endfacet
  facet normal 0.881915 -0 0.471408
    outer loop
      vertex 8.11362 -6 6.075
      vertex 8.26015 -5.2 5.80087
      vertex 8.11362 -5.2 6.075
    endloop
  endfacet
  facet normal 0.881915 0 0.471408
    outer loop
      vertex 8.26015 -5.2 5.80087
      vertex 8.11362 -6 6.075
      vertex 8.26015 -6 5.80087
    endloop
  endfacet
  facet normal 0.634404 0 0.773002
    outer loop
      vertex 6.89162 -5.2 7.46843
      vertex 7.13189 -6 7.27124
      vertex 7.13189 -5.2 7.27124
    endloop
  endfacet
  facet normal 0.634404 0 0.773002
    outer loop
      vertex 7.13189 -6 7.27124
      vertex 6.89162 -5.2 7.46843
      vertex 6.89162 -6 7.46843
    endloop
  endfacet
  facet normal 0.0980256 0 0.995184
    outer loop
      vertex 4.31066 -5.2 8.43983
      vertex 4.62 -6 8.40936
      vertex 4.62 -5.2 8.40936
    endloop
  endfacet
  facet normal 0.0980256 0 0.995184
    outer loop
      vertex 4.62 -6 8.40936
      vertex 4.31066 -5.2 8.43983
      vertex 4.31066 -6 8.43983
    endloop
  endfacet
  facet normal -0.995185 0 0.0980129
    outer loop
      vertex -0.739829 -6 4.01066
      vertex -0.709363 -5.2 4.32
      vertex -0.739829 -5.2 4.01066
    endloop
  endfacet
  facet normal -0.995185 0 0.0980129
    outer loop
      vertex -0.709363 -5.2 4.32
      vertex -0.739829 -6 4.01066
      vertex -0.709363 -6 4.32
    endloop
  endfacet
  facet normal -0.773003 0 0.634402
    outer loop
      vertex 0.231572 -6 6.59162
      vertex 0.428761 -5.2 6.83189
      vertex 0.231572 -5.2 6.59162
    endloop
  endfacet
  facet normal -0.773003 0 0.634402
    outer loop
      vertex 0.428761 -5.2 6.83189
      vertex 0.231572 -6 6.59162
      vertex 0.428761 -6 6.83189
    endloop
  endfacet
  facet normal -0.812849 0 0.582475
    outer loop
      vertex 0.0505199 -6 6.33896
      vertex 0.231572 -5.2 6.59162
      vertex 0.0505199 -5.2 6.33896
    endloop
  endfacet
  facet normal -0.812849 0 0.582475
    outer loop
      vertex 0.231572 -5.2 6.59162
      vertex 0.0505199 -6 6.33896
      vertex 0.231572 -6 6.59162
    endloop
  endfacet
  facet normal -0.290283 0 0.956941
    outer loop
      vertex 2.47316 -5.2 8.19792
      vertex 2.77061 -6 8.28815
      vertex 2.77061 -5.2 8.28815
    endloop
  endfacet
  facet normal -0.290283 0 0.956941
    outer loop
      vertex 2.77061 -6 8.28815
      vertex 2.47316 -5.2 8.19792
      vertex 2.47316 -6 8.19792
    endloop
  endfacet
  facet normal -0.352248 0 0.935907
    outer loop
      vertex 2.18225 -5.2 8.08843
      vertex 2.47316 -6 8.19792
      vertex 2.47316 -5.2 8.19792
    endloop
  endfacet
  facet normal -0.352248 0 0.935907
    outer loop
      vertex 2.47316 -6 8.19792
      vertex 2.18225 -5.2 8.08843
      vertex 2.18225 -6 8.08843
    endloop
  endfacet
  facet normal -0.471383 0 0.881929
    outer loop
      vertex 1.625 -5.2 7.81362
      vertex 1.89913 -6 7.96014
      vertex 1.89913 -5.2 7.96014
    endloop
  endfacet
  facet normal -0.471383 0 0.881929
    outer loop
      vertex 1.89913 -6 7.96014
      vertex 1.625 -5.2 7.81362
      vertex 1.625 -6 7.81362
    endloop
  endfacet
  facet normal 0.995184 0 -0.0980256
    outer loop
      vertex 8.73983 -6 3.38934
      vertex 8.70936 -5.2 3.08
      vertex 8.73983 -5.2 3.38934
    endloop
  endfacet
  facet normal 0.995184 0 -0.0980256
    outer loop
      vertex 8.70936 -5.2 3.08
      vertex 8.73983 -6 3.38934
      vertex 8.70936 -6 3.08
    endloop
  endfacet
  facet normal 0.999465 0 -0.0327192
    outer loop
      vertex 8.75 -6 3.7
      vertex 8.73983 -5.2 3.38934
      vertex 8.75 -5.2 3.7
    endloop
  endfacet
  facet normal 0.999465 0 -0.0327192
    outer loop
      vertex 8.73983 -5.2 3.38934
      vertex 8.75 -6 3.7
      vertex 8.73983 -6 3.38934
    endloop
  endfacet
  facet normal 0.956941 0 -0.290283
    outer loop
      vertex 8.58815 -6 2.47061
      vertex 8.49792 -5.2 2.17316
      vertex 8.58815 -5.2 2.47061
    endloop
  endfacet
  facet normal 0.956941 0 -0.290283
    outer loop
      vertex 8.49792 -5.2 2.17316
      vertex 8.58815 -6 2.47061
      vertex 8.49792 -6 2.17316
    endloop
  endfacet
  facet normal 0.973878 0 -0.22707
    outer loop
      vertex 8.65873 -6 2.77332
      vertex 8.58815 -5.2 2.47061
      vertex 8.65873 -5.2 2.77332
    endloop
  endfacet
  facet normal 0.973878 0 -0.22707
    outer loop
      vertex 8.58815 -5.2 2.47061
      vertex 8.65873 -6 2.77332
      vertex 8.58815 -6 2.47061
    endloop
  endfacet
  facet normal 0.986645 0 -0.162886
    outer loop
      vertex 8.70936 -6 3.08
      vertex 8.65873 -5.2 2.77332
      vertex 8.70936 -5.2 3.08
    endloop
  endfacet
  facet normal 0.986645 0 -0.162886
    outer loop
      vertex 8.65873 -5.2 2.77332
      vertex 8.70936 -6 3.08
      vertex 8.65873 -6 2.77332
    endloop
  endfacet
  facet normal 0.0980256 0 -0.995184
    outer loop
      vertex 4.31066 -6 -1.03983
      vertex 4.62 -5.2 -1.00936
      vertex 4.62 -6 -1.00936
    endloop
  endfacet
  facet normal 0.0980256 0 -0.995184
    outer loop
      vertex 4.62 -5.2 -1.00936
      vertex 4.31066 -6 -1.03983
      vertex 4.31066 -5.2 -1.03983
    endloop
  endfacet
  facet normal 0.290283 0 -0.956941
    outer loop
      vertex 5.22939 -6 -0.888147
      vertex 5.52684 -5.2 -0.797917
      vertex 5.52684 -6 -0.797917
    endloop
  endfacet
  facet normal 0.290283 0 -0.956941
    outer loop
      vertex 5.52684 -5.2 -0.797917
      vertex 5.22939 -6 -0.888147
      vertex 5.22939 -5.2 -0.888147
    endloop
  endfacet
  facet normal 0.352245 0 -0.935908
    outer loop
      vertex 5.52684 -6 -0.797917
      vertex 5.81775 -5.2 -0.688428
      vertex 5.81775 -6 -0.688428
    endloop
  endfacet
  facet normal 0.352245 0 -0.935908
    outer loop
      vertex 5.81775 -5.2 -0.688428
      vertex 5.52684 -6 -0.797917
      vertex 5.52684 -5.2 -0.797917
    endloop
  endfacet
  facet normal 0.634402 0 -0.773004
    outer loop
      vertex 6.89162 -6 -0.0684278
      vertex 7.13189 -5.2 0.128761
      vertex 7.13189 -6 0.128761
    endloop
  endfacet
  facet normal 0.634402 0 -0.773004
    outer loop
      vertex 7.13189 -5.2 0.128761
      vertex 6.89162 -6 -0.0684278
      vertex 6.89162 -5.2 -0.0684278
    endloop
  endfacet
  facet normal 0.471395 0 -0.881922
    outer loop
      vertex 6.10087 -6 -0.560145
      vertex 6.375 -5.2 -0.41362
      vertex 6.375 -6 -0.41362
    endloop
  endfacet
  facet normal 0.471395 0 -0.881922
    outer loop
      vertex 6.375 -5.2 -0.41362
      vertex 6.10087 -6 -0.560145
      vertex 6.10087 -5.2 -0.560145
    endloop
  endfacet
  facet normal 0.528066 0 -0.849203
    outer loop
      vertex 6.375 -6 -0.41362
      vertex 6.63896 -5.2 -0.24948
      vertex 6.63896 -6 -0.24948
    endloop
  endfacet
  facet normal 0.528066 0 -0.849203
    outer loop
      vertex 6.63896 -5.2 -0.24948
      vertex 6.375 -6 -0.41362
      vertex 6.375 -5.2 -0.41362
    endloop
  endfacet
  facet normal 0.881915 0 -0.471408
    outer loop
      vertex 8.26015 -6 1.59913
      vertex 8.11362 -5.2 1.325
      vertex 8.26015 -5.2 1.59913
    endloop
  endfacet
  facet normal 0.881915 0 -0.471408
    outer loop
      vertex 8.11362 -5.2 1.325
      vertex 8.26015 -6 1.59913
      vertex 8.11362 -6 1.325
    endloop
  endfacet
  facet normal 0.77301 0 -0.634394
    outer loop
      vertex 7.76843 -6 0.808384
      vertex 7.57124 -5.2 0.568108
      vertex 7.76843 -5.2 0.808384
    endloop
  endfacet
  facet normal 0.77301 0 -0.634394
    outer loop
      vertex 7.57124 -5.2 0.568108
      vertex 7.76843 -6 0.808384
      vertex 7.57124 -6 0.568108
    endloop
  endfacet
  facet normal 0.812848 0 -0.582476
    outer loop
      vertex 7.94948 -6 1.06104
      vertex 7.76843 -5.2 0.808384
      vertex 7.94948 -5.2 1.06104
    endloop
  endfacet
  facet normal 0.812848 0 -0.582476
    outer loop
      vertex 7.76843 -5.2 0.808384
      vertex 7.94948 -6 1.06104
      vertex 7.76843 -6 0.808384
    endloop
  endfacet
  facet normal -0.0980256 0 -0.995184
    outer loop
      vertex 3.38 -6 -1.00936
      vertex 3.68934 -5.2 -1.03983
      vertex 3.68934 -6 -1.03983
    endloop
  endfacet
  facet normal -0.0980256 0 -0.995184
    outer loop
      vertex 3.68934 -5.2 -1.03983
      vertex 3.38 -6 -1.00936
      vertex 3.38 -5.2 -1.00936
    endloop
  endfacet
  facet normal -0.0327192 0 -0.999465
    outer loop
      vertex 3.68934 -6 -1.03983
      vertex 4 -5.2 -1.05
      vertex 4 -6 -1.05
    endloop
  endfacet
  facet normal -0.0327192 0 -0.999465
    outer loop
      vertex 4 -5.2 -1.05
      vertex 3.68934 -6 -1.03983
      vertex 3.68934 -5.2 -1.03983
    endloop
  endfacet
  facet normal -0.290283 0 -0.956941
    outer loop
      vertex 2.47316 -6 -0.797917
      vertex 2.77061 -5.2 -0.888147
      vertex 2.77061 -6 -0.888147
    endloop
  endfacet
  facet normal -0.290283 0 -0.956941
    outer loop
      vertex 2.77061 -5.2 -0.888147
      vertex 2.47316 -6 -0.797917
      vertex 2.47316 -5.2 -0.797917
    endloop
  endfacet
  facet normal -0.471395 0 -0.881922
    outer loop
      vertex 1.625 -6 -0.41362
      vertex 1.89913 -5.2 -0.560145
      vertex 1.89913 -6 -0.560145
    endloop
  endfacet
  facet normal -0.471395 0 -0.881922
    outer loop
      vertex 1.89913 -5.2 -0.560145
      vertex 1.625 -6 -0.41362
      vertex 1.625 -5.2 -0.41362
    endloop
  endfacet
  facet normal -0.634398 0 -0.773006
    outer loop
      vertex 0.868108 -6 0.128761
      vertex 1.10838 -5.2 -0.0684278
      vertex 1.10838 -6 -0.0684278
    endloop
  endfacet
  facet normal -0.634398 0 -0.773006
    outer loop
      vertex 1.10838 -5.2 -0.0684278
      vertex 0.868108 -6 0.128761
      vertex 0.868108 -5.2 0.128761
    endloop
  endfacet
  facet normal -0.582475 0 -0.812849
    outer loop
      vertex 1.10838 -6 -0.0684278
      vertex 1.36104 -5.2 -0.24948
      vertex 1.36104 -6 -0.24948
    endloop
  endfacet
  facet normal -0.582475 0 -0.812849
    outer loop
      vertex 1.36104 -5.2 -0.24948
      vertex 1.10838 -6 -0.0684278
      vertex 1.10838 -5.2 -0.0684278
    endloop
  endfacet
  facet normal -0.956941 0 -0.290283
    outer loop
      vertex -0.497917 -6 2.17316
      vertex -0.588147 -5.2 2.47061
      vertex -0.497917 -5.2 2.17316
    endloop
  endfacet
  facet normal -0.956941 -0 -0.290283
    outer loop
      vertex -0.588147 -5.2 2.47061
      vertex -0.497917 -6 2.17316
      vertex -0.588147 -6 2.47061
    endloop
  endfacet
  facet normal -0.935908 0 -0.352245
    outer loop
      vertex -0.388428 -6 1.88225
      vertex -0.497917 -5.2 2.17316
      vertex -0.388428 -5.2 1.88225
    endloop
  endfacet
  facet normal -0.935908 -0 -0.352245
    outer loop
      vertex -0.497917 -5.2 2.17316
      vertex -0.388428 -6 1.88225
      vertex -0.497917 -6 2.17316
    endloop
  endfacet
  facet normal -0.995185 0 -0.0980129
    outer loop
      vertex -0.709363 -6 3.08
      vertex -0.739829 -5.2 3.38934
      vertex -0.709363 -5.2 3.08
    endloop
  endfacet
  facet normal -0.995185 -0 -0.0980129
    outer loop
      vertex -0.739829 -5.2 3.38934
      vertex -0.709363 -6 3.08
      vertex -0.739829 -6 3.38934
    endloop
  endfacet
  facet normal -0.881922 0 -0.471395
    outer loop
      vertex -0.11362 -6 1.325
      vertex -0.260145 -5.2 1.59913
      vertex -0.11362 -5.2 1.325
    endloop
  endfacet
  facet normal -0.881922 -0 -0.471395
    outer loop
      vertex -0.260145 -5.2 1.59913
      vertex -0.11362 -6 1.325
      vertex -0.260145 -6 1.59913
    endloop
  endfacet
  facet normal -0.849204 0 -0.528066
    outer loop
      vertex 0.0505199 -6 1.06104
      vertex -0.11362 -5.2 1.325
      vertex 0.0505199 -5.2 1.06104
    endloop
  endfacet
  facet normal -0.849204 -0 -0.528066
    outer loop
      vertex -0.11362 -5.2 1.325
      vertex 0.0505199 -6 1.06104
      vertex -0.11362 -6 1.325
    endloop
  endfacet
  facet normal -0.773011 0 -0.634392
    outer loop
      vertex 0.428761 -6 0.568108
      vertex 0.231572 -5.2 0.808384
      vertex 0.428761 -5.2 0.568108
    endloop
  endfacet
  facet normal -0.773011 -0 -0.634392
    outer loop
      vertex 0.231572 -5.2 0.808384
      vertex 0.428761 -6 0.568108
      vertex 0.231572 -6 0.808384
    endloop
  endfacet
  facet normal 0.999464 -0 0.0327301
    outer loop
      vertex 6.74411 -10 3.87986
      vertex 6.75 -6 3.7
      vertex 6.74411 -6 3.87986
    endloop
  endfacet
  facet normal 0.999464 0 0.0327301
    outer loop
      vertex 6.75 -6 3.7
      vertex 6.74411 -10 3.87986
      vertex 6.75 -10 3.7
    endloop
  endfacet
  facet normal 0.995178 0 0.0980829
    outer loop
      vertex 6.72647 -11.2703 4.05895
      vertex 6.72647 -11.4 4.05895
      vertex 6.73228 -11.4 4
    endloop
  endfacet
  facet normal 0.995184 -0 0.0980236
    outer loop
      vertex 6.72647 -10 4.05895
      vertex 6.74411 -6 3.87986
      vertex 6.72647 -6 4.05895
    endloop
  endfacet
  facet normal 0.995184 0 0.0980236
    outer loop
      vertex 6.74411 -6 3.87986
      vertex 6.72647 -10 4.05895
      vertex 6.74411 -10 3.87986
    endloop
  endfacet
  facet normal -0.999464 0 0.0327301
    outer loop
      vertex 1.25 -11.4 3.7
      vertex 1.25589 -6 3.87986
      vertex 1.25 -6 3.7
    endloop
  endfacet
  facet normal -0.999464 0 0.0327301
    outer loop
      vertex 1.25589 -6 3.87986
      vertex 1.25 -11.4 3.7
      vertex 1.25589 -11.4 3.87986
    endloop
  endfacet
  facet normal 0.0327301 0 0.999464
    outer loop
      vertex 4 -6 6.45
      vertex 4.17986 -11.4 6.44411
      vertex 4.17986 -6 6.44411
    endloop
  endfacet
  facet normal 0.0327301 0 0.999464
    outer loop
      vertex 4.17986 -11.4 6.44411
      vertex 4 -6 6.45
      vertex 4 -11.4 6.45
    endloop
  endfacet
  facet normal 0.683612 0 0.729846
    outer loop
      vertex 5.8132 -6 5.76756
      vertex 5.94454 -11.4 5.64454
      vertex 5.94454 -6 5.64454
    endloop
  endfacet
  facet normal 0.683612 0 0.729846
    outer loop
      vertex 5.94454 -11.4 5.64454
      vertex 5.8132 -6 5.76756
      vertex 5.8132 -11.4 5.76756
    endloop
  endfacet
  facet normal -0.683612 0 0.729846
    outer loop
      vertex 2.05546 -6 5.64454
      vertex 2.1868 -11.4 5.76756
      vertex 2.1868 -6 5.76756
    endloop
  endfacet
  facet normal -0.683612 0 0.729846
    outer loop
      vertex 2.1868 -11.4 5.76756
      vertex 2.05546 -6 5.64454
      vertex 2.05546 -11.4 5.64454
    endloop
  endfacet
  facet normal 0.032719 0 -0.999465
    outer loop
      vertex 4 -11.4 0.95
      vertex 4.17986 -6 0.955888
      vertex 4.17986 -11.4 0.955888
    endloop
  endfacet
  facet normal 0.032719 0 -0.999465
    outer loop
      vertex 4.17986 -6 0.955888
      vertex 4 -11.4 0.95
      vertex 4 -6 0.95
    endloop
  endfacet
  facet normal 0.910857 -0 0.412722
    outer loop
      vertex 6.4664 -11.4 4.91629
      vertex 6.54067 -6 4.75238
      vertex 6.4664 -6 4.91629
    endloop
  endfacet
  facet normal 0.910857 0 0.412722
    outer loop
      vertex 6.54067 -6 4.75238
      vertex 6.4664 -11.4 4.91629
      vertex 6.54067 -11.4 4.75238
    endloop
  endfacet
  facet normal -0.52807 0 -0.849201
    outer loop
      vertex 2.47218 -11.4 1.41346
      vertex 2.625 -6 1.31843
      vertex 2.625 -11.4 1.31843
    endloop
  endfacet
  facet normal -0.52807 0 -0.849201
    outer loop
      vertex 2.625 -6 1.31843
      vertex 2.47218 -11.4 1.41346
      vertex 2.47218 -6 1.41346
    endloop
  endfacet
  facet normal 0.812835 -0 0.582494
    outer loop
      vertex 6.18172 -11.4 5.37409
      vertex 6.28654 -6 5.22782
      vertex 6.18172 -6 5.37409
    endloop
  endfacet
  facet normal 0.812835 0 0.582494
    outer loop
      vertex 6.28654 -6 5.22782
      vertex 6.18172 -11.4 5.37409
      vertex 6.28654 -11.4 5.22782
    endloop
  endfacet
  facet normal 0.227063 0 0.97388
    outer loop
      vertex 4.5365 -6 6.39716
      vertex 4.71175 -11.4 6.3563
      vertex 4.71175 -6 6.3563
    endloop
  endfacet
  facet normal 0.227063 0 0.97388
    outer loop
      vertex 4.71175 -11.4 6.3563
      vertex 4.5365 -6 6.39716
      vertex 4.5365 -11.4 6.39716
    endloop
  endfacet
  facet normal 0.162876 0 0.986647
    outer loop
      vertex 4.35895 -6 6.42647
      vertex 4.5365 -11.4 6.39716
      vertex 4.5365 -6 6.39716
    endloop
  endfacet
  facet normal 0.162876 0 0.986647
    outer loop
      vertex 4.5365 -11.4 6.39716
      vertex 4.35895 -6 6.42647
      vertex 4.35895 -11.4 6.42647
    endloop
  endfacet
  facet normal 0.582494 0 0.812835
    outer loop
      vertex 5.52782 -6 5.98654
      vertex 5.67409 -11.4 5.88172
      vertex 5.67409 -6 5.88172
    endloop
  endfacet
  facet normal 0.582494 0 0.812835
    outer loop
      vertex 5.67409 -11.4 5.88172
      vertex 5.52782 -6 5.98654
      vertex 5.52782 -11.4 5.98654
    endloop
  endfacet
  facet normal -0.97388 0 0.227063
    outer loop
      vertex 1.30284 -11.4 4.2365
      vertex 1.3437 -6 4.41175
      vertex 1.30284 -6 4.2365
    endloop
  endfacet
  facet normal -0.97388 0 0.227063
    outer loop
      vertex 1.3437 -6 4.41175
      vertex 1.30284 -11.4 4.2365
      vertex 1.3437 -11.4 4.41175
    endloop
  endfacet
  facet normal -0.812835 0 0.582494
    outer loop
      vertex 1.71346 -11.4 5.22782
      vertex 1.81828 -6 5.37409
      vertex 1.71346 -6 5.22782
    endloop
  endfacet
  facet normal -0.812835 0 0.582494
    outer loop
      vertex 1.81828 -6 5.37409
      vertex 1.71346 -11.4 5.22782
      vertex 1.81828 -11.4 5.37409
    endloop
  endfacet
  facet normal -0.849201 0 0.52807
    outer loop
      vertex 1.61843 -11.4 5.075
      vertex 1.71346 -6 5.22782
      vertex 1.61843 -6 5.075
    endloop
  endfacet
  facet normal -0.849201 0 0.52807
    outer loop
      vertex 1.71346 -6 5.22782
      vertex 1.61843 -11.4 5.075
      vertex 1.71346 -11.4 5.22782
    endloop
  endfacet
  facet normal -0.986647 0 0.162876
    outer loop
      vertex 1.27353 -11.4 4.05895
      vertex 1.30284 -6 4.2365
      vertex 1.27353 -6 4.05895
    endloop
  endfacet
  facet normal -0.986647 0 0.162876
    outer loop
      vertex 1.30284 -6 4.2365
      vertex 1.27353 -11.4 4.05895
      vertex 1.30284 -11.4 4.2365
    endloop
  endfacet
  facet normal -0.52807 0 0.849201
    outer loop
      vertex 2.47218 -6 5.98654
      vertex 2.625 -11.4 6.08157
      vertex 2.625 -6 6.08157
    endloop
  endfacet
  facet normal -0.52807 0 0.849201
    outer loop
      vertex 2.625 -11.4 6.08157
      vertex 2.47218 -6 5.98654
      vertex 2.47218 -11.4 5.98654
    endloop
  endfacet
  facet normal -0.634378 0 0.773023
    outer loop
      vertex 2.1868 -6 5.76756
      vertex 2.32591 -11.4 5.88172
      vertex 2.32591 -6 5.88172
    endloop
  endfacet
  facet normal -0.634378 0 0.773023
    outer loop
      vertex 2.32591 -11.4 5.88172
      vertex 2.1868 -6 5.76756
      vertex 2.1868 -11.4 5.76756
    endloop
  endfacet
  facet normal -0.0327301 0 0.999464
    outer loop
      vertex 3.82014 -6 6.44411
      vertex 4 -11.4 6.45
      vertex 4 -6 6.45
    endloop
  endfacet
  facet normal -0.0327301 0 0.999464
    outer loop
      vertex 4 -11.4 6.45
      vertex 3.82014 -6 6.44411
      vertex 3.82014 -11.4 6.44411
    endloop
  endfacet
  facet normal 0.227063 0 -0.97388
    outer loop
      vertex 4.5365 -11.4 1.00284
      vertex 4.71175 -6 1.0437
      vertex 4.71175 -11.4 1.0437
    endloop
  endfacet
  facet normal 0.227063 0 -0.97388
    outer loop
      vertex 4.71175 -6 1.0437
      vertex 4.5365 -11.4 1.00284
      vertex 4.5365 -6 1.00284
    endloop
  endfacet
  facet normal 0.849201 0 -0.52807
    outer loop
      vertex 6.38157 -11.4 2.325
      vertex 6.28654 -6 2.17218
      vertex 6.38157 -6 2.325
    endloop
  endfacet
  facet normal 0.849201 0 -0.52807
    outer loop
      vertex 6.28654 -6 2.17218
      vertex 6.38157 -11.4 2.325
      vertex 6.28654 -11.4 2.17218
    endloop
  endfacet
  facet normal 0.881926 0 -0.471387
    outer loop
      vertex 6.4664 -11.4 2.48371
      vertex 6.38157 -6 2.325
      vertex 6.4664 -6 2.48371
    endloop
  endfacet
  facet normal 0.881926 0 -0.471387
    outer loop
      vertex 6.38157 -6 2.325
      vertex 6.4664 -11.4 2.48371
      vertex 6.38157 -11.4 2.325
    endloop
  endfacet
  facet normal -0.352256 0 -0.935904
    outer loop
      vertex 2.94762 -11.4 1.15933
      vertex 3.11604 -6 1.09594
      vertex 3.11604 -11.4 1.09594
    endloop
  endfacet
  facet normal -0.352256 0 -0.935904
    outer loop
      vertex 3.11604 -6 1.09594
      vertex 2.94762 -11.4 1.15933
      vertex 2.94762 -6 1.15933
    endloop
  endfacet
  facet normal -0.162892 0 -0.986644
    outer loop
      vertex 3.4635 -11.4 1.00284
      vertex 3.64105 -6 0.973527
      vertex 3.64105 -11.4 0.973527
    endloop
  endfacet
  facet normal -0.162892 0 -0.986644
    outer loop
      vertex 3.64105 -6 0.973527
      vertex 3.4635 -11.4 1.00284
      vertex 3.4635 -6 1.00284
    endloop
  endfacet
  facet normal -0.910857 0 -0.412722
    outer loop
      vertex 1.5336 -11.4 2.48371
      vertex 1.45933 -6 2.64762
      vertex 1.5336 -6 2.48371
    endloop
  endfacet
  facet normal -0.910857 -0 -0.412722
    outer loop
      vertex 1.45933 -6 2.64762
      vertex 1.5336 -11.4 2.48371
      vertex 1.45933 -11.4 2.64762
    endloop
  endfacet
  facet normal -0.935904 0 -0.352256
    outer loop
      vertex 1.45933 -11.4 2.64762
      vertex 1.39594 -6 2.81604
      vertex 1.45933 -6 2.64762
    endloop
  endfacet
  facet normal -0.935904 -0 -0.352256
    outer loop
      vertex 1.39594 -6 2.81604
      vertex 1.45933 -11.4 2.64762
      vertex 1.39594 -11.4 2.81604
    endloop
  endfacet
  facet normal -0.986647 0 -0.162876
    outer loop
      vertex 1.30284 -11.4 3.1635
      vertex 1.27353 -6 3.34105
      vertex 1.30284 -6 3.1635
    endloop
  endfacet
  facet normal -0.986647 -0 -0.162876
    outer loop
      vertex 1.27353 -6 3.34105
      vertex 1.30284 -11.4 3.1635
      vertex 1.27353 -11.4 3.34105
    endloop
  endfacet
  facet normal 0.97388 -0 0.227063
    outer loop
      vertex 6.6563 -11.4 4.41175
      vertex 6.69716 -10.8797 4.2365
      vertex 6.6563 -10.4941 4.41175
    endloop
  endfacet
  facet normal 0.97388 0 0.227063
    outer loop
      vertex 6.69716 -10.8797 4.2365
      vertex 6.6563 -11.4 4.41175
      vertex 6.69716 -11.4 4.2365
    endloop
  endfacet
  facet normal 0.97388 -0 0.227063
    outer loop
      vertex 6.6563 -10 4.41175
      vertex 6.69716 -6 4.2365
      vertex 6.6563 -6 4.41175
    endloop
  endfacet
  facet normal 0.97388 0 0.227063
    outer loop
      vertex 6.69716 -6 4.2365
      vertex 6.6563 -10 4.41175
      vertex 6.69716 -10 4.2365
    endloop
  endfacet
  facet normal 0.935904 -6.68503e-07 0.352256
    outer loop
      vertex 6.54067 -6 4.75238
      vertex 6.59802 -10 4.6
      vertex 6.60406 -6 4.58396
    endloop
  endfacet
  facet normal 0.93591 -0 0.352241
    outer loop
      vertex 6.54067 -11.4 4.75238
      vertex 6.59802 -10 4.6
      vertex 6.54067 -6 4.75238
    endloop
  endfacet
  facet normal 0.93591 0 0.352241
    outer loop
      vertex 6.59802 -10 4.6
      vertex 6.54067 -11.4 4.75238
      vertex 6.59802 -10.08 4.6
    endloop
  endfacet
  facet normal 0.935861 1.69607e-05 0.352369
    outer loop
      vertex 6.54067 -11.4 4.75238
      vertex 6.60406 -10.1153 4.58396
      vertex 6.59802 -10.08 4.6
    endloop
  endfacet
  facet normal 0.935904 0 0.352256
    outer loop
      vertex 6.60406 -10.1153 4.58396
      vertex 6.54067 -11.4 4.75238
      vertex 6.60406 -11.4 4.58396
    endloop
  endfacet
  facet normal 0.935849 0 0.352402
    outer loop
      vertex 6.60406 -6 4.58396
      vertex 6.59802 -10 4.6
      vertex 6.60406 -10 4.58396
    endloop
  endfacet
  facet normal 0.956939 -0 0.290288
    outer loop
      vertex 6.60406 -11.4 4.58396
      vertex 6.6563 -10.4941 4.41175
      vertex 6.60406 -10.1153 4.58396
    endloop
  endfacet
  facet normal 0.956939 0 0.290288
    outer loop
      vertex 6.6563 -10.4941 4.41175
      vertex 6.60406 -11.4 4.58396
      vertex 6.6563 -11.4 4.41175
    endloop
  endfacet
  facet normal 0.956939 -0 0.290288
    outer loop
      vertex 6.60406 -10 4.58396
      vertex 6.6563 -6 4.41175
      vertex 6.60406 -6 4.58396
    endloop
  endfacet
  facet normal 0.956939 0 0.290288
    outer loop
      vertex 6.6563 -6 4.41175
      vertex 6.60406 -10 4.58396
      vertex 6.6563 -10 4.41175
    endloop
  endfacet
  facet normal 0.773023 -0 0.634378
    outer loop
      vertex 6.06756 -11.4 5.5132
      vertex 6.18172 -6 5.37409
      vertex 6.06756 -6 5.5132
    endloop
  endfacet
  facet normal 0.773023 0 0.634378
    outer loop
      vertex 6.18172 -6 5.37409
      vertex 6.06756 -11.4 5.5132
      vertex 6.18172 -11.4 5.37409
    endloop
  endfacet
  facet normal 0.849201 -0 0.52807
    outer loop
      vertex 6.28654 -11.4 5.22782
      vertex 6.38157 -6 5.075
      vertex 6.28654 -6 5.22782
    endloop
  endfacet
  facet normal 0.849201 0 0.52807
    outer loop
      vertex 6.38157 -6 5.075
      vertex 6.28654 -11.4 5.22782
      vertex 6.38157 -11.4 5.075
    endloop
  endfacet
  facet normal 0.881926 -0 0.471387
    outer loop
      vertex 6.38157 -11.4 5.075
      vertex 6.4664 -6 4.91629
      vertex 6.38157 -6 5.075
    endloop
  endfacet
  facet normal 0.881926 0 0.471387
    outer loop
      vertex 6.4664 -6 4.91629
      vertex 6.38157 -11.4 5.075
      vertex 6.4664 -11.4 4.91629
    endloop
  endfacet
  facet normal 0.352256 0 0.935904
    outer loop
      vertex 4.88396 -6 6.30406
      vertex 5.05238 -11.4 6.24067
      vertex 5.05238 -6 6.24067
    endloop
  endfacet
  facet normal 0.352256 0 0.935904
    outer loop
      vertex 5.05238 -11.4 6.24067
      vertex 4.88396 -6 6.30406
      vertex 4.88396 -11.4 6.30406
    endloop
  endfacet
  facet normal 0.290288 0 0.956939
    outer loop
      vertex 4.71175 -6 6.3563
      vertex 4.88396 -11.4 6.30406
      vertex 4.88396 -6 6.30406
    endloop
  endfacet
  facet normal 0.290288 0 0.956939
    outer loop
      vertex 4.88396 -11.4 6.30406
      vertex 4.71175 -6 6.3563
      vertex 4.71175 -11.4 6.3563
    endloop
  endfacet
  facet normal 0.0980236 0 0.995184
    outer loop
      vertex 4.17986 -6 6.44411
      vertex 4.35895 -11.4 6.42647
      vertex 4.35895 -6 6.42647
    endloop
  endfacet
  facet normal 0.0980236 0 0.995184
    outer loop
      vertex 4.35895 -11.4 6.42647
      vertex 4.17986 -6 6.44411
      vertex 4.17986 -11.4 6.44411
    endloop
  endfacet
  facet normal 0.412722 0 0.910857
    outer loop
      vertex 5.05238 -6 6.24067
      vertex 5.21629 -11.4 6.1664
      vertex 5.21629 -6 6.1664
    endloop
  endfacet
  facet normal 0.412722 0 0.910857
    outer loop
      vertex 5.21629 -11.4 6.1664
      vertex 5.05238 -6 6.24067
      vertex 5.05238 -11.4 6.24067
    endloop
  endfacet
  facet normal 0.52807 0 0.849201
    outer loop
      vertex 5.375 -6 6.08157
      vertex 5.52782 -11.4 5.98654
      vertex 5.52782 -6 5.98654
    endloop
  endfacet
  facet normal 0.52807 0 0.849201
    outer loop
      vertex 5.52782 -11.4 5.98654
      vertex 5.375 -6 6.08157
      vertex 5.375 -11.4 6.08157
    endloop
  endfacet
  facet normal 0.634378 0 0.773023
    outer loop
      vertex 5.67409 -6 5.88172
      vertex 5.8132 -11.4 5.76756
      vertex 5.8132 -6 5.76756
    endloop
  endfacet
  facet normal 0.634378 0 0.773023
    outer loop
      vertex 5.8132 -11.4 5.76756
      vertex 5.67409 -6 5.88172
      vertex 5.67409 -11.4 5.88172
    endloop
  endfacet
  facet normal -0.910857 0 0.412722
    outer loop
      vertex 1.45933 -11.4 4.75238
      vertex 1.5336 -6 4.91629
      vertex 1.45933 -6 4.75238
    endloop
  endfacet
  facet normal -0.910857 0 0.412722
    outer loop
      vertex 1.5336 -6 4.91629
      vertex 1.45933 -11.4 4.75238
      vertex 1.5336 -11.4 4.91629
    endloop
  endfacet
  facet normal -0.935904 0 0.352256
    outer loop
      vertex 1.39594 -11.4 4.58396
      vertex 1.45933 -6 4.75238
      vertex 1.39594 -6 4.58396
    endloop
  endfacet
  facet normal -0.935904 0 0.352256
    outer loop
      vertex 1.45933 -6 4.75238
      vertex 1.39594 -11.4 4.58396
      vertex 1.45933 -11.4 4.75238
    endloop
  endfacet
  facet normal -0.956939 0 0.290288
    outer loop
      vertex 1.3437 -11.4 4.41175
      vertex 1.39594 -6 4.58396
      vertex 1.3437 -6 4.41175
    endloop
  endfacet
  facet normal -0.956939 0 0.290288
    outer loop
      vertex 1.39594 -6 4.58396
      vertex 1.3437 -11.4 4.41175
      vertex 1.39594 -11.4 4.58396
    endloop
  endfacet
  facet normal -0.995184 0 0.0980236
    outer loop
      vertex 1.25589 -11.4 3.87986
      vertex 1.27353 -6 4.05895
      vertex 1.25589 -6 3.87986
    endloop
  endfacet
  facet normal -0.995184 0 0.0980236
    outer loop
      vertex 1.27353 -6 4.05895
      vertex 1.25589 -11.4 3.87986
      vertex 1.27353 -11.4 4.05895
    endloop
  endfacet
  facet normal -0.582494 0 0.812835
    outer loop
      vertex 2.32591 -6 5.88172
      vertex 2.47218 -11.4 5.98654
      vertex 2.47218 -6 5.98654
    endloop
  endfacet
  facet normal -0.582494 0 0.812835
    outer loop
      vertex 2.47218 -11.4 5.98654
      vertex 2.32591 -6 5.88172
      vertex 2.32591 -11.4 5.88172
    endloop
  endfacet
  facet normal -0.412722 0 0.910857
    outer loop
      vertex 2.78371 -6 6.1664
      vertex 2.94762 -11.4 6.24067
      vertex 2.94762 -6 6.24067
    endloop
  endfacet
  facet normal -0.412722 0 0.910857
    outer loop
      vertex 2.94762 -11.4 6.24067
      vertex 2.78371 -6 6.1664
      vertex 2.78371 -11.4 6.1664
    endloop
  endfacet
  facet normal -0.471387 0 0.881926
    outer loop
      vertex 2.625 -6 6.08157
      vertex 2.78371 -11.4 6.1664
      vertex 2.78371 -6 6.1664
    endloop
  endfacet
  facet normal -0.471387 0 0.881926
    outer loop
      vertex 2.78371 -11.4 6.1664
      vertex 2.625 -6 6.08157
      vertex 2.625 -11.4 6.08157
    endloop
  endfacet
  facet normal -0.227063 0 0.97388
    outer loop
      vertex 3.28825 -6 6.3563
      vertex 3.4635 -11.4 6.39716
      vertex 3.4635 -6 6.39716
    endloop
  endfacet
  facet normal -0.227063 0 0.97388
    outer loop
      vertex 3.4635 -11.4 6.39716
      vertex 3.28825 -6 6.3563
      vertex 3.28825 -11.4 6.3563
    endloop
  endfacet
  facet normal 0.582494 0 -0.812835
    outer loop
      vertex 5.52782 -11.4 1.41346
      vertex 5.67409 -6 1.51828
      vertex 5.67409 -11.4 1.51828
    endloop
  endfacet
  facet normal 0.582494 0 -0.812835
    outer loop
      vertex 5.67409 -6 1.51828
      vertex 5.52782 -11.4 1.41346
      vertex 5.52782 -6 1.41346
    endloop
  endfacet
  facet normal 0.412722 0 -0.910857
    outer loop
      vertex 5.05238 -11.4 1.15933
      vertex 5.21629 -6 1.2336
      vertex 5.21629 -11.4 1.2336
    endloop
  endfacet
  facet normal 0.412722 0 -0.910857
    outer loop
      vertex 5.21629 -6 1.2336
      vertex 5.05238 -11.4 1.15933
      vertex 5.05238 -6 1.15933
    endloop
  endfacet
  facet normal 0.52807 0 -0.849201
    outer loop
      vertex 5.375 -11.4 1.31843
      vertex 5.52782 -6 1.41346
      vertex 5.52782 -11.4 1.41346
    endloop
  endfacet
  facet normal 0.52807 0 -0.849201
    outer loop
      vertex 5.52782 -6 1.41346
      vertex 5.375 -11.4 1.31843
      vertex 5.375 -6 1.31843
    endloop
  endfacet
  facet normal 0.773023 0 -0.634378
    outer loop
      vertex 6.18172 -11.4 2.02591
      vertex 6.06756 -6 1.8868
      vertex 6.18172 -6 2.02591
    endloop
  endfacet
  facet normal 0.773023 0 -0.634378
    outer loop
      vertex 6.06756 -6 1.8868
      vertex 6.18172 -11.4 2.02591
      vertex 6.06756 -11.4 1.8868
    endloop
  endfacet
  facet normal 0.935849 0 -0.352402
    outer loop
      vertex 6.59802 -10 2.8
      vertex 6.60406 -6 2.81604
      vertex 6.60406 -10 2.81604
    endloop
  endfacet
  facet normal 0.935904 -6.68503e-07 -0.352256
    outer loop
      vertex 6.60406 -6 2.81604
      vertex 6.59802 -10 2.8
      vertex 6.54067 -6 2.64762
    endloop
  endfacet
  facet normal 0.93591 0 -0.352241
    outer loop
      vertex 6.54067 -11.4 2.64762
      vertex 6.59802 -10 2.8
      vertex 6.59802 -10.08 2.8
    endloop
  endfacet
  facet normal 0.935904 0 -0.352256
    outer loop
      vertex 6.54067 -11.4 2.64762
      vertex 6.60406 -10.1153 2.81604
      vertex 6.60406 -11.4 2.81604
    endloop
  endfacet
  facet normal 0.935861 1.69607e-05 -0.352369
    outer loop
      vertex 6.60406 -10.1153 2.81604
      vertex 6.54067 -11.4 2.64762
      vertex 6.59802 -10.08 2.8
    endloop
  endfacet
  facet normal 0.93591 0 -0.352241
    outer loop
      vertex 6.59802 -10 2.8
      vertex 6.54067 -11.4 2.64762
      vertex 6.54067 -6 2.64762
    endloop
  endfacet
  facet normal 0.956939 0 -0.290288
    outer loop
      vertex 6.60406 -11.4 2.81604
      vertex 6.6563 -10.4941 2.98825
      vertex 6.6563 -11.4 2.98825
    endloop
  endfacet
  facet normal 0.956939 0 -0.290288
    outer loop
      vertex 6.6563 -10.4941 2.98825
      vertex 6.60406 -11.4 2.81604
      vertex 6.60406 -10.1153 2.81604
    endloop
  endfacet
  facet normal 0.956939 0 -0.290288
    outer loop
      vertex 6.6563 -10 2.98825
      vertex 6.60406 -6 2.81604
      vertex 6.6563 -6 2.98825
    endloop
  endfacet
  facet normal 0.956939 0 -0.290288
    outer loop
      vertex 6.60406 -6 2.81604
      vertex 6.6563 -10 2.98825
      vertex 6.60406 -10 2.81604
    endloop
  endfacet
  facet normal 0.995178 0 -0.0980829
    outer loop
      vertex 6.73228 -11.4 3.4
      vertex 6.72647 -11.4 3.34105
      vertex 6.72647 -11.2703 3.34105
    endloop
  endfacet
  facet normal 0.995184 0 -0.0980236
    outer loop
      vertex 6.74411 -10 3.52014
      vertex 6.72647 -6 3.34105
      vertex 6.74411 -6 3.52014
    endloop
  endfacet
  facet normal 0.995184 0 -0.0980236
    outer loop
      vertex 6.72647 -6 3.34105
      vertex 6.74411 -10 3.52014
      vertex 6.72647 -10 3.34105
    endloop
  endfacet
  facet normal 0.999464 0 -0.0327301
    outer loop
      vertex 6.75 -10 3.7
      vertex 6.74411 -6 3.52014
      vertex 6.75 -6 3.7
    endloop
  endfacet
  facet normal 0.999464 0 -0.0327301
    outer loop
      vertex 6.74411 -6 3.52014
      vertex 6.75 -10 3.7
      vertex 6.74411 -10 3.52014
    endloop
  endfacet
  facet normal -0.683612 0 -0.729846
    outer loop
      vertex 2.05546 -11.4 1.75546
      vertex 2.1868 -6 1.63244
      vertex 2.1868 -11.4 1.63244
    endloop
  endfacet
  facet normal -0.683612 0 -0.729846
    outer loop
      vertex 2.1868 -6 1.63244
      vertex 2.05546 -11.4 1.75546
      vertex 2.05546 -6 1.75546
    endloop
  endfacet
  facet normal -0.227063 0 -0.97388
    outer loop
      vertex 3.28825 -11.4 1.0437
      vertex 3.4635 -6 1.00284
      vertex 3.4635 -11.4 1.00284
    endloop
  endfacet
  facet normal -0.227063 0 -0.97388
    outer loop
      vertex 3.4635 -6 1.00284
      vertex 3.28825 -11.4 1.0437
      vertex 3.28825 -6 1.0437
    endloop
  endfacet
  facet normal -0.032719 0 -0.999465
    outer loop
      vertex 3.82014 -11.4 0.955888
      vertex 4 -6 0.95
      vertex 4 -11.4 0.95
    endloop
  endfacet
  facet normal -0.032719 0 -0.999465
    outer loop
      vertex 4 -6 0.95
      vertex 3.82014 -11.4 0.955888
      vertex 3.82014 -6 0.955888
    endloop
  endfacet
  facet normal -0.849201 0 -0.52807
    outer loop
      vertex 1.71346 -11.4 2.17218
      vertex 1.61843 -6 2.325
      vertex 1.71346 -6 2.17218
    endloop
  endfacet
  facet normal -0.849201 -0 -0.52807
    outer loop
      vertex 1.61843 -6 2.325
      vertex 1.71346 -11.4 2.17218
      vertex 1.61843 -11.4 2.325
    endloop
  endfacet
  facet normal -0.729846 0 -0.683612
    outer loop
      vertex 2.05546 -11.4 1.75546
      vertex 1.93244 -6 1.8868
      vertex 2.05546 -6 1.75546
    endloop
  endfacet
  facet normal -0.729846 -0 -0.683612
    outer loop
      vertex 1.93244 -6 1.8868
      vertex 2.05546 -11.4 1.75546
      vertex 1.93244 -11.4 1.8868
    endloop
  endfacet
  facet normal -0.812835 0 -0.582494
    outer loop
      vertex 1.81828 -11.4 2.02591
      vertex 1.71346 -6 2.17218
      vertex 1.81828 -6 2.02591
    endloop
  endfacet
  facet normal -0.812835 -0 -0.582494
    outer loop
      vertex 1.71346 -6 2.17218
      vertex 1.81828 -11.4 2.02591
      vertex 1.71346 -11.4 2.17218
    endloop
  endfacet
  facet normal -0.773023 0 -0.634378
    outer loop
      vertex 1.93244 -11.4 1.8868
      vertex 1.81828 -6 2.02591
      vertex 1.93244 -6 1.8868
    endloop
  endfacet
  facet normal -0.773023 -0 -0.634378
    outer loop
      vertex 1.81828 -6 2.02591
      vertex 1.93244 -11.4 1.8868
      vertex 1.81828 -11.4 2.02591
    endloop
  endfacet
  facet normal -0.881926 0 -0.471387
    outer loop
      vertex 1.61843 -11.4 2.325
      vertex 1.5336 -6 2.48371
      vertex 1.61843 -6 2.325
    endloop
  endfacet
  facet normal -0.881926 -0 -0.471387
    outer loop
      vertex 1.5336 -6 2.48371
      vertex 1.61843 -11.4 2.325
      vertex 1.5336 -11.4 2.48371
    endloop
  endfacet
  facet normal -0.97388 0 -0.227063
    outer loop
      vertex 1.3437 -11.4 2.98825
      vertex 1.30284 -6 3.1635
      vertex 1.3437 -6 2.98825
    endloop
  endfacet
  facet normal -0.97388 -0 -0.227063
    outer loop
      vertex 1.30284 -6 3.1635
      vertex 1.3437 -11.4 2.98825
      vertex 1.30284 -11.4 3.1635
    endloop
  endfacet
  facet normal -0.956939 0 -0.290288
    outer loop
      vertex 1.39594 -11.4 2.81604
      vertex 1.3437 -6 2.98825
      vertex 1.39594 -6 2.81604
    endloop
  endfacet
  facet normal -0.956939 -0 -0.290288
    outer loop
      vertex 1.3437 -6 2.98825
      vertex 1.39594 -11.4 2.81604
      vertex 1.3437 -11.4 2.98825
    endloop
  endfacet
  facet normal -0.999464 0 -0.0327301
    outer loop
      vertex 1.25589 -11.4 3.52014
      vertex 1.25 -6 3.7
      vertex 1.25589 -6 3.52014
    endloop
  endfacet
  facet normal -0.999464 -0 -0.0327301
    outer loop
      vertex 1.25 -6 3.7
      vertex 1.25589 -11.4 3.52014
      vertex 1.25 -11.4 3.7
    endloop
  endfacet
  facet normal -0.995184 0 -0.0980236
    outer loop
      vertex 1.27353 -11.4 3.34105
      vertex 1.25589 -6 3.52014
      vertex 1.27353 -6 3.34105
    endloop
  endfacet
  facet normal -0.995184 -0 -0.0980236
    outer loop
      vertex 1.25589 -6 3.52014
      vertex 1.27353 -11.4 3.34105
      vertex 1.25589 -11.4 3.52014
    endloop
  endfacet
  facet normal 0.986647 -0 0.162876
    outer loop
      vertex 6.69716 -11.4 4.2365
      vertex 6.72647 -11.2703 4.05895
      vertex 6.69716 -10.8797 4.2365
    endloop
  endfacet
  facet normal 0.986647 0 0.162876
    outer loop
      vertex 6.72647 -11.2703 4.05895
      vertex 6.69716 -11.4 4.2365
      vertex 6.72647 -11.4 4.05895
    endloop
  endfacet
  facet normal 0.986647 -0 0.162876
    outer loop
      vertex 6.69716 -10 4.2365
      vertex 6.72647 -6 4.05895
      vertex 6.69716 -6 4.2365
    endloop
  endfacet
  facet normal 0.986647 0 0.162876
    outer loop
      vertex 6.72647 -6 4.05895
      vertex 6.69716 -10 4.2365
      vertex 6.72647 -10 4.05895
    endloop
  endfacet
  facet normal 0.729846 -0 0.683612
    outer loop
      vertex 5.94454 -11.4 5.64454
      vertex 6.06756 -6 5.5132
      vertex 5.94454 -6 5.64454
    endloop
  endfacet
  facet normal 0.729846 0 0.683612
    outer loop
      vertex 6.06756 -6 5.5132
      vertex 5.94454 -11.4 5.64454
      vertex 6.06756 -11.4 5.5132
    endloop
  endfacet
  facet normal 0.471387 0 0.881926
    outer loop
      vertex 5.21629 -6 6.1664
      vertex 5.375 -11.4 6.08157
      vertex 5.375 -6 6.08157
    endloop
  endfacet
  facet normal 0.471387 0 0.881926
    outer loop
      vertex 5.375 -11.4 6.08157
      vertex 5.21629 -6 6.1664
      vertex 5.21629 -11.4 6.1664
    endloop
  endfacet
  facet normal -0.773023 0 0.634378
    outer loop
      vertex 1.81828 -11.4 5.37409
      vertex 1.93244 -6 5.5132
      vertex 1.81828 -6 5.37409
    endloop
  endfacet
  facet normal -0.773023 0 0.634378
    outer loop
      vertex 1.93244 -6 5.5132
      vertex 1.81828 -11.4 5.37409
      vertex 1.93244 -11.4 5.5132
    endloop
  endfacet
  facet normal -0.729846 0 0.683612
    outer loop
      vertex 1.93244 -11.4 5.5132
      vertex 2.05546 -6 5.64454
      vertex 1.93244 -6 5.5132
    endloop
  endfacet
  facet normal -0.729846 0 0.683612
    outer loop
      vertex 2.05546 -6 5.64454
      vertex 1.93244 -11.4 5.5132
      vertex 2.05546 -11.4 5.64454
    endloop
  endfacet
  facet normal -0.881926 0 0.471387
    outer loop
      vertex 1.5336 -11.4 4.91629
      vertex 1.61843 -6 5.075
      vertex 1.5336 -6 4.91629
    endloop
  endfacet
  facet normal -0.881926 0 0.471387
    outer loop
      vertex 1.61843 -6 5.075
      vertex 1.5336 -11.4 4.91629
      vertex 1.61843 -11.4 5.075
    endloop
  endfacet
  facet normal -0.290288 0 0.956939
    outer loop
      vertex 3.11604 -6 6.30406
      vertex 3.28825 -11.4 6.3563
      vertex 3.28825 -6 6.3563
    endloop
  endfacet
  facet normal -0.290288 0 0.956939
    outer loop
      vertex 3.28825 -11.4 6.3563
      vertex 3.11604 -6 6.30406
      vertex 3.11604 -11.4 6.30406
    endloop
  endfacet
  facet normal -0.352256 0 0.935904
    outer loop
      vertex 2.94762 -6 6.24067
      vertex 3.11604 -11.4 6.30406
      vertex 3.11604 -6 6.30406
    endloop
  endfacet
  facet normal -0.352256 0 0.935904
    outer loop
      vertex 3.11604 -11.4 6.30406
      vertex 2.94762 -6 6.24067
      vertex 2.94762 -11.4 6.24067
    endloop
  endfacet
  facet normal -0.0980236 0 0.995184
    outer loop
      vertex 3.64105 -6 6.42647
      vertex 3.82014 -11.4 6.44411
      vertex 3.82014 -6 6.44411
    endloop
  endfacet
  facet normal -0.0980236 0 0.995184
    outer loop
      vertex 3.82014 -11.4 6.44411
      vertex 3.64105 -6 6.42647
      vertex 3.64105 -11.4 6.42647
    endloop
  endfacet
  facet normal -0.162876 0 0.986647
    outer loop
      vertex 3.4635 -6 6.39716
      vertex 3.64105 -11.4 6.42647
      vertex 3.64105 -6 6.42647
    endloop
  endfacet
  facet normal -0.162876 0 0.986647
    outer loop
      vertex 3.64105 -11.4 6.42647
      vertex 3.4635 -6 6.39716
      vertex 3.4635 -11.4 6.39716
    endloop
  endfacet
  facet normal 0.0980181 0 -0.995185
    outer loop
      vertex 4.17986 -11.4 0.955888
      vertex 4.35895 -6 0.973527
      vertex 4.35895 -11.4 0.973527
    endloop
  endfacet
  facet normal 0.0980181 0 -0.995185
    outer loop
      vertex 4.35895 -6 0.973527
      vertex 4.17986 -11.4 0.955888
      vertex 4.17986 -6 0.955888
    endloop
  endfacet
  facet normal 0.162892 0 -0.986644
    outer loop
      vertex 4.35895 -11.4 0.973527
      vertex 4.5365 -6 1.00284
      vertex 4.5365 -11.4 1.00284
    endloop
  endfacet
  facet normal 0.162892 0 -0.986644
    outer loop
      vertex 4.5365 -6 1.00284
      vertex 4.35895 -11.4 0.973527
      vertex 4.35895 -6 0.973527
    endloop
  endfacet
  facet normal 0.290288 0 -0.956939
    outer loop
      vertex 4.71175 -11.4 1.0437
      vertex 4.88396 -6 1.09594
      vertex 4.88396 -11.4 1.09594
    endloop
  endfacet
  facet normal 0.290288 0 -0.956939
    outer loop
      vertex 4.88396 -6 1.09594
      vertex 4.71175 -11.4 1.0437
      vertex 4.71175 -6 1.0437
    endloop
  endfacet
  facet normal 0.352256 0 -0.935904
    outer loop
      vertex 4.88396 -11.4 1.09594
      vertex 5.05238 -6 1.15933
      vertex 5.05238 -11.4 1.15933
    endloop
  endfacet
  facet normal 0.352256 0 -0.935904
    outer loop
      vertex 5.05238 -6 1.15933
      vertex 4.88396 -11.4 1.09594
      vertex 4.88396 -6 1.09594
    endloop
  endfacet
  facet normal 0.683612 0 -0.729846
    outer loop
      vertex 5.8132 -11.4 1.63244
      vertex 5.94454 -6 1.75546
      vertex 5.94454 -11.4 1.75546
    endloop
  endfacet
  facet normal 0.683612 0 -0.729846
    outer loop
      vertex 5.94454 -6 1.75546
      vertex 5.8132 -11.4 1.63244
      vertex 5.8132 -6 1.63244
    endloop
  endfacet
  facet normal 0.729846 0 -0.683612
    outer loop
      vertex 6.06756 -11.4 1.8868
      vertex 5.94454 -6 1.75546
      vertex 6.06756 -6 1.8868
    endloop
  endfacet
  facet normal 0.729846 0 -0.683612
    outer loop
      vertex 5.94454 -6 1.75546
      vertex 6.06756 -11.4 1.8868
      vertex 5.94454 -11.4 1.75546
    endloop
  endfacet
  facet normal 0.634378 0 -0.773023
    outer loop
      vertex 5.67409 -11.4 1.51828
      vertex 5.8132 -6 1.63244
      vertex 5.8132 -11.4 1.63244
    endloop
  endfacet
  facet normal 0.634378 0 -0.773023
    outer loop
      vertex 5.8132 -6 1.63244
      vertex 5.67409 -11.4 1.51828
      vertex 5.67409 -6 1.51828
    endloop
  endfacet
  facet normal 0.471387 0 -0.881926
    outer loop
      vertex 5.21629 -11.4 1.2336
      vertex 5.375 -6 1.31843
      vertex 5.375 -11.4 1.31843
    endloop
  endfacet
  facet normal 0.471387 0 -0.881926
    outer loop
      vertex 5.375 -6 1.31843
      vertex 5.21629 -11.4 1.2336
      vertex 5.21629 -6 1.2336
    endloop
  endfacet
  facet normal 0.812835 0 -0.582494
    outer loop
      vertex 6.28654 -11.4 2.17218
      vertex 6.18172 -6 2.02591
      vertex 6.28654 -6 2.17218
    endloop
  endfacet
  facet normal 0.812835 0 -0.582494
    outer loop
      vertex 6.18172 -6 2.02591
      vertex 6.28654 -11.4 2.17218
      vertex 6.18172 -11.4 2.02591
    endloop
  endfacet
  facet normal 0.910857 0 -0.412722
    outer loop
      vertex 6.54067 -11.4 2.64762
      vertex 6.4664 -6 2.48371
      vertex 6.54067 -6 2.64762
    endloop
  endfacet
  facet normal 0.910857 0 -0.412722
    outer loop
      vertex 6.4664 -6 2.48371
      vertex 6.54067 -11.4 2.64762
      vertex 6.4664 -11.4 2.48371
    endloop
  endfacet
  facet normal 0.97388 0 -0.227063
    outer loop
      vertex 6.6563 -11.4 2.98825
      vertex 6.69716 -10.8797 3.1635
      vertex 6.69716 -11.4 3.1635
    endloop
  endfacet
  facet normal 0.97388 0 -0.227063
    outer loop
      vertex 6.69716 -10.8797 3.1635
      vertex 6.6563 -11.4 2.98825
      vertex 6.6563 -10.4941 2.98825
    endloop
  endfacet
  facet normal 0.97388 0 -0.227063
    outer loop
      vertex 6.69716 -10 3.1635
      vertex 6.6563 -6 2.98825
      vertex 6.69716 -6 3.1635
    endloop
  endfacet
  facet normal 0.97388 0 -0.227063
    outer loop
      vertex 6.6563 -6 2.98825
      vertex 6.69716 -10 3.1635
      vertex 6.6563 -10 2.98825
    endloop
  endfacet
  facet normal 0.986647 0 -0.162876
    outer loop
      vertex 6.69716 -11.4 3.1635
      vertex 6.72647 -11.2703 3.34105
      vertex 6.72647 -11.4 3.34105
    endloop
  endfacet
  facet normal 0.986647 0 -0.162876
    outer loop
      vertex 6.72647 -11.2703 3.34105
      vertex 6.69716 -11.4 3.1635
      vertex 6.69716 -10.8797 3.1635
    endloop
  endfacet
  facet normal 0.986647 0 -0.162876
    outer loop
      vertex 6.72647 -10 3.34105
      vertex 6.69716 -6 3.1635
      vertex 6.72647 -6 3.34105
    endloop
  endfacet
  facet normal 0.986647 0 -0.162876
    outer loop
      vertex 6.69716 -6 3.1635
      vertex 6.72647 -10 3.34105
      vertex 6.69716 -10 3.1635
    endloop
  endfacet
  facet normal -0.634378 0 -0.773023
    outer loop
      vertex 2.1868 -11.4 1.63244
      vertex 2.32591 -6 1.51828
      vertex 2.32591 -11.4 1.51828
    endloop
  endfacet
  facet normal -0.634378 0 -0.773023
    outer loop
      vertex 2.32591 -6 1.51828
      vertex 2.1868 -11.4 1.63244
      vertex 2.1868 -6 1.63244
    endloop
  endfacet
  facet normal -0.582494 0 -0.812835
    outer loop
      vertex 2.32591 -11.4 1.51828
      vertex 2.47218 -6 1.41346
      vertex 2.47218 -11.4 1.41346
    endloop
  endfacet
  facet normal -0.582494 0 -0.812835
    outer loop
      vertex 2.47218 -6 1.41346
      vertex 2.32591 -11.4 1.51828
      vertex 2.32591 -6 1.51828
    endloop
  endfacet
  facet normal -0.471387 0 -0.881926
    outer loop
      vertex 2.625 -11.4 1.31843
      vertex 2.78371 -6 1.2336
      vertex 2.78371 -11.4 1.2336
    endloop
  endfacet
  facet normal -0.471387 0 -0.881926
    outer loop
      vertex 2.78371 -6 1.2336
      vertex 2.625 -11.4 1.31843
      vertex 2.625 -6 1.31843
    endloop
  endfacet
  facet normal -0.412722 0 -0.910857
    outer loop
      vertex 2.78371 -11.4 1.2336
      vertex 2.94762 -6 1.15933
      vertex 2.94762 -11.4 1.15933
    endloop
  endfacet
  facet normal -0.412722 0 -0.910857
    outer loop
      vertex 2.94762 -6 1.15933
      vertex 2.78371 -11.4 1.2336
      vertex 2.78371 -6 1.2336
    endloop
  endfacet
  facet normal -0.290288 0 -0.956939
    outer loop
      vertex 3.11604 -11.4 1.09594
      vertex 3.28825 -6 1.0437
      vertex 3.28825 -11.4 1.0437
    endloop
  endfacet
  facet normal -0.290288 0 -0.956939
    outer loop
      vertex 3.28825 -6 1.0437
      vertex 3.11604 -11.4 1.09594
      vertex 3.11604 -6 1.09594
    endloop
  endfacet
  facet normal -0.0980181 0 -0.995185
    outer loop
      vertex 3.64105 -11.4 0.973527
      vertex 3.82014 -6 0.955888
      vertex 3.82014 -11.4 0.955888
    endloop
  endfacet
  facet normal -0.0980181 0 -0.995185
    outer loop
      vertex 3.82014 -6 0.955888
      vertex 3.64105 -11.4 0.973527
      vertex 3.64105 -6 0.973527
    endloop
  endfacet
  facet normal 0 -1 0
    outer loop
      vertex 1.27353 -11.4 3.34105
      vertex 6.73228 -11.4 3.4
      vertex 1.25589 -11.4 3.52014
    endloop
  endfacet
  facet normal 0 -1 0
    outer loop
      vertex 1.30284 -11.4 3.1635
      vertex 6.73228 -11.4 3.4
      vertex 1.27353 -11.4 3.34105
    endloop
  endfacet
  facet normal 0 -1 0
    outer loop
      vertex 6.69716 -11.4 3.1635
      vertex 6.73228 -11.4 3.4
      vertex 1.30284 -11.4 3.1635
    endloop
  endfacet
  facet normal 0 -1 0
    outer loop
      vertex 6.73228 -11.4 3.4
      vertex 6.69716 -11.4 3.1635
      vertex 6.72647 -11.4 3.34105
    endloop
  endfacet
  facet normal 0 -1 0
    outer loop
      vertex 1.3437 -11.4 2.98825
      vertex 6.69716 -11.4 3.1635
      vertex 1.30284 -11.4 3.1635
    endloop
  endfacet
  facet normal 0 -1 0
    outer loop
      vertex 1.3437 -11.4 2.98825
      vertex 6.6563 -11.4 2.98825
      vertex 6.69716 -11.4 3.1635
    endloop
  endfacet
  facet normal 0 -1 0
    outer loop
      vertex 1.39594 -11.4 2.81604
      vertex 6.6563 -11.4 2.98825
      vertex 1.3437 -11.4 2.98825
    endloop
  endfacet
  facet normal 0 -1 0
    outer loop
      vertex 1.39594 -11.4 2.81604
      vertex 6.60406 -11.4 2.81604
      vertex 6.6563 -11.4 2.98825
    endloop
  endfacet
  facet normal 0 -1 0
    outer loop
      vertex 1.45933 -11.4 2.64762
      vertex 6.60406 -11.4 2.81604
      vertex 1.39594 -11.4 2.81604
    endloop
  endfacet
  facet normal 0 -1 0
    outer loop
      vertex 1.45933 -11.4 2.64762
      vertex 6.54067 -11.4 2.64762
      vertex 6.60406 -11.4 2.81604
    endloop
  endfacet
  facet normal 0 -1 0
    outer loop
      vertex 1.5336 -11.4 2.48371
      vertex 6.54067 -11.4 2.64762
      vertex 1.45933 -11.4 2.64762
    endloop
  endfacet
  facet normal 0 -1 0
    outer loop
      vertex 1.5336 -11.4 2.48371
      vertex 6.4664 -11.4 2.48371
      vertex 6.54067 -11.4 2.64762
    endloop
  endfacet
  facet normal 0 -1 0
    outer loop
      vertex 1.61843 -11.4 2.325
      vertex 6.4664 -11.4 2.48371
      vertex 1.5336 -11.4 2.48371
    endloop
  endfacet
  facet normal 0 -1 0
    outer loop
      vertex 1.61843 -11.4 2.325
      vertex 6.38157 -11.4 2.325
      vertex 6.4664 -11.4 2.48371
    endloop
  endfacet
  facet normal 0 -1 0
    outer loop
      vertex 1.71346 -11.4 2.17218
      vertex 6.38157 -11.4 2.325
      vertex 1.61843 -11.4 2.325
    endloop
  endfacet
  facet normal 0 -1 0
    outer loop
      vertex 1.71346 -11.4 2.17218
      vertex 6.28654 -11.4 2.17218
      vertex 6.38157 -11.4 2.325
    endloop
  endfacet
  facet normal 0 -1 0
    outer loop
      vertex 1.81828 -11.4 2.02591
      vertex 6.28654 -11.4 2.17218
      vertex 1.71346 -11.4 2.17218
    endloop
  endfacet
  facet normal 0 -1 0
    outer loop
      vertex 1.81828 -11.4 2.02591
      vertex 6.18172 -11.4 2.02591
      vertex 6.28654 -11.4 2.17218
    endloop
  endfacet
  facet normal 0 -1 0
    outer loop
      vertex 1.93244 -11.4 1.8868
      vertex 6.18172 -11.4 2.02591
      vertex 1.81828 -11.4 2.02591
    endloop
  endfacet
  facet normal 0 -1 0
    outer loop
      vertex 1.93244 -11.4 1.8868
      vertex 6.06756 -11.4 1.8868
      vertex 6.18172 -11.4 2.02591
    endloop
  endfacet
  facet normal 0 -1 0
    outer loop
      vertex 2.05546 -11.4 1.75546
      vertex 6.06756 -11.4 1.8868
      vertex 1.93244 -11.4 1.8868
    endloop
  endfacet
  facet normal 0 -1 0
    outer loop
      vertex 2.05546 -11.4 1.75546
      vertex 5.94454 -11.4 1.75546
      vertex 6.06756 -11.4 1.8868
    endloop
  endfacet
  facet normal 0 -1 0
    outer loop
      vertex 2.1868 -11.4 1.63244
      vertex 5.94454 -11.4 1.75546
      vertex 2.05546 -11.4 1.75546
    endloop
  endfacet
  facet normal 0 -1 0
    outer loop
      vertex 2.1868 -11.4 1.63244
      vertex 5.8132 -11.4 1.63244
      vertex 5.94454 -11.4 1.75546
    endloop
  endfacet
  facet normal 0 -1 0
    outer loop
      vertex 2.32591 -11.4 1.51828
      vertex 5.8132 -11.4 1.63244
      vertex 2.1868 -11.4 1.63244
    endloop
  endfacet
  facet normal 0 -1 0
    outer loop
      vertex 2.32591 -11.4 1.51828
      vertex 5.67409 -11.4 1.51828
      vertex 5.8132 -11.4 1.63244
    endloop
  endfacet
  facet normal 0 -1 0
    outer loop
      vertex 2.47218 -11.4 1.41346
      vertex 5.67409 -11.4 1.51828
      vertex 2.32591 -11.4 1.51828
    endloop
  endfacet
  facet normal 0 -1 0
    outer loop
      vertex 2.47218 -11.4 1.41346
      vertex 5.52782 -11.4 1.41346
      vertex 5.67409 -11.4 1.51828
    endloop
  endfacet
  facet normal 0 -1 0
    outer loop
      vertex 2.625 -11.4 1.31843
      vertex 5.52782 -11.4 1.41346
      vertex 2.47218 -11.4 1.41346
    endloop
  endfacet
  facet normal 0 -1 0
    outer loop
      vertex 2.625 -11.4 1.31843
      vertex 5.375 -11.4 1.31843
      vertex 5.52782 -11.4 1.41346
    endloop
  endfacet
  facet normal 0 -1 0
    outer loop
      vertex 2.78371 -11.4 1.2336
      vertex 5.375 -11.4 1.31843
      vertex 2.625 -11.4 1.31843
    endloop
  endfacet
  facet normal 0 -1 0
    outer loop
      vertex 2.78371 -11.4 1.2336
      vertex 5.21629 -11.4 1.2336
      vertex 5.375 -11.4 1.31843
    endloop
  endfacet
  facet normal 0 -1 0
    outer loop
      vertex 2.94762 -11.4 1.15933
      vertex 5.21629 -11.4 1.2336
      vertex 2.78371 -11.4 1.2336
    endloop
  endfacet
  facet normal 0 -1 0
    outer loop
      vertex 2.94762 -11.4 1.15933
      vertex 5.05238 -11.4 1.15933
      vertex 5.21629 -11.4 1.2336
    endloop
  endfacet
  facet normal 0 -1 0
    outer loop
      vertex 3.11604 -11.4 1.09594
      vertex 5.05238 -11.4 1.15933
      vertex 2.94762 -11.4 1.15933
    endloop
  endfacet
  facet normal 0 -1 0
    outer loop
      vertex 3.11604 -11.4 1.09594
      vertex 4.88396 -11.4 1.09594
      vertex 5.05238 -11.4 1.15933
    endloop
  endfacet
  facet normal 0 -1 0
    outer loop
      vertex 3.28825 -11.4 1.0437
      vertex 4.88396 -11.4 1.09594
      vertex 3.11604 -11.4 1.09594
    endloop
  endfacet
  facet normal 0 -1 0
    outer loop
      vertex 3.28825 -11.4 1.0437
      vertex 4.71175 -11.4 1.0437
      vertex 4.88396 -11.4 1.09594
    endloop
  endfacet
  facet normal 0 -1 0
    outer loop
      vertex 3.4635 -11.4 1.00284
      vertex 4.71175 -11.4 1.0437
      vertex 3.28825 -11.4 1.0437
    endloop
  endfacet
  facet normal 0 -1 0
    outer loop
      vertex 3.4635 -11.4 1.00284
      vertex 4.5365 -11.4 1.00284
      vertex 4.71175 -11.4 1.0437
    endloop
  endfacet
  facet normal 0 -1 0
    outer loop
      vertex 3.64105 -11.4 0.973527
      vertex 4.5365 -11.4 1.00284
      vertex 3.4635 -11.4 1.00284
    endloop
  endfacet
  facet normal 0 -1 0
    outer loop
      vertex 3.64105 -11.4 0.973527
      vertex 4.35895 -11.4 0.973527
      vertex 4.5365 -11.4 1.00284
    endloop
  endfacet
  facet normal 0 -1 0
    outer loop
      vertex 3.82014 -11.4 0.955888
      vertex 4.35895 -11.4 0.973527
      vertex 3.64105 -11.4 0.973527
    endloop
  endfacet
  facet normal 0 -1 0
    outer loop
      vertex 3.82014 -11.4 0.955888
      vertex 4.17986 -11.4 0.955888
      vertex 4.35895 -11.4 0.973527
    endloop
  endfacet
  facet normal -0 -1 0
    outer loop
      vertex 4.17986 -11.4 0.955888
      vertex 3.82014 -11.4 0.955888
      vertex 4 -11.4 0.95
    endloop
  endfacet
  facet normal 0 -1 0
    outer loop
      vertex 3.82014 -11.4 6.44411
      vertex 4.17986 -11.4 6.44411
      vertex 4 -11.4 6.45
    endloop
  endfacet
  facet normal 0 -1 0
    outer loop
      vertex 3.64105 -11.4 6.42647
      vertex 4.17986 -11.4 6.44411
      vertex 3.82014 -11.4 6.44411
    endloop
  endfacet
  facet normal 0 -1 0
    outer loop
      vertex 3.64105 -11.4 6.42647
      vertex 4.35895 -11.4 6.42647
      vertex 4.17986 -11.4 6.44411
    endloop
  endfacet
  facet normal 0 -1 0
    outer loop
      vertex 3.4635 -11.4 6.39716
      vertex 4.35895 -11.4 6.42647
      vertex 3.64105 -11.4 6.42647
    endloop
  endfacet
  facet normal 0 -1 0
    outer loop
      vertex 3.4635 -11.4 6.39716
      vertex 4.5365 -11.4 6.39716
      vertex 4.35895 -11.4 6.42647
    endloop
  endfacet
  facet normal 0 -1 0
    outer loop
      vertex 3.28825 -11.4 6.3563
      vertex 4.5365 -11.4 6.39716
      vertex 3.4635 -11.4 6.39716
    endloop
  endfacet
  facet normal 0 -1 0
    outer loop
      vertex 3.28825 -11.4 6.3563
      vertex 4.71175 -11.4 6.3563
      vertex 4.5365 -11.4 6.39716
    endloop
  endfacet
  facet normal 0 -1 0
    outer loop
      vertex 3.11604 -11.4 6.30406
      vertex 4.71175 -11.4 6.3563
      vertex 3.28825 -11.4 6.3563
    endloop
  endfacet
  facet normal 0 -1 0
    outer loop
      vertex 3.11604 -11.4 6.30406
      vertex 4.88396 -11.4 6.30406
      vertex 4.71175 -11.4 6.3563
    endloop
  endfacet
  facet normal 0 -1 0
    outer loop
      vertex 2.94762 -11.4 6.24067
      vertex 4.88396 -11.4 6.30406
      vertex 3.11604 -11.4 6.30406
    endloop
  endfacet
  facet normal 0 -1 0
    outer loop
      vertex 2.94762 -11.4 6.24067
      vertex 5.05238 -11.4 6.24067
      vertex 4.88396 -11.4 6.30406
    endloop
  endfacet
  facet normal 0 -1 0
    outer loop
      vertex 2.78371 -11.4 6.1664
      vertex 5.05238 -11.4 6.24067
      vertex 2.94762 -11.4 6.24067
    endloop
  endfacet
  facet normal 0 -1 0
    outer loop
      vertex 2.78371 -11.4 6.1664
      vertex 5.21629 -11.4 6.1664
      vertex 5.05238 -11.4 6.24067
    endloop
  endfacet
  facet normal 0 -1 0
    outer loop
      vertex 2.625 -11.4 6.08157
      vertex 5.21629 -11.4 6.1664
      vertex 2.78371 -11.4 6.1664
    endloop
  endfacet
  facet normal 0 -1 0
    outer loop
      vertex 2.625 -11.4 6.08157
      vertex 5.375 -11.4 6.08157
      vertex 5.21629 -11.4 6.1664
    endloop
  endfacet
  facet normal 0 -1 0
    outer loop
      vertex 2.47218 -11.4 5.98654
      vertex 5.375 -11.4 6.08157
      vertex 2.625 -11.4 6.08157
    endloop
  endfacet
  facet normal 0 -1 0
    outer loop
      vertex 2.47218 -11.4 5.98654
      vertex 5.52782 -11.4 5.98654
      vertex 5.375 -11.4 6.08157
    endloop
  endfacet
  facet normal 0 -1 0
    outer loop
      vertex 2.32591 -11.4 5.88172
      vertex 5.52782 -11.4 5.98654
      vertex 2.47218 -11.4 5.98654
    endloop
  endfacet
  facet normal 0 -1 0
    outer loop
      vertex 2.32591 -11.4 5.88172
      vertex 5.67409 -11.4 5.88172
      vertex 5.52782 -11.4 5.98654
    endloop
  endfacet
  facet normal 0 -1 0
    outer loop
      vertex 2.1868 -11.4 5.76756
      vertex 5.67409 -11.4 5.88172
      vertex 2.32591 -11.4 5.88172
    endloop
  endfacet
  facet normal 0 -1 0
    outer loop
      vertex 2.1868 -11.4 5.76756
      vertex 5.8132 -11.4 5.76756
      vertex 5.67409 -11.4 5.88172
    endloop
  endfacet
  facet normal 0 -1 0
    outer loop
      vertex 2.05546 -11.4 5.64454
      vertex 5.8132 -11.4 5.76756
      vertex 2.1868 -11.4 5.76756
    endloop
  endfacet
  facet normal 0 -1 0
    outer loop
      vertex 2.05546 -11.4 5.64454
      vertex 5.94454 -11.4 5.64454
      vertex 5.8132 -11.4 5.76756
    endloop
  endfacet
  facet normal 0 -1 0
    outer loop
      vertex 1.93244 -11.4 5.5132
      vertex 5.94454 -11.4 5.64454
      vertex 2.05546 -11.4 5.64454
    endloop
  endfacet
  facet normal 0 -1 0
    outer loop
      vertex 1.93244 -11.4 5.5132
      vertex 6.06756 -11.4 5.5132
      vertex 5.94454 -11.4 5.64454
    endloop
  endfacet
  facet normal 0 -1 0
    outer loop
      vertex 1.81828 -11.4 5.37409
      vertex 6.06756 -11.4 5.5132
      vertex 1.93244 -11.4 5.5132
    endloop
  endfacet
  facet normal 0 -1 0
    outer loop
      vertex 1.81828 -11.4 5.37409
      vertex 6.18172 -11.4 5.37409
      vertex 6.06756 -11.4 5.5132
    endloop
  endfacet
  facet normal 0 -1 0
    outer loop
      vertex 1.71346 -11.4 5.22782
      vertex 6.18172 -11.4 5.37409
      vertex 1.81828 -11.4 5.37409
    endloop
  endfacet
  facet normal 0 -1 0
    outer loop
      vertex 1.71346 -11.4 5.22782
      vertex 6.28654 -11.4 5.22782
      vertex 6.18172 -11.4 5.37409
    endloop
  endfacet
  facet normal 0 -1 0
    outer loop
      vertex 1.61843 -11.4 5.075
      vertex 6.28654 -11.4 5.22782
      vertex 1.71346 -11.4 5.22782
    endloop
  endfacet
  facet normal 0 -1 0
    outer loop
      vertex 1.61843 -11.4 5.075
      vertex 6.38157 -11.4 5.075
      vertex 6.28654 -11.4 5.22782
    endloop
  endfacet
  facet normal 0 -1 0
    outer loop
      vertex 1.5336 -11.4 4.91629
      vertex 6.38157 -11.4 5.075
      vertex 1.61843 -11.4 5.075
    endloop
  endfacet
  facet normal 0 -1 0
    outer loop
      vertex 1.5336 -11.4 4.91629
      vertex 6.4664 -11.4 4.91629
      vertex 6.38157 -11.4 5.075
    endloop
  endfacet
  facet normal 0 -1 0
    outer loop
      vertex 1.45933 -11.4 4.75238
      vertex 6.4664 -11.4 4.91629
      vertex 1.5336 -11.4 4.91629
    endloop
  endfacet
  facet normal 0 -1 0
    outer loop
      vertex 1.45933 -11.4 4.75238
      vertex 6.54067 -11.4 4.75238
      vertex 6.4664 -11.4 4.91629
    endloop
  endfacet
  facet normal 0 -1 0
    outer loop
      vertex 1.39594 -11.4 4.58396
      vertex 6.54067 -11.4 4.75238
      vertex 1.45933 -11.4 4.75238
    endloop
  endfacet
  facet normal 0 -1 0
    outer loop
      vertex 1.39594 -11.4 4.58396
      vertex 6.60406 -11.4 4.58396
      vertex 6.54067 -11.4 4.75238
    endloop
  endfacet
  facet normal 0 -1 0
    outer loop
      vertex 1.3437 -11.4 4.41175
      vertex 6.60406 -11.4 4.58396
      vertex 1.39594 -11.4 4.58396
    endloop
  endfacet
  facet normal 0 -1 0
    outer loop
      vertex 1.3437 -11.4 4.41175
      vertex 6.6563 -11.4 4.41175
      vertex 6.60406 -11.4 4.58396
    endloop
  endfacet
  facet normal 0 -1 0
    outer loop
      vertex 1.30284 -11.4 4.2365
      vertex 6.6563 -11.4 4.41175
      vertex 1.3437 -11.4 4.41175
    endloop
  endfacet
  facet normal 0 -1 0
    outer loop
      vertex 1.30284 -11.4 4.2365
      vertex 6.69716 -11.4 4.2365
      vertex 6.6563 -11.4 4.41175
    endloop
  endfacet
  facet normal 0 -1 0
    outer loop
      vertex 1.27353 -11.4 4.05895
      vertex 6.69716 -11.4 4.2365
      vertex 1.30284 -11.4 4.2365
    endloop
  endfacet
  facet normal 0 -1 0
    outer loop
      vertex 6.73228 -11.4 4
      vertex 6.69716 -11.4 4.2365
      vertex 1.27353 -11.4 4.05895
    endloop
  endfacet
  facet normal 0 -1 0
    outer loop
      vertex 6.69716 -11.4 4.2365
      vertex 6.73228 -11.4 4
      vertex 6.72647 -11.4 4.05895
    endloop
  endfacet
  facet normal 0 -1 0
    outer loop
      vertex 1.25589 -11.4 3.87986
      vertex 6.73228 -11.4 4
      vertex 1.27353 -11.4 4.05895
    endloop
  endfacet
  facet normal 0 -1 0
    outer loop
      vertex 6.73228 -11.4 3.4
      vertex 6.73228 -11.4 4
      vertex 1.25589 -11.4 3.87986
    endloop
  endfacet
  facet normal 0 -1 0
    outer loop
      vertex 6.73228 -11.4 3.4
      vertex 1.25589 -11.4 3.87986
      vertex 1.25 -11.4 3.7
    endloop
  endfacet
  facet normal 0 -1 0
    outer loop
      vertex 6.73228 -11.4 3.4
      vertex 1.25 -11.4 3.7
      vertex 1.25589 -11.4 3.52014
    endloop
  endfacet
  facet normal 0 -1 0
    outer loop
      vertex 6.73228 -11.4 4
      vertex 6.73228 -11.4 3.4
      vertex 9 -11.4 4
    endloop
  endfacet
  facet normal 0 -1 -0
    outer loop
      vertex 9 -11.4 4
      vertex 6.73228 -11.4 3.4
      vertex 9 -11.4 3.4
    endloop
  endfacet
  facet normal 0.999466 -0 0.0326792
    outer loop
      vertex 10.4861 -5.2 4.12512
      vertex 10.5 0 3.7
      vertex 10.4861 0 4.12512
    endloop
  endfacet
  facet normal 0.999466 0 0.0326792
    outer loop
      vertex 10.5 0 3.7
      vertex 10.4861 -5.2 4.12512
      vertex 10.5 -5.2 3.7
    endloop
  endfacet
  facet normal 0.995183 -0 0.0980371
    outer loop
      vertex 10.4444 -5.2 4.54842
      vertex 10.4861 0 4.12512
      vertex 10.4444 0 4.54842
    endloop
  endfacet
  facet normal 0.995183 0 0.0980371
    outer loop
      vertex 10.4861 0 4.12512
      vertex 10.4444 -5.2 4.54842
      vertex 10.4861 -5.2 4.12512
    endloop
  endfacet
  facet normal -0.999464 0 0.0327262
    outer loop
      vertex -2.5 -5.2 3.7
      vertex -2.48608 0 4.12512
      vertex -2.5 0 3.7
    endloop
  endfacet
  facet normal -0.999464 0 0.0327262
    outer loop
      vertex -2.48608 0 4.12512
      vertex -2.5 -5.2 3.7
      vertex -2.48608 -5.2 4.12512
    endloop
  endfacet
  facet normal -0.0326792 0 0.999466
    outer loop
      vertex 3.57488 0 10.1861
      vertex 4 -5.2 10.2
      vertex 4 0 10.2
    endloop
  endfacet
  facet normal -0.0326792 0 0.999466
    outer loop
      vertex 4 -5.2 10.2
      vertex 3.57488 0 10.1861
      vertex 3.57488 -5.2 10.1861
    endloop
  endfacet
  facet normal 0.683606 0 0.729851
    outer loop
      vertex 8.28575 0 8.58696
      vertex 8.59619 -5.2 8.29619
      vertex 8.59619 0 8.29619
    endloop
  endfacet
  facet normal 0.683606 0 0.729851
    outer loop
      vertex 8.59619 -5.2 8.29619
      vertex 8.28575 0 8.58696
      vertex 8.28575 -5.2 8.58696
    endloop
  endfacet
  facet normal -0.6836 0 0.729856
    outer loop
      vertex -0.596193 0 8.29619
      vertex -0.285748 -5.2 8.58696
      vertex -0.285748 0 8.58696
    endloop
  endfacet
  facet normal -0.6836 0 0.729856
    outer loop
      vertex -0.285748 -5.2 8.58696
      vertex -0.596193 0 8.29619
      vertex -0.596193 -5.2 8.29619
    endloop
  endfacet
  facet normal -0.412713 0 0.910861
    outer loop
      vertex 1.12512 0 9.52967
      vertex 1.51256 -5.2 9.70522
      vertex 1.51256 0 9.70522
    endloop
  endfacet
  facet normal -0.412713 0 0.910861
    outer loop
      vertex 1.51256 -5.2 9.70522
      vertex 1.12512 0 9.52967
      vertex 1.12512 -5.2 9.52967
    endloop
  endfacet
  facet normal 0.910879 -0 0.412674
    outer loop
      vertex 9.82967 -5.2 6.57488
      vertex 10.0052 0 6.18744
      vertex 9.82967 0 6.57488
    endloop
  endfacet
  facet normal 0.910879 0 0.412674
    outer loop
      vertex 10.0052 0 6.18744
      vertex 9.82967 -5.2 6.57488
      vertex 10.0052 -5.2 6.18744
    endloop
  endfacet
  facet normal 0.352257 0 0.935903
    outer loop
      vertex 6.08936 0 9.85505
      vertex 6.48744 -5.2 9.70522
      vertex 6.48744 0 9.70522
    endloop
  endfacet
  facet normal 0.352257 0 0.935903
    outer loop
      vertex 6.48744 -5.2 9.70522
      vertex 6.08936 0 9.85505
      vertex 6.08936 -5.2 9.85505
    endloop
  endfacet
  facet normal 0.52806 0 0.849207
    outer loop
      vertex 7.25 0 9.32916
      vertex 7.61121 -5.2 9.10455
      vertex 7.61121 0 9.10455
    endloop
  endfacet
  facet normal 0.52806 0 0.849207
    outer loop
      vertex 7.61121 -5.2 9.10455
      vertex 7.25 0 9.32916
      vertex 7.25 -5.2 9.32916
    endloop
  endfacet
  facet normal -0.910861 0 0.412713
    outer loop
      vertex -2.00522 -5.2 6.18744
      vertex -1.82967 0 6.57488
      vertex -2.00522 0 6.18744
    endloop
  endfacet
  facet normal -0.910861 0 0.412713
    outer loop
      vertex -1.82967 0 6.57488
      vertex -2.00522 -5.2 6.18744
      vertex -1.82967 -5.2 6.57488
    endloop
  endfacet
  facet normal -0.729857 0 0.6836
    outer loop
      vertex -0.886958 -5.2 7.98575
      vertex -0.596193 0 8.29619
      vertex -0.886958 0 7.98575
    endloop
  endfacet
  facet normal -0.729857 0 0.6836
    outer loop
      vertex -0.596193 0 8.29619
      vertex -0.886958 -5.2 7.98575
      vertex -0.596193 -5.2 8.29619
    endloop
  endfacet
  facet normal -0.227065 0 0.97388
    outer loop
      vertex 2.31768 0 9.97852
      vertex 2.73191 -5.2 10.0751
      vertex 2.73191 0 10.0751
    endloop
  endfacet
  facet normal -0.227065 0 0.97388
    outer loop
      vertex 2.73191 -5.2 10.0751
      vertex 2.31768 0 9.97852
      vertex 2.31768 -5.2 9.97852
    endloop
  endfacet
  facet normal 0.227065 0 -0.97388
    outer loop
      vertex 5.26809 -5.2 -2.6751
      vertex 5.68232 0 -2.57852
      vertex 5.68232 -5.2 -2.57852
    endloop
  endfacet
  facet normal 0.227065 0 -0.97388
    outer loop
      vertex 5.68232 0 -2.57852
      vertex 5.26809 -5.2 -2.6751
      vertex 5.26809 0 -2.6751
    endloop
  endfacet
  facet normal 0.973869 -0 0.22711
    outer loop
      vertex 10.2785 -5.2 5.38232
      vertex 10.3751 0 4.96809
      vertex 10.2785 0 5.38232
    endloop
  endfacet
  facet normal 0.973869 0 0.22711
    outer loop
      vertex 10.3751 0 4.96809
      vertex 10.2785 -5.2 5.38232
      vertex 10.3751 -5.2 4.96809
    endloop
  endfacet
  facet normal 0.812851 -0 0.582472
    outer loop
      vertex 9.1568 -5.2 7.65695
      vertex 9.40455 0 7.31121
      vertex 9.1568 0 7.65695
    endloop
  endfacet
  facet normal 0.812851 0 0.582472
    outer loop
      vertex 9.40455 0 7.31121
      vertex 9.1568 -5.2 7.65695
      vertex 9.40455 -5.2 7.31121
    endloop
  endfacet
  facet normal 0.849207 -0 0.52806
    outer loop
      vertex 9.40455 -5.2 7.31121
      vertex 9.62916 0 6.95
      vertex 9.40455 0 7.31121
    endloop
  endfacet
  facet normal 0.849207 0 0.52806
    outer loop
      vertex 9.62916 0 6.95
      vertex 9.40455 -5.2 7.31121
      vertex 9.62916 -5.2 6.95
    endloop
  endfacet
  facet normal 0.162923 0 0.986639
    outer loop
      vertex 4.84842 0 10.1444
      vertex 5.26809 -5.2 10.0751
      vertex 5.26809 0 10.0751
    endloop
  endfacet
  facet normal 0.162923 0 0.986639
    outer loop
      vertex 5.26809 -5.2 10.0751
      vertex 4.84842 0 10.1444
      vertex 4.84842 -5.2 10.1444
    endloop
  endfacet
  facet normal 0.290276 0 0.956943
    outer loop
      vertex 5.68232 0 9.97852
      vertex 6.08936 -5.2 9.85505
      vertex 6.08936 0 9.85505
    endloop
  endfacet
  facet normal 0.290276 0 0.956943
    outer loop
      vertex 6.08936 -5.2 9.85505
      vertex 5.68232 0 9.97852
      vertex 5.68232 -5.2 9.97852
    endloop
  endfacet
  facet normal 0.634394 0 0.77301
    outer loop
      vertex 7.95695 0 8.8568
      vertex 8.28575 -5.2 8.58696
      vertex 8.28575 0 8.58696
    endloop
  endfacet
  facet normal 0.634394 0 0.77301
    outer loop
      vertex 8.28575 -5.2 8.58696
      vertex 7.95695 0 8.8568
      vertex 7.95695 -5.2 8.8568
    endloop
  endfacet
  facet normal -0.97388 0 0.227065
    outer loop
      vertex -2.3751 -5.2 4.96809
      vertex -2.27852 0 5.38232
      vertex -2.3751 0 4.96809
    endloop
  endfacet
  facet normal -0.97388 0 0.227065
    outer loop
      vertex -2.27852 0 5.38232
      vertex -2.3751 -5.2 4.96809
      vertex -2.27852 -5.2 5.38232
    endloop
  endfacet
  facet normal -0.812851 0 0.582472
    outer loop
      vertex -1.40455 -5.2 7.31121
      vertex -1.1568 0 7.65695
      vertex -1.40455 0 7.31121
    endloop
  endfacet
  facet normal -0.812851 0 0.582472
    outer loop
      vertex -1.1568 0 7.65695
      vertex -1.40455 -5.2 7.31121
      vertex -1.1568 -5.2 7.65695
    endloop
  endfacet
  facet normal -0.935903 0 0.352257
    outer loop
      vertex -2.15505 -5.2 5.78936
      vertex -2.00522 0 6.18744
      vertex -2.15505 0 5.78936
    endloop
  endfacet
  facet normal -0.935903 0 0.352257
    outer loop
      vertex -2.00522 0 6.18744
      vertex -2.15505 -5.2 5.78936
      vertex -2.00522 -5.2 6.18744
    endloop
  endfacet
  facet normal -0.582468 0 0.812853
    outer loop
      vertex 0.0430498 0 8.8568
      vertex 0.388793 -5.2 9.10455
      vertex 0.388793 0 9.10455
    endloop
  endfacet
  facet normal -0.582468 0 0.812853
    outer loop
      vertex 0.388793 -5.2 9.10455
      vertex 0.0430498 0 8.8568
      vertex 0.0430498 -5.2 8.8568
    endloop
  endfacet
  facet normal -0.471404 0 0.881917
    outer loop
      vertex 0.75 0 9.32916
      vertex 1.12512 -5.2 9.52967
      vertex 1.12512 0 9.52967
    endloop
  endfacet
  facet normal -0.471404 0 0.881917
    outer loop
      vertex 1.12512 -5.2 9.52967
      vertex 0.75 0 9.32916
      vertex 0.75 -5.2 9.32916
    endloop
  endfacet
  facet normal -0.0980371 0 0.995183
    outer loop
      vertex 3.15158 0 10.1444
      vertex 3.57488 -5.2 10.1861
      vertex 3.57488 0 10.1861
    endloop
  endfacet
  facet normal -0.0980371 0 0.995183
    outer loop
      vertex 3.57488 -5.2 10.1861
      vertex 3.15158 0 10.1444
      vertex 3.15158 -5.2 10.1444
    endloop
  endfacet
  facet normal 0.986639 0 -0.162923
    outer loop
      vertex 10.4444 -5.2 2.85158
      vertex 10.3751 0 2.43191
      vertex 10.4444 0 2.85158
    endloop
  endfacet
  facet normal 0.986639 0 -0.162923
    outer loop
      vertex 10.3751 0 2.43191
      vertex 10.4444 -5.2 2.85158
      vertex 10.3751 -5.2 2.43191
    endloop
  endfacet
  facet normal 0.471404 0 -0.881917
    outer loop
      vertex 6.87488 -5.2 -2.12967
      vertex 7.25 0 -1.92916
      vertex 7.25 -5.2 -1.92916
    endloop
  endfacet
  facet normal 0.471404 0 -0.881917
    outer loop
      vertex 7.25 0 -1.92916
      vertex 6.87488 -5.2 -2.12967
      vertex 6.87488 0 -2.12967
    endloop
  endfacet
  facet normal -0.91086 0 -0.412716
    outer loop
      vertex -1.82967 -5.2 0.825123
      vertex -2.00522 0 1.21256
      vertex -1.82967 0 0.825123
    endloop
  endfacet
  facet normal -0.91086 -0 -0.412716
    outer loop
      vertex -2.00522 0 1.21256
      vertex -1.82967 -5.2 0.825123
      vertex -2.00522 -5.2 1.21256
    endloop
  endfacet
  facet normal -0.935903 0 -0.352257
    outer loop
      vertex -2.00522 -5.2 1.21256
      vertex -2.15505 0 1.61064
      vertex -2.00522 0 1.21256
    endloop
  endfacet
  facet normal -0.935903 -0 -0.352257
    outer loop
      vertex -2.15505 0 1.61064
      vertex -2.00522 -5.2 1.21256
      vertex -2.15505 -5.2 1.61064
    endloop
  endfacet
  facet normal 0.0980139 0 -0.995185
    outer loop
      vertex 4.42512 -5.2 -2.78608
      vertex 4.84842 0 -2.74439
      vertex 4.84842 -5.2 -2.74439
    endloop
  endfacet
  facet normal 0.0980139 0 -0.995185
    outer loop
      vertex 4.84842 0 -2.74439
      vertex 4.42512 -5.2 -2.78608
      vertex 4.42512 0 -2.78608
    endloop
  endfacet
  facet normal 0.956924 -0 0.29034
    outer loop
      vertex 10.155 -5.2 5.78936
      vertex 10.2785 0 5.38232
      vertex 10.155 0 5.78936
    endloop
  endfacet
  facet normal 0.956924 0 0.29034
    outer loop
      vertex 10.2785 0 5.38232
      vertex 10.155 -5.2 5.78936
      vertex 10.2785 -5.2 5.38232
    endloop
  endfacet
  facet normal 0.77301 -0 0.634394
    outer loop
      vertex 8.88696 -5.2 7.98575
      vertex 9.1568 0 7.65695
      vertex 8.88696 0 7.98575
    endloop
  endfacet
  facet normal 0.77301 0 0.634394
    outer loop
      vertex 9.1568 0 7.65695
      vertex 8.88696 -5.2 7.98575
      vertex 9.1568 -5.2 7.65695
    endloop
  endfacet
  facet normal 0.729851 -0 0.683606
    outer loop
      vertex 8.59619 -5.2 8.29619
      vertex 8.88696 0 7.98575
      vertex 8.59619 0 8.29619
    endloop
  endfacet
  facet normal 0.729851 0 0.683606
    outer loop
      vertex 8.88696 0 7.98575
      vertex 8.59619 -5.2 8.29619
      vertex 8.88696 -5.2 7.98575
    endloop
  endfacet
  facet normal 0.881917 -0 0.471404
    outer loop
      vertex 9.62916 -5.2 6.95
      vertex 9.82967 0 6.57488
      vertex 9.62916 0 6.95
    endloop
  endfacet
  facet normal 0.881917 0 0.471404
    outer loop
      vertex 9.82967 0 6.57488
      vertex 9.62916 -5.2 6.95
      vertex 9.82967 -5.2 6.57488
    endloop
  endfacet
  facet normal 0.0980371 0 0.995183
    outer loop
      vertex 4.42512 0 10.1861
      vertex 4.84842 -5.2 10.1444
      vertex 4.84842 0 10.1444
    endloop
  endfacet
  facet normal 0.0980371 0 0.995183
    outer loop
      vertex 4.84842 -5.2 10.1444
      vertex 4.42512 0 10.1861
      vertex 4.42512 -5.2 10.1861
    endloop
  endfacet
  facet normal 0.471404 0 0.881917
    outer loop
      vertex 6.87488 0 9.52967
      vertex 7.25 -5.2 9.32916
      vertex 7.25 0 9.32916
    endloop
  endfacet
  facet normal 0.471404 0 0.881917
    outer loop
      vertex 7.25 -5.2 9.32916
      vertex 6.87488 0 9.52967
      vertex 6.87488 -5.2 9.52967
    endloop
  endfacet
  facet normal -0.986642 0 0.162901
    outer loop
      vertex -2.44439 -5.2 4.54842
      vertex -2.3751 0 4.96809
      vertex -2.44439 0 4.54842
    endloop
  endfacet
  facet normal -0.986642 0 0.162901
    outer loop
      vertex -2.3751 0 4.96809
      vertex -2.44439 -5.2 4.54842
      vertex -2.3751 -5.2 4.96809
    endloop
  endfacet
  facet normal -0.773007 0 0.634397
    outer loop
      vertex -1.1568 -5.2 7.65695
      vertex -0.886958 0 7.98575
      vertex -1.1568 0 7.65695
    endloop
  endfacet
  facet normal -0.773007 0 0.634397
    outer loop
      vertex -0.886958 0 7.98575
      vertex -1.1568 -5.2 7.65695
      vertex -0.886958 -5.2 7.98575
    endloop
  endfacet
  facet normal -0.881917 0 0.471404
    outer loop
      vertex -1.82967 -5.2 6.57488
      vertex -1.62916 0 6.95
      vertex -1.82967 0 6.57488
    endloop
  endfacet
  facet normal -0.881917 0 0.471404
    outer loop
      vertex -1.62916 0 6.95
      vertex -1.82967 -5.2 6.57488
      vertex -1.62916 -5.2 6.95
    endloop
  endfacet
  facet normal -0.956943 0 0.290276
    outer loop
      vertex -2.27852 -5.2 5.38232
      vertex -2.15505 0 5.78936
      vertex -2.27852 0 5.38232
    endloop
  endfacet
  facet normal -0.956943 0 0.290276
    outer loop
      vertex -2.15505 0 5.78936
      vertex -2.27852 -5.2 5.38232
      vertex -2.15505 -5.2 5.78936
    endloop
  endfacet
  facet normal -0.528063 0 0.849205
    outer loop
      vertex 0.388793 0 9.10455
      vertex 0.75 -5.2 9.32916
      vertex 0.75 0 9.32916
    endloop
  endfacet
  facet normal -0.528063 0 0.849205
    outer loop
      vertex 0.75 -5.2 9.32916
      vertex 0.388793 0 9.10455
      vertex 0.388793 -5.2 9.10455
    endloop
  endfacet
  facet normal -0.634397 0 0.773007
    outer loop
      vertex -0.285748 0 8.58696
      vertex 0.0430498 -5.2 8.8568
      vertex 0.0430498 0 8.8568
    endloop
  endfacet
  facet normal -0.634397 0 0.773007
    outer loop
      vertex 0.0430498 -5.2 8.8568
      vertex -0.285748 0 8.58696
      vertex -0.285748 -5.2 8.58696
    endloop
  endfacet
  facet normal -0.290276 0 0.956943
    outer loop
      vertex 1.91064 0 9.85505
      vertex 2.31768 -5.2 9.97852
      vertex 2.31768 0 9.97852
    endloop
  endfacet
  facet normal -0.290276 0 0.956943
    outer loop
      vertex 2.31768 -5.2 9.97852
      vertex 1.91064 0 9.85505
      vertex 1.91064 -5.2 9.85505
    endloop
  endfacet
  facet normal 0.973869 0 -0.22711
    outer loop
      vertex 10.3751 -5.2 2.43191
      vertex 10.2785 0 2.01768
      vertex 10.3751 0 2.43191
    endloop
  endfacet
  facet normal 0.973869 0 -0.22711
    outer loop
      vertex 10.2785 0 2.01768
      vertex 10.3751 -5.2 2.43191
      vertex 10.2785 -5.2 2.01768
    endloop
  endfacet
  facet normal 0.729858 0 -0.683599
    outer loop
      vertex 8.88696 -5.2 -0.585748
      vertex 8.59619 0 -0.896194
      vertex 8.88696 0 -0.585748
    endloop
  endfacet
  facet normal 0.729858 0 -0.683599
    outer loop
      vertex 8.59619 0 -0.896194
      vertex 8.88696 -5.2 -0.585748
      vertex 8.59619 -5.2 -0.896194
    endloop
  endfacet
  facet normal -0.352257 0 -0.935903
    outer loop
      vertex 1.51256 -5.2 -2.30522
      vertex 1.91064 0 -2.45505
      vertex 1.91064 -5.2 -2.45505
    endloop
  endfacet
  facet normal -0.352257 0 -0.935903
    outer loop
      vertex 1.91064 0 -2.45505
      vertex 1.51256 -5.2 -2.30522
      vertex 1.51256 0 -2.30522
    endloop
  endfacet
  facet normal -0.995185 0 -0.0980139
    outer loop
      vertex -2.44439 -5.2 2.85158
      vertex -2.48608 0 3.27488
      vertex -2.44439 0 2.85158
    endloop
  endfacet
  facet normal -0.995185 -0 -0.0980139
    outer loop
      vertex -2.48608 0 3.27488
      vertex -2.44439 -5.2 2.85158
      vertex -2.48608 -5.2 3.27488
    endloop
  endfacet
  facet normal 0.0327262 0 -0.999464
    outer loop
      vertex 4 -5.2 -2.8
      vertex 4.42512 0 -2.78608
      vertex 4.42512 -5.2 -2.78608
    endloop
  endfacet
  facet normal 0.0327262 0 -0.999464
    outer loop
      vertex 4.42512 0 -2.78608
      vertex 4 -5.2 -2.8
      vertex 4 0 -2.8
    endloop
  endfacet
  facet normal 0.162901 0 -0.986642
    outer loop
      vertex 4.84842 -5.2 -2.74439
      vertex 5.26809 0 -2.6751
      vertex 5.26809 -5.2 -2.6751
    endloop
  endfacet
  facet normal 0.162901 0 -0.986642
    outer loop
      vertex 5.26809 0 -2.6751
      vertex 4.84842 -5.2 -2.74439
      vertex 4.84842 0 -2.74439
    endloop
  endfacet
  facet normal 0.986639 -0 0.162923
    outer loop
      vertex 10.3751 -5.2 4.96809
      vertex 10.4444 0 4.54842
      vertex 10.3751 0 4.96809
    endloop
  endfacet
  facet normal 0.986639 0 0.162923
    outer loop
      vertex 10.4444 0 4.54842
      vertex 10.3751 -5.2 4.96809
      vertex 10.4444 -5.2 4.54842
    endloop
  endfacet
  facet normal 0.935927 -0 0.352195
    outer loop
      vertex 10.0052 -5.2 6.18744
      vertex 10.155 0 5.78936
      vertex 10.0052 0 6.18744
    endloop
  endfacet
  facet normal 0.935927 0 0.352195
    outer loop
      vertex 10.155 0 5.78936
      vertex 10.0052 -5.2 6.18744
      vertex 10.155 -5.2 5.78936
    endloop
  endfacet
  facet normal 0.227065 0 0.97388
    outer loop
      vertex 5.26809 0 10.0751
      vertex 5.68232 -5.2 9.97852
      vertex 5.68232 0 9.97852
    endloop
  endfacet
  facet normal 0.227065 0 0.97388
    outer loop
      vertex 5.68232 -5.2 9.97852
      vertex 5.26809 0 10.0751
      vertex 5.26809 -5.2 10.0751
    endloop
  endfacet
  facet normal 0.0326792 0 0.999466
    outer loop
      vertex 4 0 10.2
      vertex 4.42512 -5.2 10.1861
      vertex 4.42512 0 10.1861
    endloop
  endfacet
  facet normal 0.0326792 0 0.999466
    outer loop
      vertex 4.42512 -5.2 10.1861
      vertex 4 0 10.2
      vertex 4 -5.2 10.2
    endloop
  endfacet
  facet normal 0.412713 0 0.910861
    outer loop
      vertex 6.48744 0 9.70522
      vertex 6.87488 -5.2 9.52967
      vertex 6.87488 0 9.52967
    endloop
  endfacet
  facet normal 0.412713 0 0.910861
    outer loop
      vertex 6.87488 -5.2 9.52967
      vertex 6.48744 0 9.70522
      vertex 6.48744 -5.2 9.70522
    endloop
  endfacet
  facet normal 0.582472 0 0.812851
    outer loop
      vertex 7.61121 0 9.10455
      vertex 7.95695 -5.2 8.8568
      vertex 7.95695 0 8.8568
    endloop
  endfacet
  facet normal 0.582472 0 0.812851
    outer loop
      vertex 7.95695 -5.2 8.8568
      vertex 7.61121 0 9.10455
      vertex 7.61121 -5.2 9.10455
    endloop
  endfacet
  facet normal -0.849207 0 0.52806
    outer loop
      vertex -1.62916 -5.2 6.95
      vertex -1.40455 0 7.31121
      vertex -1.62916 0 6.95
    endloop
  endfacet
  facet normal -0.849207 0 0.52806
    outer loop
      vertex -1.40455 0 7.31121
      vertex -1.62916 -5.2 6.95
      vertex -1.40455 -5.2 7.31121
    endloop
  endfacet
  facet normal -0.995185 0 0.0980139
    outer loop
      vertex -2.48608 -5.2 4.12512
      vertex -2.44439 0 4.54842
      vertex -2.48608 0 4.12512
    endloop
  endfacet
  facet normal -0.995185 0 0.0980139
    outer loop
      vertex -2.44439 0 4.54842
      vertex -2.48608 -5.2 4.12512
      vertex -2.44439 -5.2 4.54842
    endloop
  endfacet
  facet normal -0.352257 0 0.935903
    outer loop
      vertex 1.51256 0 9.70522
      vertex 1.91064 -5.2 9.85505
      vertex 1.91064 0 9.85505
    endloop
  endfacet
  facet normal -0.352257 0 0.935903
    outer loop
      vertex 1.91064 -5.2 9.85505
      vertex 1.51256 0 9.70522
      vertex 1.51256 -5.2 9.70522
    endloop
  endfacet
  facet normal -0.162923 0 0.986639
    outer loop
      vertex 2.73191 0 10.0751
      vertex 3.15158 -5.2 10.1444
      vertex 3.15158 0 10.1444
    endloop
  endfacet
  facet normal -0.162923 0 0.986639
    outer loop
      vertex 3.15158 -5.2 10.1444
      vertex 2.73191 0 10.0751
      vertex 2.73191 -5.2 10.0751
    endloop
  endfacet
  facet normal 0.881919 0 -0.471401
    outer loop
      vertex 9.82967 -5.2 0.825123
      vertex 9.62916 0 0.45
      vertex 9.82967 0 0.825123
    endloop
  endfacet
  facet normal 0.881919 0 -0.471401
    outer loop
      vertex 9.62916 0 0.45
      vertex 9.82967 -5.2 0.825123
      vertex 9.62916 -5.2 0.45
    endloop
  endfacet
  facet normal 0.910877 0 -0.412677
    outer loop
      vertex 10.0052 -5.2 1.21256
      vertex 9.82967 0 0.825123
      vertex 10.0052 0 1.21256
    endloop
  endfacet
  facet normal 0.910877 0 -0.412677
    outer loop
      vertex 9.82967 0 0.825123
      vertex 10.0052 -5.2 1.21256
      vertex 9.82967 -5.2 0.825123
    endloop
  endfacet
  facet normal 0.956924 0 -0.29034
    outer loop
      vertex 10.2785 -5.2 2.01768
      vertex 10.155 0 1.61064
      vertex 10.2785 0 2.01768
    endloop
  endfacet
  facet normal 0.956924 0 -0.29034
    outer loop
      vertex 10.155 0 1.61064
      vertex 10.2785 -5.2 2.01768
      vertex 10.155 -5.2 1.61064
    endloop
  endfacet
  facet normal 0.995183 0 -0.0980371
    outer loop
      vertex 10.4861 -5.2 3.27488
      vertex 10.4444 0 2.85158
      vertex 10.4861 0 3.27488
    endloop
  endfacet
  facet normal 0.995183 0 -0.0980371
    outer loop
      vertex 10.4444 0 2.85158
      vertex 10.4861 -5.2 3.27488
      vertex 10.4444 -5.2 2.85158
    endloop
  endfacet
  facet normal 0.999466 0 -0.0326792
    outer loop
      vertex 10.5 -5.2 3.7
      vertex 10.4861 0 3.27488
      vertex 10.5 0 3.7
    endloop
  endfacet
  facet normal 0.999466 0 -0.0326792
    outer loop
      vertex 10.4861 0 3.27488
      vertex 10.5 -5.2 3.7
      vertex 10.4861 -5.2 3.27488
    endloop
  endfacet
  facet normal 0.683601 0 -0.729856
    outer loop
      vertex 8.28575 -5.2 -1.18696
      vertex 8.59619 0 -0.896194
      vertex 8.59619 -5.2 -0.896194
    endloop
  endfacet
  facet normal 0.683601 0 -0.729856
    outer loop
      vertex 8.59619 0 -0.896194
      vertex 8.28575 -5.2 -1.18696
      vertex 8.28575 0 -1.18696
    endloop
  endfacet
  facet normal 0.582472 0 -0.812851
    outer loop
      vertex 7.61121 -5.2 -1.70455
      vertex 7.95695 0 -1.4568
      vertex 7.95695 -5.2 -1.4568
    endloop
  endfacet
  facet normal 0.582472 0 -0.812851
    outer loop
      vertex 7.95695 0 -1.4568
      vertex 7.61121 -5.2 -1.70455
      vertex 7.61121 0 -1.70455
    endloop
  endfacet
  facet normal 0.634394 0 -0.77301
    outer loop
      vertex 7.95695 -5.2 -1.4568
      vertex 8.28575 0 -1.18696
      vertex 8.28575 -5.2 -1.18696
    endloop
  endfacet
  facet normal 0.634394 0 -0.77301
    outer loop
      vertex 8.28575 0 -1.18696
      vertex 7.95695 -5.2 -1.4568
      vertex 7.95695 0 -1.4568
    endloop
  endfacet
  facet normal 0.52806 0 -0.849207
    outer loop
      vertex 7.25 -5.2 -1.92916
      vertex 7.61121 0 -1.70455
      vertex 7.61121 -5.2 -1.70455
    endloop
  endfacet
  facet normal 0.52806 0 -0.849207
    outer loop
      vertex 7.61121 0 -1.70455
      vertex 7.25 -5.2 -1.92916
      vertex 7.25 0 -1.92916
    endloop
  endfacet
  facet normal 0.849205 0 -0.528063
    outer loop
      vertex 9.62916 -5.2 0.45
      vertex 9.40455 0 0.0887928
      vertex 9.62916 0 0.45
    endloop
  endfacet
  facet normal 0.849205 0 -0.528063
    outer loop
      vertex 9.40455 0 0.0887928
      vertex 9.62916 -5.2 0.45
      vertex 9.40455 -5.2 0.0887928
    endloop
  endfacet
  facet normal 0.77301 0 -0.634394
    outer loop
      vertex 9.1568 -5.2 -0.256948
      vertex 8.88696 0 -0.585748
      vertex 9.1568 0 -0.256948
    endloop
  endfacet
  facet normal 0.77301 0 -0.634394
    outer loop
      vertex 8.88696 0 -0.585748
      vertex 9.1568 -5.2 -0.256948
      vertex 8.88696 -5.2 -0.585748
    endloop
  endfacet
  facet normal -0.0327262 0 -0.999464
    outer loop
      vertex 3.57488 -5.2 -2.78608
      vertex 4 0 -2.8
      vertex 4 -5.2 -2.8
    endloop
  endfacet
  facet normal -0.0327262 0 -0.999464
    outer loop
      vertex 4 0 -2.8
      vertex 3.57488 -5.2 -2.78608
      vertex 3.57488 0 -2.78608
    endloop
  endfacet
  facet normal -0.97388 0 -0.227065
    outer loop
      vertex -2.27852 -5.2 2.01768
      vertex -2.3751 0 2.43191
      vertex -2.27852 0 2.01768
    endloop
  endfacet
  facet normal -0.97388 -0 -0.227065
    outer loop
      vertex -2.3751 0 2.43191
      vertex -2.27852 -5.2 2.01768
      vertex -2.3751 -5.2 2.43191
    endloop
  endfacet
  facet normal -0.956943 0 -0.290276
    outer loop
      vertex -2.15505 -5.2 1.61064
      vertex -2.27852 0 2.01768
      vertex -2.15505 0 1.61064
    endloop
  endfacet
  facet normal -0.956943 -0 -0.290276
    outer loop
      vertex -2.27852 0 2.01768
      vertex -2.15505 -5.2 1.61064
      vertex -2.27852 -5.2 2.01768
    endloop
  endfacet
  facet normal -0.986642 0 -0.162901
    outer loop
      vertex -2.3751 -5.2 2.43191
      vertex -2.44439 0 2.85158
      vertex -2.3751 0 2.43191
    endloop
  endfacet
  facet normal -0.986642 -0 -0.162901
    outer loop
      vertex -2.44439 0 2.85158
      vertex -2.3751 -5.2 2.43191
      vertex -2.44439 -5.2 2.85158
    endloop
  endfacet
  facet normal -0.999464 0 -0.0327262
    outer loop
      vertex -2.48608 -5.2 3.27488
      vertex -2.5 0 3.7
      vertex -2.48608 0 3.27488
    endloop
  endfacet
  facet normal -0.999464 -0 -0.0327262
    outer loop
      vertex -2.5 0 3.7
      vertex -2.48608 -5.2 3.27488
      vertex -2.5 -5.2 3.7
    endloop
  endfacet
  facet normal 0.290276 0 -0.956943
    outer loop
      vertex 5.68232 -5.2 -2.57852
      vertex 6.08936 0 -2.45505
      vertex 6.08936 -5.2 -2.45505
    endloop
  endfacet
  facet normal 0.290276 0 -0.956943
    outer loop
      vertex 6.08936 0 -2.45505
      vertex 5.68232 -5.2 -2.57852
      vertex 5.68232 0 -2.57852
    endloop
  endfacet
  facet normal 0.352257 0 -0.935903
    outer loop
      vertex 6.08936 -5.2 -2.45505
      vertex 6.48744 0 -2.30522
      vertex 6.48744 -5.2 -2.30522
    endloop
  endfacet
  facet normal 0.352257 0 -0.935903
    outer loop
      vertex 6.48744 0 -2.30522
      vertex 6.08936 -5.2 -2.45505
      vertex 6.08936 0 -2.45505
    endloop
  endfacet
  facet normal 0.412713 0 -0.910861
    outer loop
      vertex 6.48744 -5.2 -2.30522
      vertex 6.87488 0 -2.12967
      vertex 6.87488 -5.2 -2.12967
    endloop
  endfacet
  facet normal 0.412713 0 -0.910861
    outer loop
      vertex 6.87488 0 -2.12967
      vertex 6.48744 -5.2 -2.30522
      vertex 6.48744 0 -2.30522
    endloop
  endfacet
  facet normal 0.935927 0 -0.352195
    outer loop
      vertex 10.155 -5.2 1.61064
      vertex 10.0052 0 1.21256
      vertex 10.155 0 1.61064
    endloop
  endfacet
  facet normal 0.935927 0 -0.352195
    outer loop
      vertex 10.0052 0 1.21256
      vertex 10.155 -5.2 1.61064
      vertex 10.0052 -5.2 1.21256
    endloop
  endfacet
  facet normal 0.812852 0 -0.582471
    outer loop
      vertex 9.40455 -5.2 0.0887928
      vertex 9.1568 0 -0.256948
      vertex 9.40455 0 0.0887928
    endloop
  endfacet
  facet normal 0.812852 0 -0.582471
    outer loop
      vertex 9.1568 0 -0.256948
      vertex 9.40455 -5.2 0.0887928
      vertex 9.1568 -5.2 -0.256948
    endloop
  endfacet
  facet normal -0.290276 0 -0.956943
    outer loop
      vertex 1.91064 -5.2 -2.45505
      vertex 2.31768 0 -2.57852
      vertex 2.31768 -5.2 -2.57852
    endloop
  endfacet
  facet normal -0.290276 0 -0.956943
    outer loop
      vertex 2.31768 0 -2.57852
      vertex 1.91064 -5.2 -2.45505
      vertex 1.91064 0 -2.45505
    endloop
  endfacet
  facet normal -0.162901 0 -0.986642
    outer loop
      vertex 2.73191 -5.2 -2.6751
      vertex 3.15158 0 -2.74439
      vertex 3.15158 -5.2 -2.74439
    endloop
  endfacet
  facet normal -0.162901 0 -0.986642
    outer loop
      vertex 3.15158 0 -2.74439
      vertex 2.73191 -5.2 -2.6751
      vertex 2.73191 0 -2.6751
    endloop
  endfacet
  facet normal -0.881919 0 -0.471401
    outer loop
      vertex -1.62916 -5.2 0.45
      vertex -1.82967 0 0.825123
      vertex -1.62916 0 0.45
    endloop
  endfacet
  facet normal -0.881919 -0 -0.471401
    outer loop
      vertex -1.82967 0 0.825123
      vertex -1.62916 -5.2 0.45
      vertex -1.82967 -5.2 0.825123
    endloop
  endfacet
  facet normal -0.729863 0 -0.683593
    outer loop
      vertex -0.596193 -5.2 -0.896194
      vertex -0.886958 0 -0.585748
      vertex -0.596193 0 -0.896194
    endloop
  endfacet
  facet normal -0.729863 -0 -0.683593
    outer loop
      vertex -0.886958 0 -0.585748
      vertex -0.596193 -5.2 -0.896194
      vertex -0.886958 -5.2 -0.585748
    endloop
  endfacet
  facet normal 0 -1 0
    outer loop
      vertex -25 0 11.3
      vertex -14.25 0 14.3576
      vertex -25 0 14.3576
    endloop
  endfacet
  facet normal 0 -1 -0
    outer loop
      vertex -14.25 0 14.3576
      vertex -25 0 11.3
      vertex -14.25 0 11.3
    endloop
  endfacet
  facet normal 0 -1 0
    outer loop
      vertex -25 0 14.3576
      vertex -66.1 0 27
      vertex -29 0 14.3576
    endloop
  endfacet
  facet normal 0 -1 0
    outer loop
      vertex -44.75 0 12.3576
      vertex -66.1 0 27
      vertex -52.75 0 12.3576
    endloop
  endfacet
  facet normal 0 -1 0
    outer loop
      vertex -63.6 0 2.45758
      vertex -52.75 0 12.3576
      vertex -66.1 0 27
    endloop
  endfacet
  facet normal 0 -1 0
    outer loop
      vertex -55.6 0 2.45758
      vertex -44.75 0 9.3
      vertex -52.75 0 9.3
    endloop
  endfacet
  facet normal 0 -1 0
    outer loop
      vertex -44.75 0 9.3
      vertex 0.0430498 0 8.8568
      vertex 0.388793 0 9.10455
    endloop
  endfacet
  facet normal 0 -1 0
    outer loop
      vertex -44.75 0 9.3
      vertex -0.285748 0 8.58696
      vertex 0.0430498 0 8.8568
    endloop
  endfacet
  facet normal 0 -1 0
    outer loop
      vertex -44.75 0 9.3
      vertex -0.596193 0 8.29619
      vertex -0.285748 0 8.58696
    endloop
  endfacet
  facet normal 0 -1 0
    outer loop
      vertex -44.75 0 9.3
      vertex -0.886958 0 7.98575
      vertex -0.596193 0 8.29619
    endloop
  endfacet
  facet normal 0 -1 0
    outer loop
      vertex -44.75 0 9.3
      vertex -1.1568 0 7.65695
      vertex -0.886958 0 7.98575
    endloop
  endfacet
  facet normal 0 -1 0
    outer loop
      vertex -44.75 0 9.3
      vertex -1.40455 0 7.31121
      vertex -1.1568 0 7.65695
    endloop
  endfacet
  facet normal 0 -1 0
    outer loop
      vertex -44.75 0 9.3
      vertex -1.62916 0 6.95
      vertex -1.40455 0 7.31121
    endloop
  endfacet
  facet normal 0 -1 0
    outer loop
      vertex -44.75 0 9.3
      vertex -1.82967 0 6.57488
      vertex -1.62916 0 6.95
    endloop
  endfacet
  facet normal 0 -1 0
    outer loop
      vertex -44.75 0 9.3
      vertex -2.00522 0 6.18744
      vertex -1.82967 0 6.57488
    endloop
  endfacet
  facet normal 0 -1 0
    outer loop
      vertex -44.75 0 9.3
      vertex -2.15505 0 5.78936
      vertex -2.00522 0 6.18744
    endloop
  endfacet
  facet normal 0 -1 0
    outer loop
      vertex -44.75 0 9.3
      vertex -2.27852 0 5.38232
      vertex -2.15505 0 5.78936
    endloop
  endfacet
  facet normal 0 -1 0
    outer loop
      vertex -44.75 0 9.3
      vertex -2.3751 0 4.96809
      vertex -2.27852 0 5.38232
    endloop
  endfacet
  facet normal 0 -1 0
    outer loop
      vertex -44.75 0 9.3
      vertex -2.44439 0 4.54842
      vertex -2.3751 0 4.96809
    endloop
  endfacet
  facet normal 0 -1 0
    outer loop
      vertex -44.75 0 9.3
      vertex -2.48608 0 4.12512
      vertex -2.44439 0 4.54842
    endloop
  endfacet
  facet normal 0 -1 0
    outer loop
      vertex -44.75 0 9.3
      vertex -2.5 0 3.7
      vertex -2.48608 0 4.12512
    endloop
  endfacet
  facet normal 0 -1 0
    outer loop
      vertex -44.75 0 9.3
      vertex -2.48608 0 3.27488
      vertex -2.5 0 3.7
    endloop
  endfacet
  facet normal 0 -1 0
    outer loop
      vertex -44.75 0 9.3
      vertex -2.44439 0 2.85158
      vertex -2.48608 0 3.27488
    endloop
  endfacet
  facet normal 0 -1 0
    outer loop
      vertex -55.6 0 2.45758
      vertex -52.75 0 9.3
      vertex -63.6 0 2.45758
    endloop
  endfacet
  facet normal 0 -1 -0
    outer loop
      vertex -52.75 0 12.3576
      vertex -63.6 0 2.45758
      vertex -52.75 0 9.3
    endloop
  endfacet
  facet normal 0 -1 0
    outer loop
      vertex -66.1 0 -13
      vertex -63.6 0 2.45758
      vertex -66.1 0 27
    endloop
  endfacet
  facet normal 0 -1 0
    outer loop
      vertex -55.6 0 -3.1
      vertex -55.6 0 -0.599999
      vertex -63.6 0 -0.599999
    endloop
  endfacet
  facet normal 0 -1 0
    outer loop
      vertex -55.6 0 -0.599999
      vertex -55.6 0 -3.1
      vertex -0.596193 0 -0.896194
    endloop
  endfacet
  facet normal 0 -1 0
    outer loop
      vertex -55.55 0 -6.4
      vertex -0.596193 0 -0.896194
      vertex -55.6 0 -3.1
    endloop
  endfacet
  facet normal 0 -1 0
    outer loop
      vertex -55.55 0 -12.4
      vertex -0.596193 0 -0.896194
      vertex -55.55 0 -6.4
    endloop
  endfacet
  facet normal 0 -1 -0
    outer loop
      vertex -0.596193 0 -0.896194
      vertex -55.55 0 -12.4
      vertex -0.285748 0 -1.18696
    endloop
  endfacet
  facet normal 0 -1 -0
    outer loop
      vertex -0.285748 0 -1.18696
      vertex -55.55 0 -12.4
      vertex 0.0430498 0 -1.4568
    endloop
  endfacet
  facet normal 0 -1 -0
    outer loop
      vertex 0.0430498 0 -1.4568
      vertex -55.55 0 -12.4
      vertex 0.388793 0 -1.70455
    endloop
  endfacet
  facet normal 0 -1 -0
    outer loop
      vertex 0.388793 0 -1.70455
      vertex -55.55 0 -12.4
      vertex 0.75 0 -1.92916
    endloop
  endfacet
  facet normal 0 -1 -0
    outer loop
      vertex 0.75 0 -1.92916
      vertex -55.55 0 -12.4
      vertex 1.12512 0 -2.12967
    endloop
  endfacet
  facet normal 0 -1 0
    outer loop
      vertex 15.4 0 -13
      vertex 1.12512 0 -2.12967
      vertex -55.55 0 -12.4
    endloop
  endfacet
  facet normal 0 -1 0
    outer loop
      vertex 1.12512 0 -2.12967
      vertex 15.4 0 -13
      vertex 1.51256 0 -2.30522
    endloop
  endfacet
  facet normal 0 -1 0
    outer loop
      vertex 1.51256 0 -2.30522
      vertex 15.4 0 -13
      vertex 1.91064 0 -2.45505
    endloop
  endfacet
  facet normal 0 -1 0
    outer loop
      vertex 1.91064 0 -2.45505
      vertex 15.4 0 -13
      vertex 2.31768 0 -2.57852
    endloop
  endfacet
  facet normal 0 -1 0
    outer loop
      vertex -55.6 0 -3.1
      vertex -63.6 0 -0.599999
      vertex -63.6 0 -3.1
    endloop
  endfacet
  facet normal 0 -1 -0
    outer loop
      vertex -63.6 0 2.45758
      vertex -66.1 0 -13
      vertex -63.6 0 -0.599999
    endloop
  endfacet
  facet normal 0 -1 -0
    outer loop
      vertex -63.6 0 -0.599999
      vertex -66.1 0 -13
      vertex -63.6 0 -3.1
    endloop
  endfacet
  facet normal 0 -1 0
    outer loop
      vertex -63.6 0 -3.1
      vertex -66.1 0 -13
      vertex -63.65 0 -6.4
    endloop
  endfacet
  facet normal 0 -1 -0
    outer loop
      vertex -63.65 0 -12.4
      vertex -66.1 0 -13
      vertex -55.55 0 -12.4
    endloop
  endfacet
  facet normal 0 -1 -0
    outer loop
      vertex -63.65 0 -6.4
      vertex -66.1 0 -13
      vertex -63.65 0 -12.4
    endloop
  endfacet
  facet normal 0 -1 0
    outer loop
      vertex -66.1 0 27
      vertex -25 0 14.3576
      vertex 15.4 0 27
    endloop
  endfacet
  facet normal 0 -1 0
    outer loop
      vertex -14.25 0 14.3576
      vertex 15.4 0 27
      vertex -25 0 14.3576
    endloop
  endfacet
  facet normal 0 -1 0
    outer loop
      vertex -10.25 0 14.3576
      vertex 15.4 0 27
      vertex -14.25 0 14.3576
    endloop
  endfacet
  facet normal 0 -1 0
    outer loop
      vertex 0.388793 0 9.10455
      vertex -10.25 0 14.3576
      vertex -10.25 0 11.3
    endloop
  endfacet
  facet normal -0 -1 0
    outer loop
      vertex 2.73191 0 10.0751
      vertex -10.25 0 14.3576
      vertex 2.31768 0 9.97852
    endloop
  endfacet
  facet normal 0 -1 0
    outer loop
      vertex 4.42512 0 10.1861
      vertex 15.4 0 27
      vertex 4 0 10.2
    endloop
  endfacet
  facet normal 0 -1 0
    outer loop
      vertex 4.84842 0 10.1444
      vertex 15.4 0 27
      vertex 4.42512 0 10.1861
    endloop
  endfacet
  facet normal 0 -1 0
    outer loop
      vertex 5.26809 0 10.0751
      vertex 15.4 0 27
      vertex 4.84842 0 10.1444
    endloop
  endfacet
  facet normal 0 -1 0
    outer loop
      vertex 5.68232 0 9.97852
      vertex 15.4 0 27
      vertex 5.26809 0 10.0751
    endloop
  endfacet
  facet normal 0 -1 0
    outer loop
      vertex 6.08936 0 9.85505
      vertex 15.4 0 27
      vertex 5.68232 0 9.97852
    endloop
  endfacet
  facet normal 0 -1 0
    outer loop
      vertex 6.48744 0 9.70522
      vertex 15.4 0 27
      vertex 6.08936 0 9.85505
    endloop
  endfacet
  facet normal 0 -1 0
    outer loop
      vertex 6.87488 0 9.52967
      vertex 15.4 0 27
      vertex 6.48744 0 9.70522
    endloop
  endfacet
  facet normal 0 -1 0
    outer loop
      vertex 7.25 0 9.32916
      vertex 15.4 0 27
      vertex 6.87488 0 9.52967
    endloop
  endfacet
  facet normal 0 -1 0
    outer loop
      vertex 7.61121 0 9.10455
      vertex 15.4 0 27
      vertex 7.25 0 9.32916
    endloop
  endfacet
  facet normal 0 -1 0
    outer loop
      vertex 7.95695 0 8.8568
      vertex 15.4 0 27
      vertex 7.61121 0 9.10455
    endloop
  endfacet
  facet normal 0 -1 0
    outer loop
      vertex 8.28575 0 8.58696
      vertex 15.4 0 27
      vertex 7.95695 0 8.8568
    endloop
  endfacet
  facet normal 0 -1 0
    outer loop
      vertex 8.59619 0 8.29619
      vertex 15.4 0 27
      vertex 8.28575 0 8.58696
    endloop
  endfacet
  facet normal 0 -1 0
    outer loop
      vertex 8.88696 0 7.98575
      vertex 15.4 0 27
      vertex 8.59619 0 8.29619
    endloop
  endfacet
  facet normal 0 -1 0
    outer loop
      vertex 9.1568 0 7.65695
      vertex 15.4 0 27
      vertex 8.88696 0 7.98575
    endloop
  endfacet
  facet normal 0 -1 0
    outer loop
      vertex 9.40455 0 7.31121
      vertex 15.4 0 27
      vertex 9.1568 0 7.65695
    endloop
  endfacet
  facet normal 0 -1 0
    outer loop
      vertex 9.62916 0 6.95
      vertex 15.4 0 27
      vertex 9.40455 0 7.31121
    endloop
  endfacet
  facet normal 0 -1 0
    outer loop
      vertex 9.82967 0 6.57488
      vertex 15.4 0 27
      vertex 9.62916 0 6.95
    endloop
  endfacet
  facet normal 0 -1 0
    outer loop
      vertex 10.0052 0 6.18744
      vertex 15.4 0 27
      vertex 9.82967 0 6.57488
    endloop
  endfacet
  facet normal 0 -1 0
    outer loop
      vertex 10.155 0 5.78936
      vertex 15.4 0 27
      vertex 10.0052 0 6.18744
    endloop
  endfacet
  facet normal 0 -1 0
    outer loop
      vertex 10.2785 0 5.38232
      vertex 15.4 0 27
      vertex 10.155 0 5.78936
    endloop
  endfacet
  facet normal 0 -1 0
    outer loop
      vertex 10.3751 0 4.96809
      vertex 15.4 0 27
      vertex 10.2785 0 5.38232
    endloop
  endfacet
  facet normal 0 -1 0
    outer loop
      vertex 10.4444 0 4.54842
      vertex 15.4 0 27
      vertex 10.3751 0 4.96809
    endloop
  endfacet
  facet normal 0 -1 0
    outer loop
      vertex 10.4861 0 4.12512
      vertex 15.4 0 27
      vertex 10.4444 0 4.54842
    endloop
  endfacet
  facet normal 0 -1 0
    outer loop
      vertex 15.4 0 -13
      vertex 10.4861 0 4.12512
      vertex 10.5 0 3.7
    endloop
  endfacet
  facet normal 0 -1 0
    outer loop
      vertex 15.4 0 -13
      vertex 10.5 0 3.7
      vertex 10.4861 0 3.27488
    endloop
  endfacet
  facet normal 0 -1 0
    outer loop
      vertex 15.4 0 -13
      vertex 10.4861 0 3.27488
      vertex 10.4444 0 2.85158
    endloop
  endfacet
  facet normal 0 -1 0
    outer loop
      vertex 15.4 0 -13
      vertex 10.4444 0 2.85158
      vertex 10.3751 0 2.43191
    endloop
  endfacet
  facet normal 0 -1 0
    outer loop
      vertex 2.31768 0 -2.57852
      vertex 15.4 0 -13
      vertex 2.73191 0 -2.6751
    endloop
  endfacet
  facet normal 0 -1 0
    outer loop
      vertex -55.55 0 -6.4
      vertex -55.6 0 -3.1
      vertex -55.6 0 -6.4
    endloop
  endfacet
  facet normal 0 -1 0
    outer loop
      vertex 2.73191 0 -2.6751
      vertex 15.4 0 -13
      vertex 3.15158 0 -2.74439
    endloop
  endfacet
  facet normal 0 -1 0
    outer loop
      vertex 3.15158 0 -2.74439
      vertex 15.4 0 -13
      vertex 3.57488 0 -2.78608
    endloop
  endfacet
  facet normal 0 -1 0
    outer loop
      vertex 3.57488 0 -2.78608
      vertex 15.4 0 -13
      vertex 4 0 -2.8
    endloop
  endfacet
  facet normal 0 -1 0
    outer loop
      vertex 4 0 -2.8
      vertex 15.4 0 -13
      vertex 4.42512 0 -2.78608
    endloop
  endfacet
  facet normal 0 -1 0
    outer loop
      vertex 10.4861 0 4.12512
      vertex 15.4 0 -13
      vertex 15.4 0 27
    endloop
  endfacet
  facet normal 0 -1 0
    outer loop
      vertex 10.2785 0 2.01768
      vertex 15.4 0 -13
      vertex 10.3751 0 2.43191
    endloop
  endfacet
  facet normal 0 -1 0
    outer loop
      vertex 10.155 0 1.61064
      vertex 15.4 0 -13
      vertex 10.2785 0 2.01768
    endloop
  endfacet
  facet normal 0 -1 0
    outer loop
      vertex 10.0052 0 1.21256
      vertex 15.4 0 -13
      vertex 10.155 0 1.61064
    endloop
  endfacet
  facet normal 0 -1 0
    outer loop
      vertex 9.82967 0 0.825123
      vertex 15.4 0 -13
      vertex 10.0052 0 1.21256
    endloop
  endfacet
  facet normal 0 -1 0
    outer loop
      vertex 9.62916 0 0.45
      vertex 15.4 0 -13
      vertex 9.82967 0 0.825123
    endloop
  endfacet
  facet normal 0 -1 0
    outer loop
      vertex 9.40455 0 0.0887928
      vertex 15.4 0 -13
      vertex 9.62916 0 0.45
    endloop
  endfacet
  facet normal 0 -1 0
    outer loop
      vertex 9.1568 0 -0.256948
      vertex 15.4 0 -13
      vertex 9.40455 0 0.0887928
    endloop
  endfacet
  facet normal 0 -1 0
    outer loop
      vertex 8.88696 0 -0.585748
      vertex 15.4 0 -13
      vertex 9.1568 0 -0.256948
    endloop
  endfacet
  facet normal 0 -1 0
    outer loop
      vertex 8.59619 0 -0.896194
      vertex 15.4 0 -13
      vertex 8.88696 0 -0.585748
    endloop
  endfacet
  facet normal 0 -1 0
    outer loop
      vertex 8.28575 0 -1.18696
      vertex 15.4 0 -13
      vertex 8.59619 0 -0.896194
    endloop
  endfacet
  facet normal 0 -1 0
    outer loop
      vertex 7.95695 0 -1.4568
      vertex 15.4 0 -13
      vertex 8.28575 0 -1.18696
    endloop
  endfacet
  facet normal 0 -1 0
    outer loop
      vertex 7.61121 0 -1.70455
      vertex 15.4 0 -13
      vertex 7.95695 0 -1.4568
    endloop
  endfacet
  facet normal 0 -1 0
    outer loop
      vertex 7.25 0 -1.92916
      vertex 15.4 0 -13
      vertex 7.61121 0 -1.70455
    endloop
  endfacet
  facet normal 0 -1 0
    outer loop
      vertex 6.87488 0 -2.12967
      vertex 15.4 0 -13
      vertex 7.25 0 -1.92916
    endloop
  endfacet
  facet normal 0 -1 0
    outer loop
      vertex 6.48744 0 -2.30522
      vertex 15.4 0 -13
      vertex 6.87488 0 -2.12967
    endloop
  endfacet
  facet normal 0 -1 0
    outer loop
      vertex 6.08936 0 -2.45505
      vertex 15.4 0 -13
      vertex 6.48744 0 -2.30522
    endloop
  endfacet
  facet normal 0 -1 0
    outer loop
      vertex 5.68232 0 -2.57852
      vertex 15.4 0 -13
      vertex 6.08936 0 -2.45505
    endloop
  endfacet
  facet normal 0 -1 0
    outer loop
      vertex 5.26809 0 -2.6751
      vertex 15.4 0 -13
      vertex 5.68232 0 -2.57852
    endloop
  endfacet
  facet normal 0 -1 0
    outer loop
      vertex 4.84842 0 -2.74439
      vertex 15.4 0 -13
      vertex 5.26809 0 -2.6751
    endloop
  endfacet
  facet normal 0 -1 0
    outer loop
      vertex 4.42512 0 -2.78608
      vertex 15.4 0 -13
      vertex 4.84842 0 -2.74439
    endloop
  endfacet
  facet normal 0 -1 0
    outer loop
      vertex 15.4 0 -13
      vertex -55.55 0 -12.4
      vertex -66.1 0 -13
    endloop
  endfacet
  facet normal 0 -1 0
    outer loop
      vertex -66.1 0 27
      vertex -44.75 0 12.3576
      vertex -29 0 14.3576
    endloop
  endfacet
  facet normal 0 -1 0
    outer loop
      vertex -44.75 0 12.3576
      vertex -29 0 11.3
      vertex -29 0 14.3576
    endloop
  endfacet
  facet normal 0 -1 0
    outer loop
      vertex -44.75 0 9.3
      vertex -25 0 11.3
      vertex -29 0 11.3
    endloop
  endfacet
  facet normal 0 -1 0
    outer loop
      vertex -25 0 11.3
      vertex 0.388793 0 9.10455
      vertex -14.25 0 11.3
    endloop
  endfacet
  facet normal 0 -1 0
    outer loop
      vertex -14.25 0 11.3
      vertex 0.388793 0 9.10455
      vertex -10.25 0 11.3
    endloop
  endfacet
  facet normal 0 -1 0
    outer loop
      vertex 15.4 0 27
      vertex 3.57488 0 10.1861
      vertex 4 0 10.2
    endloop
  endfacet
  facet normal 0 -1 0
    outer loop
      vertex 15.4 0 27
      vertex 3.15158 0 10.1444
      vertex 3.57488 0 10.1861
    endloop
  endfacet
  facet normal 0 -1 0
    outer loop
      vertex 15.4 0 27
      vertex 2.73191 0 10.0751
      vertex 3.15158 0 10.1444
    endloop
  endfacet
  facet normal 0 -1 0
    outer loop
      vertex -10.25 0 14.3576
      vertex 2.73191 0 10.0751
      vertex 15.4 0 27
    endloop
  endfacet
  facet normal 0 -1 0
    outer loop
      vertex -10.25 0 14.3576
      vertex 1.91064 0 9.85505
      vertex 2.31768 0 9.97852
    endloop
  endfacet
  facet normal 0 -1 0
    outer loop
      vertex -10.25 0 14.3576
      vertex 1.51256 0 9.70522
      vertex 1.91064 0 9.85505
    endloop
  endfacet
  facet normal 0 -1 0
    outer loop
      vertex -10.25 0 14.3576
      vertex 1.12512 0 9.52967
      vertex 1.51256 0 9.70522
    endloop
  endfacet
  facet normal 0 -1 0
    outer loop
      vertex -10.25 0 14.3576
      vertex 0.75 0 9.32916
      vertex 1.12512 0 9.52967
    endloop
  endfacet
  facet normal 0 -1 0
    outer loop
      vertex -44.75 0 9.3
      vertex -29 0 11.3
      vertex -44.75 0 12.3576
    endloop
  endfacet
  facet normal 0 -1 -0
    outer loop
      vertex -25 0 11.3
      vertex -44.75 0 9.3
      vertex 0.388793 0 9.10455
    endloop
  endfacet
  facet normal 0 -1 0
    outer loop
      vertex -10.25 0 14.3576
      vertex 0.388793 0 9.10455
      vertex 0.75 0 9.32916
    endloop
  endfacet
  facet normal 0 -1 0
    outer loop
      vertex -44.75 0 9.3
      vertex -55.6 0 2.45758
      vertex -55.6 0 -0.599999
    endloop
  endfacet
  facet normal -0 -1 0
    outer loop
      vertex -1.40455 0 0.0887928
      vertex -44.75 0 9.3
      vertex -55.6 0 -0.599999
    endloop
  endfacet
  facet normal 0 -1 0
    outer loop
      vertex -44.75 0 9.3
      vertex -2.3751 0 2.43191
      vertex -2.44439 0 2.85158
    endloop
  endfacet
  facet normal 0 -1 0
    outer loop
      vertex -44.75 0 9.3
      vertex -2.27852 0 2.01768
      vertex -2.3751 0 2.43191
    endloop
  endfacet
  facet normal 0 -1 0
    outer loop
      vertex -44.75 0 9.3
      vertex -2.15505 0 1.61064
      vertex -2.27852 0 2.01768
    endloop
  endfacet
  facet normal 0 -1 0
    outer loop
      vertex -44.75 0 9.3
      vertex -2.00522 0 1.21256
      vertex -2.15505 0 1.61064
    endloop
  endfacet
  facet normal 0 -1 0
    outer loop
      vertex -44.75 0 9.3
      vertex -1.82967 0 0.825123
      vertex -2.00522 0 1.21256
    endloop
  endfacet
  facet normal 0 -1 0
    outer loop
      vertex -44.75 0 9.3
      vertex -1.62916 0 0.45
      vertex -1.82967 0 0.825123
    endloop
  endfacet
  facet normal 0 -1 0
    outer loop
      vertex -44.75 0 9.3
      vertex -1.40455 0 0.0887928
      vertex -1.62916 0 0.45
    endloop
  endfacet
  facet normal 0 -1 -0
    outer loop
      vertex -1.40455 0 0.0887928
      vertex -55.6 0 -0.599999
      vertex -1.1568 0 -0.256948
    endloop
  endfacet
  facet normal 0 -1 -0
    outer loop
      vertex -1.1568 0 -0.256948
      vertex -55.6 0 -0.599999
      vertex -0.886958 0 -0.585748
    endloop
  endfacet
  facet normal 0 -1 -0
    outer loop
      vertex -0.886958 0 -0.585748
      vertex -55.6 0 -0.599999
      vertex -0.596193 0 -0.896194
    endloop
  endfacet
  facet normal 0 -1 -0
    outer loop
      vertex -63.6 0 -3.1
      vertex -63.65 0 -6.4
      vertex -63.6 0 -6.4
    endloop
  endfacet
  facet normal -0.683595 0 -0.729861
    outer loop
      vertex -0.596193 -5.2 -0.896194
      vertex -0.285748 0 -1.18696
      vertex -0.285748 -5.2 -1.18696
    endloop
  endfacet
  facet normal -0.683595 0 -0.729861
    outer loop
      vertex -0.285748 0 -1.18696
      vertex -0.596193 -5.2 -0.896194
      vertex -0.596193 0 -0.896194
    endloop
  endfacet
  facet normal -0.634397 0 -0.773007
    outer loop
      vertex -0.285748 -5.2 -1.18696
      vertex 0.0430498 0 -1.4568
      vertex 0.0430498 -5.2 -1.4568
    endloop
  endfacet
  facet normal -0.634397 0 -0.773007
    outer loop
      vertex 0.0430498 0 -1.4568
      vertex -0.285748 -5.2 -1.18696
      vertex -0.285748 0 -1.18696
    endloop
  endfacet
  facet normal -0.582468 0 -0.812853
    outer loop
      vertex 0.0430498 -5.2 -1.4568
      vertex 0.388793 0 -1.70455
      vertex 0.388793 -5.2 -1.70455
    endloop
  endfacet
  facet normal -0.582468 0 -0.812853
    outer loop
      vertex 0.388793 0 -1.70455
      vertex 0.0430498 -5.2 -1.4568
      vertex 0.0430498 0 -1.4568
    endloop
  endfacet
  facet normal -0.528063 0 -0.849205
    outer loop
      vertex 0.388793 -5.2 -1.70455
      vertex 0.75 0 -1.92916
      vertex 0.75 -5.2 -1.92916
    endloop
  endfacet
  facet normal -0.528063 0 -0.849205
    outer loop
      vertex 0.75 0 -1.92916
      vertex 0.388793 -5.2 -1.70455
      vertex 0.388793 0 -1.70455
    endloop
  endfacet
  facet normal -0.227065 0 -0.97388
    outer loop
      vertex 2.31768 -5.2 -2.57852
      vertex 2.73191 0 -2.6751
      vertex 2.73191 -5.2 -2.6751
    endloop
  endfacet
  facet normal -0.227065 0 -0.97388
    outer loop
      vertex 2.73191 0 -2.6751
      vertex 2.31768 -5.2 -2.57852
      vertex 2.31768 0 -2.57852
    endloop
  endfacet
  facet normal -0.0980139 0 -0.995185
    outer loop
      vertex 3.15158 -5.2 -2.74439
      vertex 3.57488 0 -2.78608
      vertex 3.57488 -5.2 -2.78608
    endloop
  endfacet
  facet normal -0.0980139 0 -0.995185
    outer loop
      vertex 3.57488 0 -2.78608
      vertex 3.15158 -5.2 -2.74439
      vertex 3.15158 0 -2.74439
    endloop
  endfacet
  facet normal -0.849205 0 -0.528063
    outer loop
      vertex -1.40455 -5.2 0.0887928
      vertex -1.62916 0 0.45
      vertex -1.40455 0 0.0887928
    endloop
  endfacet
  facet normal -0.849205 -0 -0.528063
    outer loop
      vertex -1.62916 0 0.45
      vertex -1.40455 -5.2 0.0887928
      vertex -1.62916 -5.2 0.45
    endloop
  endfacet
  facet normal -0.812852 0 -0.582471
    outer loop
      vertex -1.1568 -5.2 -0.256948
      vertex -1.40455 0 0.0887928
      vertex -1.1568 0 -0.256948
    endloop
  endfacet
  facet normal -0.812852 -0 -0.582471
    outer loop
      vertex -1.40455 0 0.0887928
      vertex -1.1568 -5.2 -0.256948
      vertex -1.40455 -5.2 0.0887928
    endloop
  endfacet
  facet normal -0.773007 0 -0.634397
    outer loop
      vertex -0.886958 -5.2 -0.585748
      vertex -1.1568 0 -0.256948
      vertex -0.886958 0 -0.585748
    endloop
  endfacet
  facet normal -0.773007 -0 -0.634397
    outer loop
      vertex -1.1568 0 -0.256948
      vertex -0.886958 -5.2 -0.585748
      vertex -1.1568 -5.2 -0.256948
    endloop
  endfacet
  facet normal -0.471404 0 -0.881917
    outer loop
      vertex 0.75 -5.2 -1.92916
      vertex 1.12512 0 -2.12967
      vertex 1.12512 -5.2 -2.12967
    endloop
  endfacet
  facet normal -0.471404 0 -0.881917
    outer loop
      vertex 1.12512 0 -2.12967
      vertex 0.75 -5.2 -1.92916
      vertex 0.75 0 -1.92916
    endloop
  endfacet
  facet normal -0.412713 0 -0.910861
    outer loop
      vertex 1.12512 -5.2 -2.12967
      vertex 1.51256 0 -2.30522
      vertex 1.51256 -5.2 -2.30522
    endloop
  endfacet
  facet normal -0.412713 0 -0.910861
    outer loop
      vertex 1.51256 0 -2.30522
      vertex 1.12512 -5.2 -2.12967
      vertex 1.12512 0 -2.12967
    endloop
  endfacet
  facet normal 1 -0 0
    outer loop
      vertex 9 -11.4 4
      vertex 9 -11.32 3.4
      vertex 9 -11.32 4
    endloop
  endfacet
  facet normal 1 0 0
    outer loop
      vertex 9 -11.32 3.4
      vertex 9 -11.4 4
      vertex 9 -11.4 3.4
    endloop
  endfacet
  facet normal -0 0 1
    outer loop
      vertex 6.59802 -10 4.6
      vertex 6.75 -10.08 4.6
      vertex 6.75 -10 4.6
    endloop
  endfacet
  facet normal 0 0 1
    outer loop
      vertex 6.75 -10.08 4.6
      vertex 6.59802 -10 4.6
      vertex 6.59802 -10.08 4.6
    endloop
  endfacet
  facet normal 0.257663 -0 0.966235
    outer loop
      vertex 6.75 -10.08 4.6
      vertex 9 -11.32 4
      vertex 6.75 -10 4.6
    endloop
  endfacet
  facet normal 0.257663 0 0.966235
    outer loop
      vertex 9 -11.32 4
      vertex 6.75 -10.08 4.6
      vertex 9 -11.4 4
    endloop
  endfacet
  facet normal 0 1 0
    outer loop
      vertex 6.75 -10 4.6
      vertex 6.60406 -10 4.58396
      vertex 6.59802 -10 4.6
    endloop
  endfacet
  facet normal 0 1 0
    outer loop
      vertex 6.75 -10 4.6
      vertex 6.6563 -10 4.41175
      vertex 6.60406 -10 4.58396
    endloop
  endfacet
  facet normal 0 1 0
    outer loop
      vertex 6.75 -10 4.6
      vertex 6.69716 -10 4.2365
      vertex 6.6563 -10 4.41175
    endloop
  endfacet
  facet normal 0 1 0
    outer loop
      vertex 6.75 -10 4.6
      vertex 6.72647 -10 4.05895
      vertex 6.69716 -10 4.2365
    endloop
  endfacet
  facet normal 0 1 0
    outer loop
      vertex 6.75 -10 4.6
      vertex 6.74411 -10 3.87986
      vertex 6.72647 -10 4.05895
    endloop
  endfacet
  facet normal -0 1 0
    outer loop
      vertex 6.74411 -10 3.87986
      vertex 6.75 -10 4.6
      vertex 6.75 -10 3.7
    endloop
  endfacet
  facet normal 0 1 -0
    outer loop
      vertex 6.75 -10 2.8
      vertex 6.74411 -10 3.52014
      vertex 6.75 -10 3.7
    endloop
  endfacet
  facet normal 0 1 0
    outer loop
      vertex 6.75 -10 2.8
      vertex 6.72647 -10 3.34105
      vertex 6.74411 -10 3.52014
    endloop
  endfacet
  facet normal 0 1 0
    outer loop
      vertex 6.75 -10 2.8
      vertex 6.69716 -10 3.1635
      vertex 6.72647 -10 3.34105
    endloop
  endfacet
  facet normal 0 1 0
    outer loop
      vertex 6.75 -10 2.8
      vertex 6.6563 -10 2.98825
      vertex 6.69716 -10 3.1635
    endloop
  endfacet
  facet normal 0 1 0
    outer loop
      vertex 6.75 -10 2.8
      vertex 6.60406 -10 2.81604
      vertex 6.6563 -10 2.98825
    endloop
  endfacet
  facet normal 0 1 0
    outer loop
      vertex 6.60406 -10 2.81604
      vertex 6.75 -10 2.8
      vertex 6.59802 -10 2.8
    endloop
  endfacet
  facet normal 0 -0.413777 -0.910378
    outer loop
      vertex 6.72647 -11.2703 3.34105
      vertex 9 -11.4 3.4
      vertex 6.73228 -11.4 3.4
    endloop
  endfacet
  facet normal -2.43487e-06 -0.413812 -0.910362
    outer loop
      vertex 6.69716 -10.8797 3.1635
      vertex 9 -11.4 3.4
      vertex 6.72647 -11.2703 3.34105
    endloop
  endfacet
  facet normal -2.43339e-16 -0.413803 -0.910366
    outer loop
      vertex 9 -11.4 3.4
      vertex 6.69716 -10.8797 3.1635
      vertex 6.75 -10.08 2.8
    endloop
  endfacet
  facet normal -0.00031189 -0.413786 -0.910374
    outer loop
      vertex 6.6563 -10.4941 2.98825
      vertex 6.75 -10.08 2.8
      vertex 6.69716 -10.8797 3.1635
    endloop
  endfacet
  facet normal 4.87791e-05 -0.413853 -0.910343
    outer loop
      vertex 6.60406 -10.1153 2.81604
      vertex 6.75 -10.08 2.8
      vertex 6.6563 -10.4941 2.98825
    endloop
  endfacet
  facet normal -0 -0.413686 -0.910419
    outer loop
      vertex 6.75 -10.08 2.8
      vertex 6.60406 -10.1153 2.81604
      vertex 6.59802 -10.08 2.8
    endloop
  endfacet
  facet normal 1.75745e-16 -0.413803 0.910366
    outer loop
      vertex 6.69716 -10.8797 4.2365
      vertex 9 -11.4 4
      vertex 6.75 -10.08 4.6
    endloop
  endfacet
  facet normal 0 -0.413777 0.910378
    outer loop
      vertex 9 -11.4 4
      vertex 6.72647 -11.2703 4.05895
      vertex 6.73228 -11.4 4
    endloop
  endfacet
  facet normal -2.43487e-06 -0.413812 0.910362
    outer loop
      vertex 9 -11.4 4
      vertex 6.69716 -10.8797 4.2365
      vertex 6.72647 -11.2703 4.05895
    endloop
  endfacet
  facet normal -0.00031189 -0.413786 0.910374
    outer loop
      vertex 6.75 -10.08 4.6
      vertex 6.6563 -10.4941 4.41175
      vertex 6.69716 -10.8797 4.2365
    endloop
  endfacet
  facet normal 4.87791e-05 -0.413853 0.910343
    outer loop
      vertex 6.75 -10.08 4.6
      vertex 6.60406 -10.1153 4.58396
      vertex 6.6563 -10.4941 4.41175
    endloop
  endfacet
  facet normal 0 -0.413686 0.910419
    outer loop
      vertex 6.60406 -10.1153 4.58396
      vertex 6.75 -10.08 4.6
      vertex 6.59802 -10.08 4.6
    endloop
  endfacet
  facet normal 0.506015 0.862525 0
    outer loop
      vertex 9 -11.32 4
      vertex 6.75 -10 3.7
      vertex 6.75 -10 4.6
    endloop
  endfacet
  facet normal 0.506015 0.862525 -0
    outer loop
      vertex 9 -11.32 3.4
      vertex 6.75 -10 3.7
      vertex 9 -11.32 4
    endloop
  endfacet
  facet normal 0.506015 0.862525 0
    outer loop
      vertex 6.75 -10 3.7
      vertex 9 -11.32 3.4
      vertex 6.75 -10 2.8
    endloop
  endfacet
  facet normal 0 0 -1
    outer loop
      vertex 6.59802 -10.08 2.8
      vertex 6.75 -10 2.8
      vertex 6.75 -10.08 2.8
    endloop
  endfacet
  facet normal -0 0 -1
    outer loop
      vertex 6.75 -10 2.8
      vertex 6.59802 -10.08 2.8
      vertex 6.59802 -10 2.8
    endloop
  endfacet
  facet normal 0.257663 0 -0.966235
    outer loop
      vertex 6.75 -10.08 2.8
      vertex 9 -11.32 3.4
      vertex 9 -11.4 3.4
    endloop
  endfacet
  facet normal 0.257663 0 -0.966235
    outer loop
      vertex 9 -11.32 3.4
      vertex 6.75 -10.08 2.8
      vertex 6.75 -10 2.8
    endloop
  endfacet
  facet normal -1 0 0
    outer loop
      vertex -63.6 -11.5 -6.4
      vertex -63.6 -10.5 -5.1
      vertex -63.6 -10.5 -6.4
    endloop
  endfacet
  facet normal -1 -0 0
    outer loop
      vertex -63.6 -10.5 -5.1
      vertex -63.6 -12 -6.4
      vertex -63.6 -11 -3.1
    endloop
  endfacet
  facet normal -1 0 0
    outer loop
      vertex -63.6 -12 -6.4
      vertex -63.6 -10.5 -5.1
      vertex -63.6 -11.5 -6.4
    endloop
  endfacet
  facet normal -1 0 0
    outer loop
      vertex -63.6 -0.5 -5.1
      vertex -63.6 0 -6.4
      vertex -63.6 -0.5 -6.4
    endloop
  endfacet
  facet normal -1 0 0
    outer loop
      vertex -63.6 0 -6.4
      vertex -63.6 -0.5 -5.1
      vertex -63.6 0 -3.1
    endloop
  endfacet
  facet normal -1 0 0
    outer loop
      vertex -63.6 -10.5 -5.1
      vertex -63.6 0 -3.1
      vertex -63.6 -0.5 -5.1
    endloop
  endfacet
  facet normal -1 -0 0
    outer loop
      vertex -63.6 0 -3.1
      vertex -63.6 -10.5 -5.1
      vertex -63.6 -11 -3.1
    endloop
  endfacet
  facet normal -1 0 0
    outer loop
      vertex -63.6 -11 -0.599999
      vertex -63.6 0 2.45758
      vertex -63.6 0 -0.599999
    endloop
  endfacet
  facet normal -1 0 0
    outer loop
      vertex -63.6 -12 0.599999
      vertex -63.6 -11 -3.1
      vertex -63.6 -12 -6.4
    endloop
  endfacet
  facet normal -1 0 0
    outer loop
      vertex -63.6 -11 -0.599999
      vertex -63.6 -12 0.599999
      vertex -63.6 0 2.45758
    endloop
  endfacet
  facet normal -1 0 0
    outer loop
      vertex -63.6 -11 -3.1
      vertex -63.6 -12 0.599999
      vertex -63.6 -11 -0.599999
    endloop
  endfacet
  facet normal 1 0 0
    outer loop
      vertex -55.6 0 2.45758
      vertex -55.6 -11 -0.599999
      vertex -55.6 0 -0.599999
    endloop
  endfacet
  facet normal 1 0 0
    outer loop
      vertex -55.6 -12 0.599999
      vertex -55.6 -11 -3.1
      vertex -55.6 -11 -0.599999
    endloop
  endfacet
  facet normal 1 -0 0
    outer loop
      vertex -55.6 -12 0.599999
      vertex -55.6 -11 -0.599999
      vertex -55.6 0 2.45758
    endloop
  endfacet
  facet normal 1 0 0
    outer loop
      vertex -55.6 -11 -3.1
      vertex -55.6 -12 0.599999
      vertex -55.6 -12 -6.4
    endloop
  endfacet
  facet normal 1 0 0
    outer loop
      vertex -55.6 -11 -3.1
      vertex -55.6 -12 -6.4
      vertex -55.6 -11.5 -6.4
    endloop
  endfacet
  facet normal 1 0 0
    outer loop
      vertex -55.6 0 -3.1
      vertex -55.6 -0.5 -5.1
      vertex -55.6 0 -6.4
    endloop
  endfacet
  facet normal 1 0 0
    outer loop
      vertex -55.6 0 -3.1
      vertex -55.6 -10.5 -5.1
      vertex -55.6 -0.5 -5.1
    endloop
  endfacet
  facet normal 1 -0 0
    outer loop
      vertex -55.6 -11 -3.1
      vertex -55.6 -10.5 -5.1
      vertex -55.6 0 -3.1
    endloop
  endfacet
  facet normal 1 0 0
    outer loop
      vertex -55.6 -11.5 -6.4
      vertex -55.6 -10.5 -5.1
      vertex -55.6 -11 -3.1
    endloop
  endfacet
  facet normal 1 0 0
    outer loop
      vertex -55.6 -10.5 -5.1
      vertex -55.6 -11.5 -6.4
      vertex -55.6 -10.5 -6.4
    endloop
  endfacet
  facet normal 1 0 0
    outer loop
      vertex -55.6 0 -6.4
      vertex -55.6 -0.5 -5.1
      vertex -55.6 -0.5 -6.4
    endloop
  endfacet
  facet normal 0 0 -1
    outer loop
      vertex -63.6 -12 -6.4
      vertex -55.6 -11.5 -6.4
      vertex -55.6 -12 -6.4
    endloop
  endfacet
  facet normal -0 0 -1
    outer loop
      vertex -55.6 -11.5 -6.4
      vertex -63.6 -12 -6.4
      vertex -63.6 -11.5 -6.4
    endloop
  endfacet
  facet normal -0 0 1
    outer loop
      vertex -55.6 -10.5 -6.4
      vertex -55.55 -11.5 -6.4
      vertex -55.55 -10.5 -6.4
    endloop
  endfacet
  facet normal 0 0 1
    outer loop
      vertex -55.55 -11.5 -6.4
      vertex -55.6 -10.5 -6.4
      vertex -55.6 -11.5 -6.4
    endloop
  endfacet
  facet normal -0 0 1
    outer loop
      vertex -63.65 -10.5 -6.4
      vertex -63.6 -11.5 -6.4
      vertex -63.6 -10.5 -6.4
    endloop
  endfacet
  facet normal 0 0 1
    outer loop
      vertex -63.6 -11.5 -6.4
      vertex -63.65 -10.5 -6.4
      vertex -63.65 -11.5 -6.4
    endloop
  endfacet
  facet normal -0 0 1
    outer loop
      vertex -63.65 0 -6.4
      vertex -63.6 -0.5 -6.4
      vertex -63.6 0 -6.4
    endloop
  endfacet
  facet normal 0 0 1
    outer loop
      vertex -63.6 -0.5 -6.4
      vertex -63.65 0 -6.4
      vertex -63.65 -0.5 -6.4
    endloop
  endfacet
  facet normal -0 0 1
    outer loop
      vertex -55.6 0 -6.4
      vertex -55.55 -0.5 -6.4
      vertex -55.55 0 -6.4
    endloop
  endfacet
  facet normal 0 0 1
    outer loop
      vertex -55.55 -0.5 -6.4
      vertex -55.6 0 -6.4
      vertex -55.6 -0.5 -6.4
    endloop
  endfacet
  facet normal 0 -1 0
    outer loop
      vertex -63.6 -12 -6.4
      vertex -55.6 -12 0.599999
      vertex -63.6 -12 0.599999
    endloop
  endfacet
  facet normal 0 -1 -0
    outer loop
      vertex -55.6 -12 0.599999
      vertex -63.6 -12 -6.4
      vertex -55.6 -12 -6.4
    endloop
  endfacet
  facet normal 0 1 -0
    outer loop
      vertex 16 1 -13
      vertex -66.1 1 27
      vertex 16 1 27
    endloop
  endfacet
  facet normal 0 1 0
    outer loop
      vertex -66.1 1 27
      vertex 16 1 -13
      vertex -66.1 1 -13
    endloop
  endfacet
  facet normal -1 0 0
    outer loop
      vertex -63.65 0 -12.4
      vertex -63.65 -0.5 -11.2
      vertex -63.65 0 -6.4
    endloop
  endfacet
  facet normal -1 0 0
    outer loop
      vertex -63.65 0 -12.4
      vertex -63.65 -10.5 -11.2
      vertex -63.65 -0.5 -11.2
    endloop
  endfacet
  facet normal -1 0 0
    outer loop
      vertex -63.65 -11.5 -12.4
      vertex -63.65 -10.5 -11.2
      vertex -63.65 0 -12.4
    endloop
  endfacet
  facet normal -1 0 0
    outer loop
      vertex -63.65 -11.5 -6.4
      vertex -63.65 -10.5 -11.2
      vertex -63.65 -11.5 -12.4
    endloop
  endfacet
  facet normal -1 0 0
    outer loop
      vertex -63.65 -10.5 -11.2
      vertex -63.65 -11.5 -6.4
      vertex -63.65 -10.5 -6.4
    endloop
  endfacet
  facet normal -1 -0 0
    outer loop
      vertex -63.65 0 -6.4
      vertex -63.65 -0.5 -11.2
      vertex -63.65 -0.5 -6.4
    endloop
  endfacet
  facet normal 1 0 0
    outer loop
      vertex -55.55 -10.5 -6.4
      vertex -55.55 -11.5 -6.4
      vertex -55.55 -10.5 -11.2
    endloop
  endfacet
  facet normal 1 0 0
    outer loop
      vertex -55.55 -0.5 -11.2
      vertex -55.55 0 -6.4
      vertex -55.55 -0.5 -6.4
    endloop
  endfacet
  facet normal 1 0 0
    outer loop
      vertex -55.55 0 -6.4
      vertex -55.55 -0.5 -11.2
      vertex -55.55 0 -12.4
    endloop
  endfacet
  facet normal 1 -0 0
    outer loop
      vertex -55.55 -10.5 -11.2
      vertex -55.55 0 -12.4
      vertex -55.55 -0.5 -11.2
    endloop
  endfacet
  facet normal 1 0 0
    outer loop
      vertex -55.55 -10.5 -11.2
      vertex -55.55 -11.5 -12.4
      vertex -55.55 0 -12.4
    endloop
  endfacet
  facet normal 1 0 0
    outer loop
      vertex -55.55 -11.5 -12.4
      vertex -55.55 -10.5 -11.2
      vertex -55.55 -11.5 -6.4
    endloop
  endfacet
  facet normal 0 0 -1
    outer loop
      vertex -55.55 -11.5 -12.4
      vertex -58.8 -6.8 -12.4
      vertex -55.55 0 -12.4
    endloop
  endfacet
  facet normal 0 0 -1
    outer loop
      vertex -55.55 -11.5 -12.4
      vertex -60.4 -6.8 -12.4
      vertex -58.8 -6.8 -12.4
    endloop
  endfacet
  facet normal 0 0 -1
    outer loop
      vertex -63.65 0 -12.4
      vertex -60.4 -6.8 -12.4
      vertex -63.65 -11.5 -12.4
    endloop
  endfacet
  facet normal 0 0 -1
    outer loop
      vertex -63.65 -11.5 -12.4
      vertex -60.4 -6.8 -12.4
      vertex -55.55 -11.5 -12.4
    endloop
  endfacet
  facet normal 0 0 -1
    outer loop
      vertex -58.8 -4.2 -12.4
      vertex -55.55 0 -12.4
      vertex -58.8 -6.8 -12.4
    endloop
  endfacet
  facet normal 0 0 -1
    outer loop
      vertex -60.4 -4.2 -12.4
      vertex -55.55 0 -12.4
      vertex -58.8 -4.2 -12.4
    endloop
  endfacet
  facet normal 0 0 -1
    outer loop
      vertex -60.4 -4.2 -12.4
      vertex -63.65 0 -12.4
      vertex -55.55 0 -12.4
    endloop
  endfacet
  facet normal 0 0 -1
    outer loop
      vertex -60.4 -6.8 -12.4
      vertex -63.65 0 -12.4
      vertex -60.4 -4.2 -12.4
    endloop
  endfacet
  facet normal 0 -1 0
    outer loop
      vertex -63.65 -11.5 -12.4
      vertex -63.6 -11.5 -6.4
      vertex -63.65 -11.5 -6.4
    endloop
  endfacet
  facet normal 0 -1 -0
    outer loop
      vertex -63.6 -11.5 -6.4
      vertex -63.65 -11.5 -12.4
      vertex -55.6 -11.5 -6.4
    endloop
  endfacet
  facet normal 0 -1 0
    outer loop
      vertex -55.55 -11.5 -12.4
      vertex -55.6 -11.5 -6.4
      vertex -63.65 -11.5 -12.4
    endloop
  endfacet
  facet normal 0 -1 0
    outer loop
      vertex -55.6 -11.5 -6.4
      vertex -55.55 -11.5 -12.4
      vertex -55.55 -11.5 -6.4
    endloop
  endfacet
  facet normal 0 0 -1
    outer loop
      vertex -63.6 -11 -0.599999
      vertex -55.6 0 -0.599999
      vertex -55.6 -11 -0.599999
    endloop
  endfacet
  facet normal -0 0 -1
    outer loop
      vertex -55.6 0 -0.599999
      vertex -63.6 -11 -0.599999
      vertex -63.6 0 -0.599999
    endloop
  endfacet
  facet normal -0 0 1
    outer loop
      vertex -63.6 0 -3.1
      vertex -55.6 -11 -3.1
      vertex -55.6 0 -3.1
    endloop
  endfacet
  facet normal 0 0 1
    outer loop
      vertex -55.6 -11 -3.1
      vertex -63.6 0 -3.1
      vertex -63.6 -11 -3.1
    endloop
  endfacet
  facet normal 0 1 -0
    outer loop
      vertex -55.6 -11 -3.1
      vertex -63.6 -11 -0.599999
      vertex -55.6 -11 -0.599999
    endloop
  endfacet
  facet normal 0 1 0
    outer loop
      vertex -63.6 -11 -0.599999
      vertex -55.6 -11 -3.1
      vertex -63.6 -11 -3.1
    endloop
  endfacet
  facet normal 0 0 -1
    outer loop
      vertex -63.6 -10.5 -5.1
      vertex -55.6 -0.5 -5.1
      vertex -55.6 -10.5 -5.1
    endloop
  endfacet
  facet normal -0 0 -1
    outer loop
      vertex -55.6 -0.5 -5.1
      vertex -63.6 -10.5 -5.1
      vertex -63.6 -0.5 -5.1
    endloop
  endfacet
  facet normal 0 -1 0
    outer loop
      vertex -63.65 -0.5 -11.2
      vertex -63.6 -0.5 -6.4
      vertex -63.65 -0.5 -6.4
    endloop
  endfacet
  facet normal 0 -1 -0
    outer loop
      vertex -63.6 -0.5 -6.4
      vertex -63.65 -0.5 -11.2
      vertex -55.6 -0.5 -6.4
    endloop
  endfacet
  facet normal 0 -1 0
    outer loop
      vertex -55.55 -0.5 -11.2
      vertex -55.6 -0.5 -6.4
      vertex -63.65 -0.5 -11.2
    endloop
  endfacet
  facet normal 0 -1 0
    outer loop
      vertex -55.6 -0.5 -6.4
      vertex -55.55 -0.5 -11.2
      vertex -55.55 -0.5 -6.4
    endloop
  endfacet
  facet normal 0 -1 0
    outer loop
      vertex -63.6 -0.5 -6.4
      vertex -55.6 -0.5 -5.1
      vertex -63.6 -0.5 -5.1
    endloop
  endfacet
  facet normal 0 -1 -0
    outer loop
      vertex -55.6 -0.5 -5.1
      vertex -63.6 -0.5 -6.4
      vertex -55.6 -0.5 -6.4
    endloop
  endfacet
  facet normal -0 0 1
    outer loop
      vertex -63.65 -0.5 -11.2
      vertex -55.55 -10.5 -11.2
      vertex -55.55 -0.5 -11.2
    endloop
  endfacet
  facet normal 0 0 1
    outer loop
      vertex -55.55 -10.5 -11.2
      vertex -63.65 -0.5 -11.2
      vertex -63.65 -10.5 -11.2
    endloop
  endfacet
  facet normal 0 1 -0
    outer loop
      vertex -55.55 -10.5 -11.2
      vertex -55.6 -10.5 -6.4
      vertex -55.55 -10.5 -6.4
    endloop
  endfacet
  facet normal 0 1 0
    outer loop
      vertex -55.6 -10.5 -6.4
      vertex -55.55 -10.5 -11.2
      vertex -63.6 -10.5 -6.4
    endloop
  endfacet
  facet normal 0 1 0
    outer loop
      vertex -63.65 -10.5 -11.2
      vertex -63.6 -10.5 -6.4
      vertex -55.55 -10.5 -11.2
    endloop
  endfacet
  facet normal 0 1 0
    outer loop
      vertex -63.6 -10.5 -6.4
      vertex -63.65 -10.5 -11.2
      vertex -63.65 -10.5 -6.4
    endloop
  endfacet
  facet normal 0 1 -0
    outer loop
      vertex -55.6 -10.5 -6.4
      vertex -63.6 -10.5 -5.1
      vertex -55.6 -10.5 -5.1
    endloop
  endfacet
  facet normal 0 1 0
    outer loop
      vertex -63.6 -10.5 -5.1
      vertex -55.6 -10.5 -6.4
      vertex -63.6 -10.5 -6.4
    endloop
  endfacet
  facet normal 0 -0.152976 0.98823
    outer loop
      vertex -63.6 0 2.45758
      vertex -55.6 -12 0.599999
      vertex -55.6 0 2.45758
    endloop
  endfacet
  facet normal 0 -0.152976 0.98823
    outer loop
      vertex -55.6 -12 0.599999
      vertex -63.6 0 2.45758
      vertex -63.6 -12 0.599999
    endloop
  endfacet
  facet normal -1 0 0
    outer loop
      vertex -60.4 -6.8 -20.8
      vertex -60.4 -4.2 -12.4
      vertex -60.4 -4.2 -20.8
    endloop
  endfacet
  facet normal -1 -0 0
    outer loop
      vertex -60.4 -4.2 -12.4
      vertex -60.4 -6.8 -20.8
      vertex -60.4 -6.8 -12.4
    endloop
  endfacet
  facet normal 1 -0 0
    outer loop
      vertex -58.8 -6.8 -12.4
      vertex -58.8 -4.2 -22.4
      vertex -58.8 -4.2 -12.4
    endloop
  endfacet
  facet normal 1 0 0
    outer loop
      vertex -58.8 -4.2 -22.4
      vertex -58.8 -6.8 -12.4
      vertex -58.8 -6.8 -22.4
    endloop
  endfacet
  facet normal 0 1 0
    outer loop
      vertex -58.8 -4.2 -12.4
      vertex -60.4 -4.2 -20.8
      vertex -60.4 -4.2 -12.4
    endloop
  endfacet
  facet normal 0 1 -0
    outer loop
      vertex -58.8 -4.2 -22.4
      vertex -60.4 -4.2 -20.8
      vertex -58.8 -4.2 -12.4
    endloop
  endfacet
  facet normal 0 1 0
    outer loop
      vertex -68.6 -4.2 -22.4
      vertex -60.4 -4.2 -20.8
      vertex -58.8 -4.2 -22.4
    endloop
  endfacet
  facet normal 0 1 0
    outer loop
      vertex -60.4 -4.2 -20.8
      vertex -68.6 -4.2 -22.4
      vertex -68.6 -4.2 -20.8
    endloop
  endfacet
  facet normal 0 0 -1
    outer loop
      vertex -68.6 -6.8 -22.4
      vertex -58.8 -4.2 -22.4
      vertex -58.8 -6.8 -22.4
    endloop
  endfacet
  facet normal -0 0 -1
    outer loop
      vertex -58.8 -4.2 -22.4
      vertex -68.6 -6.8 -22.4
      vertex -68.6 -4.2 -22.4
    endloop
  endfacet
  facet normal 0 -1 0
    outer loop
      vertex -68.6 -6.8 -20.8
      vertex -68.6 -6.8 -22.4
      vertex -60.4 -6.8 -20.8
    endloop
  endfacet
  facet normal 0 -1 0
    outer loop
      vertex -60.4 -6.8 -20.8
      vertex -58.8 -6.8 -12.4
      vertex -60.4 -6.8 -12.4
    endloop
  endfacet
  facet normal 0 -1 0
    outer loop
      vertex -60.4 -6.8 -20.8
      vertex -58.8 -6.8 -22.4
      vertex -58.8 -6.8 -12.4
    endloop
  endfacet
  facet normal 0 -1 0
    outer loop
      vertex -58.8 -6.8 -22.4
      vertex -60.4 -6.8 -20.8
      vertex -68.6 -6.8 -22.4
    endloop
  endfacet
  facet normal -1 0 0
    outer loop
      vertex -68.6 -6.8 -22.4
      vertex -68.6 -4.2 -20.8
      vertex -68.6 -4.2 -22.4
    endloop
  endfacet
  facet normal -1 -0 0
    outer loop
      vertex -68.6 -4.2 -20.8
      vertex -68.6 -6.8 -22.4
      vertex -68.6 -6.8 -20.8
    endloop
  endfacet
  facet normal -0 0 1
    outer loop
      vertex -68.6 -4.2 -20.8
      vertex -60.4 -6.8 -20.8
      vertex -60.4 -4.2 -20.8
    endloop
  endfacet
  facet normal 0 0 1
    outer loop
      vertex -60.4 -6.8 -20.8
      vertex -68.6 -4.2 -20.8
      vertex -68.6 -6.8 -20.8
    endloop
  endfacet
  facet normal -1 0 0
    outer loop
      vertex -52.75 -12 10.5
      vertex -52.75 0 9.3
      vertex -52.75 -12 9.3
    endloop
  endfacet
  facet normal -1 0 0
    outer loop
      vertex -52.75 0 9.3
      vertex -52.75 -12 10.5
      vertex -52.75 0 12.3576
    endloop
  endfacet
  facet normal 1 -0 0
    outer loop
      vertex -44.75 -12 10.5
      vertex -44.75 0 9.3
      vertex -44.75 0 12.3576
    endloop
  endfacet
  facet normal 1 0 0
    outer loop
      vertex -44.75 0 9.3
      vertex -44.75 -12 10.5
      vertex -44.75 -12 9.3
    endloop
  endfacet
  facet normal 0 0 -1
    outer loop
      vertex -49.55 -6.5 9.3
      vertex -44.75 -12 9.3
      vertex -49.55 -9.5 9.3
    endloop
  endfacet
  facet normal 0 0 -1
    outer loop
      vertex -52.75 -12 9.3
      vertex -49.55 -9.5 9.3
      vertex -44.75 -12 9.3
    endloop
  endfacet
  facet normal -0 0 -1
    outer loop
      vertex -50.95 -9.5 9.3
      vertex -52.75 -12 9.3
      vertex -50.95 -6.5 9.3
    endloop
  endfacet
  facet normal -0 0 -1
    outer loop
      vertex -49.55 -9.5 9.3
      vertex -52.75 -12 9.3
      vertex -50.95 -9.5 9.3
    endloop
  endfacet
  facet normal 0 0 -1
    outer loop
      vertex -44.75 -12 9.3
      vertex -49.55 -6.5 9.3
      vertex -44.75 0 9.3
    endloop
  endfacet
  facet normal 0 0 -1
    outer loop
      vertex -52.75 0 9.3
      vertex -49.55 -6.5 9.3
      vertex -50.95 -6.5 9.3
    endloop
  endfacet
  facet normal 0 0 -1
    outer loop
      vertex -49.55 -6.5 9.3
      vertex -52.75 0 9.3
      vertex -44.75 0 9.3
    endloop
  endfacet
  facet normal 0 0 -1
    outer loop
      vertex -52.75 0 9.3
      vertex -50.95 -6.5 9.3
      vertex -52.75 -12 9.3
    endloop
  endfacet
  facet normal 0 -1 0
    outer loop
      vertex -52.75 -12 9.3
      vertex -44.75 -12 10.5
      vertex -52.75 -12 10.5
    endloop
  endfacet
  facet normal 0 -1 -0
    outer loop
      vertex -44.75 -12 10.5
      vertex -52.75 -12 9.3
      vertex -44.75 -12 9.3
    endloop
  endfacet
  facet normal 0 -0.152978 0.98823
    outer loop
      vertex -52.75 0 12.3576
      vertex -44.75 -12 10.5
      vertex -44.75 0 12.3576
    endloop
  endfacet
  facet normal 0 -0.152978 0.98823
    outer loop
      vertex -44.75 -12 10.5
      vertex -52.75 0 12.3576
      vertex -52.75 -12 10.5
    endloop
  endfacet
  facet normal -1 0 0
    outer loop
      vertex -29 -12 12.5
      vertex -29 0 11.3
      vertex -29 -12 11.3
    endloop
  endfacet
  facet normal -1 0 0
    outer loop
      vertex -29 0 11.3
      vertex -29 -12 12.5
      vertex -29 0 14.3576
    endloop
  endfacet
  facet normal 1 -0 0
    outer loop
      vertex -25 -12 12.5
      vertex -25 0 11.3
      vertex -25 0 14.3576
    endloop
  endfacet
  facet normal 1 0 0
    outer loop
      vertex -25 0 11.3
      vertex -25 -12 12.5
      vertex -25 -12 11.3
    endloop
  endfacet
  facet normal 0 0 -1
    outer loop
      vertex -29 -12 11.3
      vertex -25 0 11.3
      vertex -25 -12 11.3
    endloop
  endfacet
  facet normal -0 0 -1
    outer loop
      vertex -25 0 11.3
      vertex -29 -12 11.3
      vertex -29 0 11.3
    endloop
  endfacet
  facet normal 0 -1 0
    outer loop
      vertex -29 -12 11.3
      vertex -25 -12 12.5
      vertex -29 -12 12.5
    endloop
  endfacet
  facet normal 0 -1 -0
    outer loop
      vertex -25 -12 12.5
      vertex -29 -12 11.3
      vertex -25 -12 11.3
    endloop
  endfacet
  facet normal 0 -0.152978 0.98823
    outer loop
      vertex -29 0 14.3576
      vertex -25 -12 12.5
      vertex -25 0 14.3576
    endloop
  endfacet
  facet normal 0 -0.152978 0.98823
    outer loop
      vertex -25 -12 12.5
      vertex -29 0 14.3576
      vertex -29 -12 12.5
    endloop
  endfacet
  facet normal -1 0 0
    outer loop
      vertex -14.25 -12 12.5
      vertex -14.25 0 11.3
      vertex -14.25 -12 11.3
    endloop
  endfacet
  facet normal -1 0 0
    outer loop
      vertex -14.25 0 11.3
      vertex -14.25 -12 12.5
      vertex -14.25 0 14.3576
    endloop
  endfacet
  facet normal 1 -0 0
    outer loop
      vertex -10.25 -12 12.5
      vertex -10.25 0 11.3
      vertex -10.25 0 14.3576
    endloop
  endfacet
  facet normal 1 0 0
    outer loop
      vertex -10.25 0 11.3
      vertex -10.25 -12 12.5
      vertex -10.25 -12 11.3
    endloop
  endfacet
  facet normal 0 0 -1
    outer loop
      vertex -14.25 -12 11.3
      vertex -10.25 0 11.3
      vertex -10.25 -12 11.3
    endloop
  endfacet
  facet normal -0 0 -1
    outer loop
      vertex -10.25 0 11.3
      vertex -14.25 -12 11.3
      vertex -14.25 0 11.3
    endloop
  endfacet
  facet normal 0 -1 0
    outer loop
      vertex -14.25 -12 11.3
      vertex -10.25 -12 12.5
      vertex -14.25 -12 12.5
    endloop
  endfacet
  facet normal 0 -1 -0
    outer loop
      vertex -10.25 -12 12.5
      vertex -14.25 -12 11.3
      vertex -10.25 -12 11.3
    endloop
  endfacet
  facet normal 0 -0.152978 0.98823
    outer loop
      vertex -14.25 0 14.3576
      vertex -10.25 -12 12.5
      vertex -10.25 0 14.3576
    endloop
  endfacet
  facet normal 0 -0.152978 0.98823
    outer loop
      vertex -10.25 -12 12.5
      vertex -14.25 0 14.3576
      vertex -14.25 -12 12.5
    endloop
  endfacet
  facet normal -1 0 0
    outer loop
      vertex -50.95 -9.5 5.3
      vertex -50.95 -6.5 9.3
      vertex -50.95 -6.5 5.3
    endloop
  endfacet
  facet normal -1 -0 0
    outer loop
      vertex -50.95 -6.5 9.3
      vertex -50.95 -9.5 5.3
      vertex -50.95 -9.5 9.3
    endloop
  endfacet
  facet normal 1 -0 0
    outer loop
      vertex -49.55 -9.5 9.3
      vertex -49.55 -6.5 5.3
      vertex -49.55 -6.5 9.3
    endloop
  endfacet
  facet normal 1 0 0
    outer loop
      vertex -49.55 -6.5 5.3
      vertex -49.55 -9.5 9.3
      vertex -49.55 -9.5 5.3
    endloop
  endfacet
  facet normal 0 0 -1
    outer loop
      vertex -50.95 -9.5 5.3
      vertex -49.55 -6.5 5.3
      vertex -49.55 -9.5 5.3
    endloop
  endfacet
  facet normal -0 0 -1
    outer loop
      vertex -49.55 -6.5 5.3
      vertex -50.95 -9.5 5.3
      vertex -50.95 -6.5 5.3
    endloop
  endfacet
  facet normal 0 -1 0
    outer loop
      vertex -50.95 -9.5 5.3
      vertex -49.55 -9.5 9.3
      vertex -50.95 -9.5 9.3
    endloop
  endfacet
  facet normal 0 -1 -0
    outer loop
      vertex -49.55 -9.5 9.3
      vertex -50.95 -9.5 5.3
      vertex -49.55 -9.5 5.3
    endloop
  endfacet
  facet normal 0 1 -0
    outer loop
      vertex -49.55 -6.5 5.3
      vertex -50.95 -6.5 9.3
      vertex -49.55 -6.5 9.3
    endloop
  endfacet
  facet normal 0 1 0
    outer loop
      vertex -50.95 -6.5 9.3
      vertex -49.55 -6.5 5.3
      vertex -50.95 -6.5 5.3
    endloop
  endfacet
  facet normal 0.707101 -0.707112 0
    outer loop
      vertex 15.4 0 -13
      vertex 16 0.599991 27
      vertex 15.4 0 27
    endloop
  endfacet
  facet normal 0.707101 -0.707112 0
    outer loop
      vertex 16 0.599991 27
      vertex 15.4 0 -13
      vertex 16 0.599991 -13
    endloop
  endfacet
  facet normal 1 -0 0
    outer loop
      vertex 16 0.599991 27
      vertex 16 1 -13
      vertex 16 1 27
    endloop
  endfacet
  facet normal 1 0 0
    outer loop
      vertex 16 1 -13
      vertex 16 0.599991 27
      vertex 16 0.599991 -13
    endloop
  endfacet
  facet normal -1 0 0
    outer loop
      vertex -66.1 0 -13
      vertex -66.1 1 27
      vertex -66.1 1 -13
    endloop
  endfacet
  facet normal -1 -0 0
    outer loop
      vertex -66.1 1 27
      vertex -66.1 0 -13
      vertex -66.1 0 27
    endloop
  endfacet
  facet normal 0 0 1
    outer loop
      vertex 16 1 27
      vertex 15.4 0 27
      vertex 16 0.599991 27
    endloop
  endfacet
  facet normal -0 0 1
    outer loop
      vertex -66.1 1 27
      vertex 15.4 0 27
      vertex 16 1 27
    endloop
  endfacet
  facet normal 0 0 1
    outer loop
      vertex 15.4 0 27
      vertex -66.1 1 27
      vertex -66.1 0 27
    endloop
  endfacet
  facet normal 0 0 -1
    outer loop
      vertex 15.4 0 -13
      vertex 16 1 -13
      vertex 16 0.599991 -13
    endloop
  endfacet
  facet normal 0 0 -1
    outer loop
      vertex -66.1 1 -13
      vertex 15.4 0 -13
      vertex -66.1 0 -13
    endloop
  endfacet
  facet normal 0 0 -1
    outer loop
      vertex 15.4 0 -13
      vertex -66.1 1 -13
      vertex 16 1 -13
    endloop
  endfacet
endsolid OpenSCAD_Model
